player,stat,line,side,odds,dollar_win,our_mean,confidence_pct,source,game,actual,hit,exclude_from_calibration,implied_sd,naive_conf,flip,confidence_pct_t_corrected
Mason Taylor,Receptions,0.5,Over,-1800,0.06,2.1,97.7,,NYJ @ TEN,2.0,True,False,0.8018469300498109,97.7,False,94.16354740212954
Jeremiyah Love,rush_yds,14.5,Over,-1400,0.07,66.8,96.9,,ARI @ LAC,41.0,True,False,28.023425645868937,96.9,False,93.22949231645643
Stefon Diggs,Receptions,1.5,Over,-1600,0.06,4.3,96.6,,WAS @ PHI,4.0,True,False,1.534240840941702,96.6,False,92.89756812645969
Malik Nabers,rec,2.5,Over,-900,0.11,5.62,96.0,,DAL @ NYG,6.0,True,False,1.7821584641776673,96.0,False,92.25539770080246
Malik Willis,pass_yds,99.5,Over,-1400,0.07,243.5,95.8,,MIA @ LV,220.0,True,False,83.33650077681052,95.8,False,92.0466783407023
Ladd McConkey,rec,2.5,Over,-900,0.11,7.3,95.5,,ARI @ LAC,5.0,True,False,2.831194103258244,95.5,False,91.737806141505
Jeremiyah Love,rush_yds,19.5,Over,-600,0.17,66.8,95.3,,ARI @ LAC,41.0,True,False,28.24445673280784,95.3,False,91.5344222682513
Kendrick Bourne,rec,0.5,Over,-1200,0.08,2.36,95.2,,ARI @ LAC,8.0,True,False,1.1174104885747995,95.2,False,91.43342722118672
Chris Bell,rec,0.5,Over,-700,0.14,4.2,95.1,,MIA @ LV,1.0,True,False,2.236152306353974,95.1,False,91.3328717179125
Jalen Hurts,Pass Yards,125.0,Over,-1600,0.06,240.0,95.1,model,WAS @ PHI,203.0,True,False,69.50203114343432,95.1,False,91.33287171791248
Malik Washington,rec,1.5,Over,-470,0.21,4.37,94.9,,MIA @ LV,3.0,True,False,1.7551004767460634,94.9,False,91.13301018212086
Theo Johnson,rec,0.5,Over,-650,0.15,2.18,94.6,,DAL @ NYG,1.0,True,False,1.0452650200796154,94.6,False,90.83610514659514
Caleb Douglas,rec,0.5,Over,-1200,0.08,3.39,94.6,,MIA @ LV,5.0,True,False,1.7981047071607668,94.6,False,90.83610514659514
Makai Lemon,Receptions,0.5,Over,-1450,0.07,4.0,94.5,,WAS @ PHI,3.0,True,False,2.1899731093633825,94.5,False,90.73784915552294
Jake Ferguson,rec,1.5,Over,-1100,0.09,3.42,94.4,,DAL @ NYG,2.0,True,False,1.2081036899552788,94.40000000000002,False,90.63992738212764
Amon-Ra St. Brown,Receptions,3.5,Over,-1400,0.07,7.9,94.3,,DET @ NO,10.0,True,False,2.78398758441266,94.3,False,90.5423275885611
Cam Ward,Pass Yards,125.0,Over,-1000,0.1,221.1,94.1,model,NYJ @ TEN,140.0,True,False,61.47552859288391,94.1,False,90.34804780254535
Ja'Marr Chase,Receptions,4.5,Over,-670,0.15,10.2,94.1,,CIN @ TB,2.0,False,False,3.6463112692969646,94.1,False,90.34804780254535
Ladd McConkey,rec_yds,19.5,Over,-1450,0.07,87.3,93.9,,ARI @ LAC,82.0,True,False,43.84282709947249,93.9,False,90.15492266970662
Jared Goff,Pass Yards,175.0,Over,-1400,0.07,289.9,93.9,model,DET @ NO,206.0,True,False,74.30001229689363,93.9,False,90.15492266970662
George Pickens,rec,2.5,Over,-1200,0.08,6.03,93.8,,DAL @ NYG,3.0,True,False,2.2948918342387934,93.8,False,90.05876796265366
DK Metcalf,Receptions,1.5,Over,-1450,0.07,3.8,93.7,,PIT @ ATL,4.0,True,False,1.5032015695458378,93.7,False,89.96287262297761
Kirk Cousins,pass_yds,124.5,Over,-1400,0.07,241.3,93.5,,MIA @ LV,160.0,True,False,77.14144005437565,93.5,False,89.77182479335269
DeVonta Smith,Receptions,2.5,Over,-1400,0.07,6.1,93.4,,WAS @ PHI,3.0,True,False,2.3900228920143562,93.40000000000002,False,89.67665558538314
Jeremiyah Love,rush_yds,24.5,Over,-340,0.29,66.8,93.4,,ARI @ LAC,41.0,True,False,28.082768981168687,93.40000000000002,False,89.67665558538314
Michael Pittman,Rec Yards,14.5,Over,-850,0.12,51.5,93.3,,PIT @ ATL,58.0,True,False,24.691142702109257,93.3,False,89.58171226890265
Stefon Diggs,Rec Yards,14.5,Over,-1000,0.1,50.3,93.2,,WAS @ PHI,55.0,True,False,24.013092819633428,93.2,False,89.48698730582723
Kenyon Sadiq,Receptions,0.5,Over,-490,0.2,2.6,93.0,,NYJ @ TEN,3.0,True,False,1.4229656908749317,93.0,False,89.29816375763181
CeeDee Lamb,rec,3.5,Over,-800,0.12,6.89,92.9,,DAL @ NYG,5.0,True,False,2.3086607221151416,92.9,False,89.20405152076478
Jack Bech,rec,0.5,Over,-750,0.13,2.06,92.8,,MIA @ LV,3.0,True,False,1.0677206846168608,92.8,False,89.11013030567972
DK Metcalf,Rec Yards,14.5,Over,-1400,0.07,53.4,92.8,,PIT @ ATL,40.0,True,False,26.62457348179223,92.8,False,89.11013030567972
Aaron Jones,rush_yds,9.5,Over,-1200,0.08,39.8,92.7,,GB @ MIN,40.0,True,False,20.841840327401204,92.7,False,89.01639391417278
Baker Mayfield,Pass Yards,150.0,Over,-1100,0.09,262.1,92.6,model,CIN @ TB,216.0,True,False,77.4903325765146,92.6,False,88.92283637683504
DeVonta Smith,Rec Yards,24.5,Over,-1450,0.07,80.5,92.6,,WAS @ PHI,53.0,True,False,38.710603249641544,92.6,False,88.92283637683504
Jordan Mason,rush_yds,14.5,Over,-1400,0.07,51.5,92.6,,GB @ MIN,59.0,True,False,25.57664857565602,92.6,False,88.92283637683504
Keenan Allen,Rec Yards,9.5,Over,-600,0.17,34.6,92.5,,IND @ BAL,32.0,True,False,17.43622873603233,92.5,False,88.82945194187461
Ladd McConkey,rec_yds,24.5,Over,-850,0.12,87.3,92.5,,ARI @ LAC,82.0,True,False,43.62530536345937,92.5,False,88.82945194187461
Jauan Jennings,rec,0.5,Over,-1450,0.07,2.02,92.5,,GB @ MIN,0.0,False,False,1.0558991107079339,92.5,False,88.82945194187461
Justin Herbert,pass_yds,149.5,Over,-1000,0.1,266.3,92.5,,ARI @ LAC,209.0,True,False,81.13751061229388,92.5,False,88.82945194187461
Dallas Goedert,Receptions,1.5,Over,-1100,0.09,3.8,92.5,,WAS @ PHI,4.0,True,False,1.597742075413321,92.5,False,88.82945194187461
Malik Willis,pass_yds,124.5,Over,-550,0.18,243.5,92.4,,MIA @ LV,220.0,True,False,83.07139544656407,92.4,False,88.73623506462525
Mike Gesicki,Receptions,0.5,Over,-1600,0.06,1.9,92.3,,CIN @ TB,5.0,True,False,0.9820812009899282,92.3,False,88.64318039769124
Tee Higgins,Receptions,2.5,Over,-1100,0.09,5.9,92.2,,CIN @ TB,3.0,True,False,2.3966384362908144,92.2,False,88.55028278168233
Baker Mayfield,Rush Yards,5.0,Over,-670,0.15,27.2,92.2,"model (real historical SD, corrected)",CIN @ TB,31.0,True,False,15.648639201663551,92.2,False,88.55028278168233
Dallas Goedert,Rec Yards,9.5,Over,-1450,0.07,48.5,92.0,,WAS @ PHI,77.0,True,False,27.756593401837588,92.00000000000001,False,88.36493895310772
Keenan Allen,Receptions,1.5,Over,-670,0.15,3.1,92.0,,IND @ BAL,6.0,True,False,1.1387320369984653,92.00000000000001,False,88.36493895310772
Ja'Marr Chase,Rec Yards,39.5,Over,-1400,0.07,117.8,91.6,,CIN @ TB,12.0,False,False,56.79433087707648,91.6,False,87.99592782369518
Terry McLaurin,Rec Yards,14.5,Over,-1800,0.06,53.1,91.6,,WAS @ PHI,14.0,False,False,27.99822697133017,91.6,False,87.99592782369518
Jayden Daniels,Pass Yards,125.0,Over,-1450,0.07,199.1,91.5,model,WAS @ PHI,164.0,True,False,54.00072461106889,91.5,False,87.90399918401671
Trey McBride,rec,3.5,Over,-750,0.13,6.31,91.4,,ARI @ LAC,9.0,True,False,2.0573938758221355,91.4,False,87.81219214063978
Cooper Rush,Pass Yards,100.0,Over,-1800,0.06,175.0,91.4,ESTIMATE (not in model -- recent starter change),PIT @ ATL,143.0,True,False,54.9126479311958,91.4,False,87.81219214063978
Tyler Warren,Rec Yards,14.5,Over,-1600,0.06,49.5,91.4,,IND @ BAL,13.0,False,False,25.625902367891374,91.4,False,87.81219214063978
George Pickens,rec_yds,24.5,Over,-1600,0.06,83.5,91.3,,DAL @ NYG,28.0,True,False,43.39949748446238,91.3,False,87.72050288816754
Darnell Washington,Receptions,0.5,Over,-900,0.11,1.3,91.2,,PIT @ ATL,2.0,True,False,0.5912025420462024,91.2,False,87.62892774119558
Darnell Mooney,rec,0.5,Over,-600,0.17,1.52,91.1,,DAL @ NYG,2.0,True,False,0.7572728112680086,91.1,False,87.53746312937605
Jalen Nailor,rec,1.5,Over,-700,0.14,5.02,91.1,,MIA @ LV,3.0,True,False,2.6133336231994018,91.1,False,87.53746312937605
Ladd McConkey,rec,3.5,Over,-320,0.31,7.3,91.1,,ARI @ LAC,5.0,True,False,2.821212434135718,91.1,False,87.53746312937605
Cade Otton,Receptions,1.5,Over,-750,0.13,3.2,91.0,,CIN @ TB,3.0,True,False,1.267942284222509,91.00000000000001,False,87.44610559273808
Tucker Kraft,rec_yds,14.5,Over,-1400,0.07,60.2,91.0,,GB @ MIN,65.0,True,False,34.08527199351098,90.99999999999999,False,87.44610559273808
Chris Godwin Jr.,Rec Yards,14.5,Over,-1450,0.07,49.3,91.0,,CIN @ TB,40.0,True,False,25.955524406437238,91.00000000000001,False,87.44610559273808
Jayden Reed,rec,1.5,Over,-1200,0.08,3.61,91.0,,GB @ MIN,3.0,True,False,1.5737401292408786,91.00000000000001,False,87.44610559273808
Jeremiyah Love,rush_yds,29.5,Over,-225,0.44,66.8,90.8,,ARI @ LAC,41.0,True,False,28.07594716228398,90.8,False,87.26369843059501
Ladd McConkey,rec_yds,29.5,Over,-550,0.18,87.3,90.7,,ARI @ LAC,82.0,True,False,43.704934214884375,90.7,False,87.17264239818745
Aaron Rodgers,Pass Yards,125.0,Over,-1400,0.07,202.5,90.7,model,PIT @ ATL,221.0,True,False,58.60090660300241,90.7,False,87.17264239818745
Drake London,Rec Yards,19.5,Over,-1400,0.07,71.5,90.5,,PIT @ ATL,29.0,True,False,39.67711641151896,90.49999999999999,False,86.99081012370091
Ja'Marr Chase,Receptions,5.5,Over,-310,0.32,10.2,90.5,,CIN @ TB,2.0,False,False,3.5862009064257516,90.49999999999999,False,86.99081012370091
Mark Andrews,Rec Yards,9.5,Over,-1400,0.07,43.3,90.5,,IND @ BAL,49.0,True,False,25.790125667487324,90.49999999999999,False,86.99081012370091
DeVonta Smith,Rec Yards,29.5,Over,-900,0.11,80.5,90.4,,WAS @ PHI,53.0,True,False,39.08988372017107,90.4,False,86.90002802772014
Chris Olave,Receptions,3.5,Over,-1000,0.1,7.1,90.4,,DET @ NO,10.0,True,False,2.7592859096591345,90.4,False,86.90002802772014
Malik Nabers,rec_yds,19.5,Over,-1400,0.07,62.6,90.3,,DAL @ NYG,69.0,True,False,33.18354203816404,90.3,False,86.80933153146324
Jacory Croskey-Merritt,Rush Yards,15.0,Over,-1450,0.07,50.2,90.3,model,WAS @ PHI,63.0,True,False,27.10117586411541,90.3,False,86.80933153146324
Devaughn Vele,Rec Yards,9.5,Over,-1450,0.07,43.7,90.3,,DET @ NO,69.0,True,False,26.3312560952485,90.3,False,86.80933153146324
DK Metcalf,Rec Yards,19.5,Over,-750,0.13,53.4,90.2,,PIT @ ATL,40.0,True,False,26.21744908512482,90.19999999999999,False,86.71871791544626
Jacoby Brissett,pass_yds,149.5,Over,-750,0.13,229.8,90.1,,ARI @ LAC,277.0,True,False,62.38004837625316,90.1,False,86.62818453767133
Quentin Johnston,rec,1.5,Over,-750,0.13,4.56,90.1,,ARI @ LAC,2.0,True,False,2.377122640489846,90.1,False,86.62818453767133
Jalen Hurts,Pass Yards,150.0,Over,-670,0.15,240.0,90.0,model,WAS @ PHI,203.0,True,False,70.22737314651413,89.99999999999999,False,86.5377288307924
Stefon Diggs,Rec Yards,19.5,Over,-580,0.17,50.3,90.0,,WAS @ PHI,55.0,True,False,24.033367699029274,89.99999999999999,False,86.5377288307924
Michael Pittman,Rec Yards,19.5,Over,-470,0.21,51.5,90.0,,PIT @ ATL,58.0,True,False,24.96973267431613,89.99999999999999,False,86.5377288307924
T.J. Hockenson,rec_yds,4.5,Over,-1400,0.07,29.9,90.0,,GB @ MIN,36.0,True,False,19.81972531023843,89.99999999999999,False,86.5377288307924
Geno Smith,Pass Yards,125.0,Over,-1600,0.06,217.2,89.9,model,NYJ @ TEN,215.0,True,False,72.26417895022175,89.89999999999999,False,86.44734829941163
Garrett Wilson,Receptions,2.5,Over,-1800,0.06,5.6,89.9,,NYJ @ TEN,6.0,True,False,2.4297066675237247,89.89999999999999,False,86.44734829941163
Bucky Irving,Receptions,0.5,Over,-1100,0.09,2.9,89.8,,CIN @ TB,7.0,True,False,1.8894102628438605,89.8,False,86.35704051749957
Dak Prescott,pass_yds,174.5,Over,-1450,0.07,273.0,89.7,,DAL @ NYG,175.0,True,False,77.8877083960344,89.7,False,86.26680312593213
Michael Wilson,rec,1.5,Over,-1100,0.09,3.87,89.6,,ARI @ LAC,5.0,True,False,1.88232082755601,89.6,False,86.17663383013809
Jared Goff,Rush Yards,0.5,Over,142,1.42,8.4,89.6,"model (real historical SD, corrected)",DET @ NO,2.0,True,False,6.274402758520033,89.6,False,86.17663383013809
Kendrick Bourne,rec_yds,4.5,Over,-600,0.17,28.2,89.5,,ARI @ LAC,75.0,True,False,18.90607324729515,89.5,False,86.08653039785112
Derrick Henry,Rush Yards,40.0,Over,-1100,0.09,95.1,89.5,model,IND @ BAL,144.0,True,False,43.95462598843725,89.5,False,86.08653039785112
Drake London,Receptions,2.5,Over,-1100,0.09,5.6,89.5,,PIT @ ATL,2.0,False,False,2.472946289730589,89.5,False,86.08653039785112
George Pickens,rec_yds,29.5,Over,-1000,0.1,83.5,89.4,,DAL @ NYG,28.0,False,False,43.266290494485865,89.4,False,85.99649065696072
Tre Harris,rec_yds,4.5,Over,-1200,0.08,35.3,89.4,,ARI @ LAC,20.0,True,False,24.67781013389194,89.4,False,85.99649065696072
Chris Olave,Rec Yards,39.5,Over,-750,0.13,85.0,89.2,,DET @ NO,182.0,True,False,36.77556385085536,89.20000000000002,False,85.81659384946394
T.J. Hockenson,rec,1.5,Over,-550,0.18,2.92,89.2,,GB @ MIN,4.0,True,False,1.1477208938069146,89.20000000000002,False,85.81659384946394
Jordan Mason,rush_yds,19.5,Over,-670,0.15,51.5,89.2,,GB @ MIN,59.0,True,False,25.864132818183993,89.20000000000002,False,85.81659384946394
Michael Pittman,Receptions,2.5,Over,-470,0.21,4.7,89.1,,PIT @ ATL,3.0,True,False,1.7859118540469137,89.1,False,85.72673272135731
Greg Dulcich,rec_yds,4.5,Over,-1400,0.07,44.7,89.1,,MIA @ LV,18.0,True,False,32.63348024212997,89.1,False,85.72673272135731
Dallas Goedert,Rec Yards,14.5,Over,-700,0.14,48.5,89.0,,WAS @ PHI,77.0,True,False,27.72052221598078,89.00000000000001,False,85.63692715796192
Pat Freiermuth,Rec Yards,4.5,Over,-1450,0.07,21.3,89.0,,PIT @ ATL,46.0,True,False,13.697199212602268,89.00000000000001,False,85.63692715796192
Andrei Iosivas,Receptions,0.5,Over,-450,0.22,2.2,88.9,,CIN @ TB,2.0,True,False,1.392042340056062,88.9,False,85.54717525882498
Trey McBride,rec_yds,24.5,Over,-1200,0.08,59.9,88.8,,ARI @ LAC,95.0,True,False,29.11278971442242,88.80000000000001,False,85.45747517256123
Chig Okonkwo,Rec Yards,4.5,Over,-1450,0.07,27.7,88.8,,WAS @ PHI,16.0,True,False,19.079568400412434,88.80000000000001,False,85.45747517256123
Amon-Ra St. Brown,Rec Yards,39.5,Over,-850,0.12,95.0,88.8,,DET @ NO,67.0,True,False,45.64293302684871,88.80000000000001,False,85.45747517256123
Carnell Tate,Receptions,1.5,Over,-750,0.13,4.1,88.8,,NYJ @ TEN,4.0,True,False,2.1382274931496688,88.80000000000001,False,85.45747517256123
Amon-Ra St. Brown,Receptions,4.5,Over,-470,0.21,7.9,88.8,,DET @ NO,10.0,True,False,2.7961436448880295,88.80000000000001,False,85.45747517256123
Lamar Jackson,Pass Yards,150.0,Over,-850,0.12,220.1,88.7,model,IND @ BAL,324.0,True,False,57.89909063850668,88.7,False,85.36782509526653
Jared Goff,Pass Yards,200.0,Over,-580,0.17,289.9,88.7,model,DET @ NO,206.0,True,False,74.252899406587,88.7,False,85.36782509526653
Terry McLaurin,Rec Yards,19.5,Over,-1000,0.1,53.1,88.7,,WAS @ PHI,14.0,False,False,27.75191790946968,88.7,False,85.36782509526653
Joe Burrow,Pass Yards,175.0,Over,-1400,0.07,283.3,88.7,model,CIN @ TB,254.0,True,False,89.45037826177281,88.7,False,85.36782509526653
Tony Pollard,Rush Yards,20.0,Over,-1800,0.06,63.1,88.7,model,NYJ @ TEN,35.0,True,False,35.59844231839712,88.7,False,85.36782509526653
Aaron Jones,rush_yds,14.5,Over,-500,0.2,39.8,88.6,,GB @ MIN,40.0,True,False,20.98667577072817,88.6,False,85.27822326899621
De'Von Achane,rec,1.5,Over,-1600,0.06,5.02,88.6,,MIA @ LV,4.0,True,False,2.9198853246230496,88.6,False,85.27822326899621
Tucker Kraft,rec_yds,19.5,Over,-700,0.14,60.2,88.5,,GB @ MIN,65.0,True,False,33.90652697541361,88.5,False,85.18866798030538
Ja'Marr Chase,Rec Yards,49.5,Over,-600,0.17,117.8,88.5,,CIN @ TB,12.0,False,False,56.89965091942874,88.5,False,85.18866798030538
Chris Bell,rec,1.5,Over,-158,0.63,4.2,88.5,,MIA @ LV,1.0,False,False,2.249327342349306,88.5,False,85.18866798030538
Tyler Warren,Receptions,2.5,Over,-750,0.13,4.5,88.5,,IND @ BAL,3.0,True,False,1.6661684017402265,88.5,False,85.18866798030538
Wan'Dale Robinson,Rec Yards,14.5,Over,-1100,0.09,44.1,88.3,,NYJ @ TEN,38.0,True,False,24.871482456339493,88.3,False,85.00969037603005
Rachaad White,Receptions,0.5,Over,-1400,0.07,2.3,88.3,,WAS @ PHI,2.0,True,False,1.512455014236861,88.3,False,85.00969037603005
Sam LaPorta,Rec Yards,14.5,Over,-1200,0.08,47.8,88.3,,DET @ NO,48.0,True,False,27.980417763381926,88.3,False,85.00969037603005
Jordan Love,pass_yds,149.5,Over,-1800,0.06,215.9,88.3,,GB @ MIN,387.0,True,False,55.79278496962643,88.3,False,85.00969037603005
Kirk Cousins,pass_yds,149.5,Over,-550,0.18,241.3,88.3,,MIA @ LV,160.0,True,False,77.13520572607992,88.3,False,85.00969037603005
Ashton Jeanty,rush_yds,24.5,Over,-1600,0.06,78.0,88.2,,MIA @ LV,102.0,True,False,45.14599814477289,88.20000000000002,False,84.92026484372104
Chris Bell,rec_yds,4.5,Over,-450,0.22,49.7,88.2,,MIA @ LV,25.0,True,False,38.1420395540885,88.20000000000002,False,84.92026484372104
Makai Lemon,Rec Yards,4.5,Over,-850,0.12,40.2,88.2,,WAS @ PHI,-5.0,False,False,30.125460444269013,88.20000000000002,False,84.92026484372104
Drake London,Rec Yards,24.5,Over,-750,0.13,71.5,88.2,,PIT @ ATL,29.0,True,False,39.66097033279114,88.20000000000002,False,84.92026484372104
Tee Higgins,Rec Yards,24.5,Over,-1200,0.08,78.0,88.2,,CIN @ TB,59.0,True,False,45.14599814477289,88.20000000000002,False,84.92026484372104
Malik Nabers,rec,3.5,Over,-330,0.3,5.62,88.1,,DAL @ NYG,6.0,True,False,1.7966093467849327,88.09999999999998,False,84.83087941300894
Joe Burrow,Pass TDs,1.0,Over,-1600,0.06,2.104,88.1,model,CIN @ TB,1.0,True,False,0.9355927919106443,88.09999999999998,False,84.83087941300894
Justin Herbert,rush_yds,4.5,Over,-1200,0.08,18.8,88.1,,ARI @ LAC,29.0,True,False,12.118638518407801,88.09999999999998,False,84.83087941300894
Rashod Bateman,Receptions,0.5,Over,-1200,0.08,1.6,88.1,,IND @ BAL,0.0,False,False,0.9322029629544463,88.09999999999998,False,84.83087941300894
Mark Andrews,Receptions,1.5,Over,-700,0.14,3.5,88.1,,IND @ BAL,4.0,True,False,1.694914478098993,88.09999999999998,False,84.83087941300894
Chris Godwin Jr.,Receptions,2.5,Over,-500,0.2,4.2,88.0,,CIN @ TB,4.0,True,False,1.4468247740987195,88.00000000000001,False,84.74153257300914
Theo Johnson,rec_yds,4.5,Over,-420,0.24,24.5,88.0,,DAL @ NYG,9.0,True,False,17.021467930573166,88.00000000000001,False,84.74153257300914
Tyler Allgeier,rush_yds,14.5,Over,-1400,0.07,28.6,88.0,,ARI @ LAC,61.0,True,False,12.000134891054085,88.00000000000001,False,84.74153257300914
Tyler Warren,Rec Yards,19.5,Over,-900,0.11,49.5,88.0,,IND @ BAL,13.0,False,False,25.532201895859753,88.00000000000001,False,84.74153257300914
Wan'Dale Robinson,Receptions,2.5,Over,-600,0.17,4.4,88.0,,NYJ @ TEN,5.0,True,False,1.6170394534044512,88.00000000000001,False,84.74153257300914
Cam Ward,Pass Yards,150.0,Over,-450,0.22,221.1,87.9,model,NYJ @ TEN,140.0,False,False,60.76910572508449,87.9,False,84.65222284971668
Stefon Diggs,Receptions,2.5,Over,-400,0.25,4.3,87.9,,WAS @ PHI,4.0,True,False,1.5384583727869492,87.9,False,84.65222284971668
Quentin Johnston,rec_yds,9.5,Over,-1600,0.06,53.8,87.7,,ARI @ LAC,17.0,True,False,38.18570877824933,87.70000000000002,False,84.47370903505603
Isaiah Likely,rec,1.5,Over,-800,0.12,3.07,87.6,,DAL @ NYG,8.0,True,False,1.3590474969392383,87.6,False,84.38450217035569
Makai Lemon,Receptions,1.5,Over,-250,0.4,4.0,87.6,,WAS @ PHI,3.0,True,False,2.164088370922354,87.6,False,84.38450217035569
Keenan Allen,Rec Yards,14.5,Over,-330,0.3,34.6,87.6,,IND @ BAL,32.0,True,False,17.399270502215728,87.6,False,84.38450217035569
Emeka Egbuka,Rec Yards,19.5,Over,-1450,0.07,63.3,87.6,,CIN @ TB,63.0,True,False,37.91482825855964,87.6,False,84.38450217035569
Justin Herbert,pass_yds,174.5,Over,-470,0.21,266.3,87.5,,ARI @ LAC,209.0,True,False,79.80184243676811,87.5,False,84.29532687369378
Jalen Nailor,rec_yds,9.5,Over,-1200,0.08,64.6,87.5,,MIA @ LV,27.0,True,False,47.89849148437824,87.5,False,84.29532687369378
Alec Pierce,Rec Yards,9.5,Over,-1450,0.07,45.4,87.4,,IND @ BAL,61.0,True,False,31.339887714117147,87.4,False,84.2061818397255
Malik Nabers,rec_yds,24.5,Over,-750,0.13,62.6,87.4,,DAL @ NYG,69.0,True,False,33.26043793615219,87.4,False,84.2061818397255
Marvin Harrison Jr.,rec_yds,14.5,Over,-1400,0.07,49.5,87.3,,ARI @ LAC,33.0,True,False,30.683250869356137,87.29999999999998,False,84.11706579395764
Gunnar Helm,Rec Yards,4.5,Over,-900,0.11,19.7,87.2,,NYJ @ TEN,28.0,True,False,13.381504152183556,87.20000000000002,False,84.02797749186999
Chris Godwin Jr.,Rec Yards,19.5,Over,-750,0.13,49.3,87.1,,CIN @ TB,40.0,True,False,26.345315098284317,87.1,False,83.93891571806807
Jared Goff,Pass TDs,1.0,Over,-1400,0.07,2.042,87.1,model,DET @ NO,2.0,True,False,0.9212019574634985,87.1,False,83.93891571806807
Malik Willis,pass_yds,149.5,Over,-260,0.38,243.5,87.1,,MIA @ LV,220.0,True,False,83.10267178653443,87.1,False,83.93891571806807
Devaughn Vele,Receptions,1.5,Over,-900,0.11,4.0,87.0,,DET @ NO,7.0,True,False,2.2194777067654647,87.0,False,83.84987928546674
Jordan Addison,rec_yds,9.5,Over,-1600,0.06,44.5,87.0,,GB @ MIN,0.0,False,False,31.072687894716505,87.0,False,83.84987928546674
KaVontae Turpin,rec,0.5,Over,-275,0.36,1.38,87.0,,DAL @ NYG,1.0,True,False,0.7812561527814434,87.0,False,83.84987928546674
Emeka Egbuka,Receptions,2.5,Over,-650,0.15,4.5,87.0,,CIN @ TB,5.0,True,False,1.7755821654123718,87.0,False,83.84987928546674
Jordan Addison,rec,1.5,Over,-850,0.12,3.48,86.9,,GB @ MIN,0.0,False,False,1.7652147929510094,86.9,False,83.76086703450255
Devaughn Vele,Rec Yards,14.5,Over,-750,0.13,43.7,86.8,,DET @ NO,69.0,True,False,26.141760928090125,86.80000000000001,False,83.6718778323741
Baker Mayfield,Pass Yards,175.0,Over,-470,0.21,262.1,86.8,model,CIN @ TB,216.0,True,False,77.9776498916661,86.80000000000001,False,83.6718778323741
Mark Andrews,Rec Yards,14.5,Over,-650,0.15,43.3,86.7,,IND @ BAL,49.0,True,False,25.89179786343606,86.7,False,83.58291057230906
Jacory Croskey-Merritt,Rush Yards,20.0,Over,-670,0.15,50.2,86.7,model,WAS @ PHI,63.0,True,False,27.150426926241988,86.7,False,83.58291057230906
Caleb Douglas,rec_yds,4.5,Over,-850,0.12,40.4,86.7,,MIA @ LV,94.0,True,False,32.27484525338037,86.7,False,83.58291057230906
DK Metcalf,Rec Yards,24.5,Over,-470,0.21,53.4,86.6,,PIT @ ATL,40.0,True,False,26.090565502502333,86.6,False,83.49396417285675
Kyle Pitts,Rec Yards,14.5,Over,-900,0.11,47.9,86.6,,PIT @ ATL,0.0,False,False,30.153110303930035,86.6,False,83.49396417285675
Jaxson Dart,pass_yds,124.5,Over,-1450,0.07,215.1,86.5,,DAL @ NYG,230.0,True,False,82.1349609691638,86.5,False,83.40503757720498
George Pickens,rec,3.5,Over,-360,0.28,6.03,86.5,,DAL @ NYG,3.0,False,False,2.293614252229409,86.5,False,83.40503757720498
Tre Tucker,rec,2.5,Over,-490,0.2,5.98,86.4,,MIA @ LV,2.0,False,False,3.1680473790255137,86.4,False,83.31612975252058
CeeDee Lamb,rec_yds,39.5,Over,-700,0.14,86.5,86.4,,DAL @ NYG,44.0,True,False,42.786846785689406,86.4,False,83.31612975252058
Tre Tucker,rec_yds,14.5,Over,-1400,0.07,64.6,86.4,,MIA @ LV,27.0,True,False,45.608957956660404,86.4,False,83.31612975252058
Ladd McConkey,rec_yds,39.5,Over,-275,0.36,87.3,86.4,,ARI @ LAC,82.0,True,False,43.51513353948837,86.4,False,83.31612975252058
Rico Dowdle,Rush Yards,20.0,Over,-1200,0.08,48.9,86.3,model,PIT @ ATL,15.0,False,False,26.419297872162332,86.29999999999998,False,83.22723968931226
Michael Pittman,Rec Yards,24.5,Over,-310,0.32,51.5,86.3,,PIT @ ATL,58.0,True,False,24.682389015514982,86.29999999999998,False,83.22723968931226
DeVonta Smith,Receptions,3.5,Over,-420,0.24,6.1,86.2,,WAS @ PHI,3.0,False,False,2.3867465186563988,86.2,False,83.13836640081512
Ashton Jeanty,rush_yds,29.5,Over,-900,0.11,78.0,86.1,,MIA @ LV,102.0,True,False,44.707748895444816,86.1,False,83.04950892239566
Baker Mayfield,Rush Yards,10.0,Over,-260,0.38,27.2,86.1,"model (real historical SD, corrected)",CIN @ TB,31.0,True,False,15.855119195910325,86.1,False,83.04950892239566
Jacoby Brissett,rush_yds,4.5,Over,-330,0.3,15.6,86.1,,ARI @ LAC,17.0,True,False,10.232082736895617,86.1,False,83.04950892239566
Chase Brown,Rush Yards,25.0,Over,-1400,0.07,65.8,86.1,model,CIN @ TB,56.0,True,False,37.609817627508214,86.1,False,83.04950892239566
Jameson Williams,Receptions,1.5,Over,-1600,0.06,4.3,85.8,,DET @ NO,4.0,True,False,2.613459397916576,85.79999999999998,False,82.783022021297
Greg Dulcich,rec_yds,9.5,Over,-550,0.18,44.7,85.8,,MIA @ LV,18.0,True,False,32.85491814523696,85.79999999999998,False,82.783022021297
Caleb Douglas,rec,1.5,Over,-230,0.43,3.39,85.8,,MIA @ LV,5.0,True,False,1.764085093593689,85.79999999999998,False,82.783022021297
Jayden Reed,rec_yds,14.5,Over,-1000,0.1,45.8,85.7,,GB @ MIN,20.0,True,False,29.336297694994965,85.69999999999997,False,82.6942185597505
Michael Mayer,rec,2.5,Over,-700,0.14,4.61,85.7,,MIA @ LV,6.0,True,False,1.9776226241673927,85.69999999999997,False,82.6942185597505
Michael Mayer,rec_yds,14.5,Over,-1100,0.09,40.9,85.7,,MIA @ LV,32.0,True,False,24.74371434977211,85.69999999999997,False,82.6942185597505
Tucker Kraft,rec_yds,24.5,Over,-440,0.23,60.2,85.7,,GB @ MIN,65.0,True,False,33.46025008662365,85.69999999999997,False,82.6942185597505
Tee Higgins,Rec Yards,29.5,Over,-700,0.14,78.0,85.7,,CIN @ TB,59.0,True,False,45.45720249863437,85.69999999999997,False,82.6942185597505
Rashod Bateman,Rec Yards,4.5,Over,-750,0.13,22.7,85.7,,IND @ BAL,0.0,False,False,17.05816671082774,85.69999999999997,False,82.6942185597505
Stefon Diggs,Rec Yards,24.5,Over,-360,0.28,50.3,85.6,,WAS @ PHI,55.0,True,False,24.28191181549268,85.6,False,82.6054263976101
Chris Bell,rec_yds,9.5,Over,-245,0.41,49.7,85.6,,MIA @ LV,25.0,True,False,37.834606782279295,85.6,False,82.6054263976101
Rachaad White,Rush Yards,10.0,Over,-750,0.13,29.5,85.6,model,WAS @ PHI,22.0,True,False,18.352607767523537,85.6,False,82.6054263976101
Tony Pollard,Rush Yards,25.0,Over,-850,0.12,63.1,85.6,model,NYJ @ TEN,35.0,True,False,35.85817209962291,85.6,False,82.6054263976101
Drake London,Rec Yards,29.5,Over,-490,0.2,71.5,85.5,,PIT @ ATL,29.0,False,False,39.69297980311385,85.5,False,82.51664469159552
Malik Washington,rec_yds,4.5,Over,-1450,0.07,42.9,85.5,,MIA @ LV,53.0,True,False,36.29072439141838,85.5,False,82.51664469159552
Daniel Jones,Pass Yards,150.0,Over,-1450,0.07,211.0,85.4,model,IND @ BAL,166.0,True,False,57.8888064938128,85.4,False,82.427872616907
Malik Washington,rec,2.5,Over,-158,0.63,4.37,85.4,,MIA @ LV,3.0,True,False,1.7746240679250809,85.4,False,82.427872616907
Tucker Kraft,rec,2.5,Over,-450,0.22,4.63,85.4,,GB @ MIN,3.0,True,False,2.0213632431446107,85.4,False,82.427872616907
Tre Harris,rec,1.5,Over,-320,0.31,3.54,85.3,,ARI @ LAC,3.0,True,False,1.9439919070607754,85.3,False,82.3391093667687
Garrett Wilson,Rec Yards,24.5,Over,-1200,0.08,64.1,85.3,,NYJ @ TEN,79.0,True,False,37.73631349000328,85.3,False,82.3391093667687
Jordan Mason,rush_yds,24.5,Over,-420,0.24,51.5,85.3,,GB @ MIN,59.0,True,False,25.72930465227497,85.3,False,82.3391093667687
Marvin Harrison Jr.,rec,1.5,Over,-1450,0.07,3.62,85.3,,ARI @ LAC,1.0,False,False,2.020226883808257,85.3,False,82.3391093667687
Tre Harris,rec_yds,9.5,Over,-500,0.2,35.3,85.3,,ARI @ LAC,20.0,True,False,24.585780001062744,85.3,False,82.3391093667687
Jalen Nailor,rec_yds,14.5,Over,-650,0.15,64.6,85.3,,MIA @ LV,27.0,True,False,47.74215418811021,85.3,False,82.3391093667687
Carnell Tate,Rec Yards,9.5,Over,-1200,0.08,40.9,85.3,,NYJ @ TEN,38.0,True,False,29.922228373386442,85.3,False,82.3391093667687
DeVonta Smith,Rec Yards,39.5,Over,-420,0.24,80.5,85.2,,WAS @ PHI,53.0,True,False,39.23258387941002,85.2,False,82.25035415198661
Jayden Daniels,Rush Yards,15.0,Over,-1200,0.08,42.8,85.2,"model (real historical SD, corrected)",WAS @ PHI,31.0,True,False,26.601605654819473,85.2,False,82.25035415198661
Dallas Goedert,Rec Yards,19.5,Over,-420,0.24,48.5,85.1,,WAS @ PHI,77.0,True,False,27.865005749398055,85.1,False,82.1616062005202
Michael Wilson,rec_yds,14.5,Over,-850,0.12,44.8,85.1,,ARI @ LAC,56.0,True,False,29.11412669678486,85.1,False,82.1616062005202
Breece Hall,Rec Yards,4.5,Over,-900,0.11,31.7,85.0,,NYJ @ TEN,16.0,True,False,26.24384767581147,85.00000000000001,False,82.07286475706745
CeeDee Lamb,rec,4.5,Over,-320,0.31,6.89,85.0,,DAL @ NYG,5.0,True,False,2.3059851450437283,85.00000000000001,False,82.07286475706745
Baker Mayfield,Pass TDs,1.0,Over,-550,0.18,1.905,85.0,model,CIN @ TB,0.0,False,False,0.8731868436253449,85.00000000000001,False,82.07286475706745
Jauan Jennings,rec_yds,4.5,Over,-750,0.13,24.8,85.0,,GB @ MIN,0.0,False,False,19.586401022756355,85.00000000000001,False,82.07286475706745
Quentin Johnston,rec_yds,14.5,Over,-800,0.12,53.8,85.0,,ARI @ LAC,17.0,True,False,37.918500502183484,85.00000000000001,False,82.07286475706745
Trey McBride,rec_yds,29.5,Over,-670,0.15,59.9,84.9,,ARI @ LAC,95.0,True,False,29.452970427110007,84.9,False,81.98412908266265
T.J. Hockenson,rec_yds,9.5,Over,-490,0.2,29.9,84.8,,GB @ MIN,36.0,True,False,19.84641702693419,84.8,False,81.89539845428666
Ja'Marr Chase,Receptions,6.5,Over,-158,0.63,10.2,84.8,,CIN @ TB,2.0,False,False,3.599595245081201,84.8,False,81.89539845428666
Cade Otton,Rec Yards,9.5,Over,-900,0.11,32.3,84.7,,CIN @ TB,26.0,True,False,22.273209385470253,84.7,False,81.80667216448902
Ja'Marr Chase,Rec Yards,59.5,Over,-350,0.29,117.8,84.6,,CIN @ TB,12.0,False,False,57.18895481856231,84.59999999999998,False,81.71794952102135
Terry McLaurin,Rec Yards,24.5,Over,-600,0.17,53.1,84.6,,WAS @ PHI,14.0,False,False,28.05495896759661,84.59999999999998,False,81.71794952102135
Bucky Irving,Rush Yards,25.0,Over,-1400,0.07,62.5,84.5,model,CIN @ TB,45.0,True,False,36.93773260729014,84.5,False,81.6292298464822
Makai Lemon,Rec Yards,9.5,Over,-420,0.24,40.2,84.5,,WAS @ PHI,-5.0,False,False,30.239690427834862,84.5,False,81.6292298464822
Sam LaPorta,Rec Yards,19.5,Over,-650,0.15,47.8,84.5,,DET @ NO,48.0,True,False,27.875675540968288,84.5,False,81.6292298464822
Derrick Henry,Rush Yards,50.0,Over,-500,0.2,95.1,84.5,model,IND @ BAL,144.0,True,False,44.42377974903427,84.5,False,81.6292298464822
Tee Higgins,Receptions,3.5,Over,-330,0.3,5.9,84.3,,CIN @ TB,3.0,False,False,2.3836380439118248,84.3,False,81.45179676675863
Emeka Egbuka,Rec Yards,24.5,Over,-900,0.11,63.3,84.3,,CIN @ TB,63.0,True,False,38.53548170990783,84.3,False,81.45179676675863
Greg Dulcich,rec,1.5,Over,-350,0.29,2.95,84.2,,MIA @ LV,2.0,True,False,1.4460787189122881,84.2,False,81.3630820779529
Malik Nabers,rec_yds,29.5,Over,-500,0.2,62.6,84.2,,DAL @ NYG,69.0,True,False,33.010486617928784,84.2,False,81.3630820779529
Isaiah Likely,rec_yds,9.5,Over,-1400,0.07,31.1,84.2,,DAL @ NYG,78.0,True,False,21.541586433452014,84.2,False,81.3630820779529
George Pickens,rec_yds,39.5,Over,-470,0.21,83.5,84.2,,DAL @ NYG,28.0,False,False,43.88100940147633,84.2,False,81.3630820779529
Amon-Ra St. Brown,Rec Yards,49.5,Over,-420,0.24,95.0,84.2,,DET @ NO,67.0,True,False,45.376952903799385,84.2,False,81.3630820779529
Dak Prescott,rush_yds,4.5,Over,-205,0.49,13.0,84.1,,DAL @ NYG,14.0,True,False,8.51211895387764,84.1,False,81.27436779019321
Kendrick Bourne,rec_yds,9.5,Over,-280,0.36,28.2,84.1,,ARI @ LAC,75.0,True,False,18.726661698530805,84.1,False,81.27436779019321
Tre Tucker,rec_yds,19.5,Over,-700,0.14,64.6,84.1,,MIA @ LV,27.0,True,False,45.16430174351547,84.1,False,81.27436779019321
Ladd McConkey,rec,4.5,Over,-146,0.68,7.3,84.0,,ARI @ LAC,5.0,True,False,2.8156044084668572,84.0,False,81.18565329533986
Travis Etienne,Rec Yards,4.5,Over,-490,0.2,23.8,83.9,,DET @ NO,32.0,True,False,19.48793592040105,83.9,False,81.0969379981778
Marvin Harrison Jr.,rec_yds,19.5,Over,-700,0.14,49.5,83.8,,ARI @ LAC,33.0,True,False,30.417594063088725,83.8,False,81.00822131612819
Josh Downs,Rec Yards,14.5,Over,-1200,0.08,36.6,83.8,,IND @ BAL,37.0,True,False,22.407627626475364,83.79999999999998,False,81.00822131612819
Lamar Jackson,Pass TDs,1.0,Over,-650,0.15,1.823,83.8,model,IND @ BAL,1.0,True,False,0.834455997130734,83.79999999999998,False,81.00822131612819
Travis Etienne,Rush Yards,25.0,Over,-1400,0.07,49.9,83.8,model,DET @ NO,46.0,True,False,25.24660307236364,83.8,False,81.00822131612819
Wan'Dale Robinson,Rec Yards,19.5,Over,-580,0.17,44.1,83.7,,NYJ @ TEN,38.0,True,False,25.045746786153938,83.70000000000002,False,80.91950267896837
Jaxson Dart,rush_yds,14.5,Over,-670,0.15,40.1,83.7,,DAL @ NYG,59.0,True,False,26.063866574208976,83.70000000000002,False,80.91950267896837
Juwan Johnson,Rec Yards,14.5,Over,-1200,0.08,43.1,83.7,,DET @ NO,54.0,True,False,29.118225938374092,83.70000000000002,False,80.91950267896837
Jake Ferguson,rec_yds,9.5,Over,-1100,0.09,30.6,83.7,,DAL @ NYG,6.0,False,False,21.482327527961306,83.7,False,80.91950267896837
Sam LaPorta,Receptions,2.5,Over,-450,0.22,3.8,83.6,,DET @ NO,5.0,True,False,1.3290391244144306,83.6,False,80.83078152855919
Tony Pollard,Receptions,0.5,Over,-600,0.17,2.9,83.6,,NYJ @ TEN,1.0,True,False,2.4536106912266415,83.6,False,80.83078152855919
Jeremiyah Love,rush_yds,39.5,Over,-106,0.94,66.8,83.5,,ARI @ LAC,41.0,True,False,28.025470782137138,83.5,False,80.74205731858096
Jack Bech,rec_yds,4.5,Over,-490,0.2,26.6,83.5,,MIA @ LV,23.0,True,False,22.687285871253877,83.5,False,80.74205731858096
Alec Pierce,Rec Yards,14.5,Over,-750,0.13,45.4,83.4,,IND @ BAL,61.0,True,False,31.852607109476626,83.4,False,80.65332951427592
Tyler Warren,Rec Yards,24.5,Over,-500,0.2,49.5,83.4,,IND @ BAL,13.0,False,False,25.770717726113777,83.4,False,80.65332951427592
Jordan Addison,rec_yds,14.5,Over,-800,0.12,44.5,83.3,,GB @ MIN,0.0,False,False,31.053062219104188,83.3,False,80.56459759219845
Kenyon Sadiq,Rec Yards,4.5,Over,-340,0.29,24.8,83.3,,NYJ @ TEN,21.0,True,False,21.012572101593836,83.3,False,80.56459759219845
De'Von Achane,rec_yds,9.5,Over,-750,0.13,33.7,83.3,,MIA @ LV,30.0,True,False,25.049470190077383,83.3,False,80.56459759219845
Jameson Williams,Rec Yards,19.5,Over,-1400,0.07,66.1,83.2,,DET @ NO,45.0,True,False,48.43577627604642,83.2,False,80.47586103997223
Chig Okonkwo,Rec Yards,9.5,Over,-580,0.17,27.7,83.2,,WAS @ PHI,16.0,True,False,18.916977000515985,83.2,False,80.47586103997223
Darnell Mooney,rec_yds,4.5,Over,-470,0.21,19.6,83.2,,DAL @ NYG,27.0,True,False,15.694854544384144,83.2,False,80.47586103997223
Aaron Jones,rush_yds,19.5,Over,-280,0.36,39.8,83.2,,GB @ MIN,40.0,True,False,21.099705115960138,83.2,False,80.47586103997223
Caleb Douglas,rec_yds,9.5,Over,-440,0.23,40.4,83.2,,MIA @ LV,94.0,True,False,32.117285127249666,83.2,False,80.47586103997223
Bijan Robinson,Rush Yards,40.0,Over,-1200,0.08,71.0,83.0,model,PIT @ ATL,83.0,True,False,32.48913109944308,83.0,False,80.29837204950249
Darnell Washington,Rec Yards,4.5,Over,-490,0.2,12.9,83.0,,PIT @ ATL,18.0,True,False,8.803506491461997,83.0,False,80.29837204950249
Chase Brown,Rush Yards,30.0,Over,-750,0.13,65.8,82.9,model,CIN @ TB,56.0,True,False,37.67544834566742,82.9,False,80.20961863975778
Kyle Pitts,Rec Yards,19.5,Over,-490,0.2,47.9,82.8,,PIT @ ATL,0.0,False,False,30.01189830284087,82.79999999999998,False,80.12085865642085
Javonte Williams,rec,0.5,Over,-1200,0.08,3.73,82.8,,DAL @ NYG,5.0,True,False,3.413325053456902,82.79999999999998,False,80.12085865642085
Jalen Nailor,rec,2.5,Over,-215,0.47,5.02,82.8,,MIA @ LV,3.0,True,False,2.66302759588588,82.79999999999998,False,80.12085865642084
Saquon Barkley,Rush Yards,40.0,Over,-1000,0.1,88.4,82.7,model,WAS @ PHI,83.0,True,False,51.35952413678566,82.7,False,80.03209163904359
Chris Olave,Receptions,4.5,Over,-400,0.25,7.1,82.7,,DET @ NO,10.0,True,False,2.758982701562865,82.7,False,80.03209163904359
Bijan Robinson,Rec Yards,9.5,Over,-1400,0.07,28.6,82.7,,PIT @ ATL,90.0,True,False,20.267911384557976,82.7,False,80.03209163904359
Chris Olave,Rec Yards,49.5,Over,-400,0.25,85.0,82.7,,DET @ NO,182.0,True,False,37.6707253482622,82.7,False,80.03209163904359
Chris Godwin Jr.,Rec Yards,24.5,Over,-470,0.21,49.3,82.6,,CIN @ TB,40.0,True,False,26.42583078280623,82.6,False,79.94331713692237
Dak Prescott,pass_yds,199.5,Over,-650,0.15,273.0,82.6,,DAL @ NYG,175.0,False,False,78.31849042484912,82.6,False,79.94331713692237
Jalen Hurts,Rush Yards,10.0,Over,-1400,0.07,30.1,82.6,"model (real historical SD, corrected)",WAS @ PHI,48.0,True,False,21.41770962638731,82.6,False,79.94331713692237
Jacory Croskey-Merritt,Rush Yards,25.0,Over,-400,0.25,50.2,82.6,model,WAS @ PHI,63.0,True,False,26.85205385994827,82.6,False,79.94331713692237
Chase Brown,Rec Yards,4.5,Over,-1400,0.07,23.2,82.5,,CIN @ TB,22.0,True,False,20.00878907837791,82.5,False,79.85453470889794
Samaje Perine,Receptions,0.5,Over,-330,0.3,2.3,82.5,,CIN @ TB,3.0,True,False,1.9259796973839698,82.5,False,79.85453470889794
Mike Gesicki,Rec Yards,4.5,Over,-850,0.12,18.7,82.5,,CIN @ TB,78.0,True,False,15.193839834917984,82.5,False,79.85453470889794
Chig Okonkwo,Receptions,1.5,Over,-470,0.21,2.8,82.5,,WAS @ PHI,2.0,True,False,1.3909853369995338,82.5,False,79.85453470889793
Devaughn Vele,Rec Yards,19.5,Over,-450,0.22,43.7,82.4,,DET @ NO,69.0,True,False,26.001460517602883,82.4,False,79.76574392315996
Garrett Wilson,Rec Yards,29.5,Over,-700,0.14,64.1,82.4,,NYJ @ TEN,79.0,True,False,37.17564189706858,82.4,False,79.76574392315995
Jalen Hurts,Pass Yards,175.0,Over,-320,0.31,240.0,82.4,model,WAS @ PHI,203.0,True,False,69.83863362166063,82.4,False,79.76574392315996
Jalen Nailor,rec_yds,19.5,Over,-400,0.25,64.6,82.4,,MIA @ LV,27.0,True,False,48.45726732825991,82.4,False,79.76574392315996
Geno Smith,Pass Yards,150.0,Over,-650,0.15,217.2,82.4,model,NYJ @ TEN,215.0,True,False,72.20240275962452,82.4,False,79.76574392315996
Dak Prescott,pass_td,1.0,Over,-1100,0.09,1.75,82.4,,DAL @ NYG,2.0,True,False,0.805830387942238,82.4,False,79.76574392315996
Joe Burrow,Pass Yards,200.0,Over,-650,0.15,283.3,82.3,model,CIN @ TB,254.0,True,False,89.87347998446104,82.3,False,79.67694435705724
Tony Pollard,Rush Yards,30.0,Over,-490,0.2,63.1,82.3,model,NYJ @ TEN,35.0,True,False,35.71203106225283,82.3,False,79.67694435705724
Mark Andrews,Rec Yards,19.5,Over,-400,0.25,43.3,82.3,,IND @ BAL,49.0,True,False,25.678137138417434,82.3,False,79.67694435705724
Cam Skattebo,rush_yds,19.5,Over,-1450,0.07,45.3,82.3,,DAL @ NYG,81.0,True,False,27.835963788704614,82.3,False,79.67694435705724
Greg Dulcich,rec_yds,14.5,Over,-310,0.32,44.7,82.3,,MIA @ LV,18.0,True,False,32.58318241933642,82.3,False,79.67694435705724
Ashton Jeanty,rec,1.5,Over,-700,0.14,4.12,82.2,,MIA @ LV,6.0,True,False,2.838527360560069,82.2,False,79.58813559691278
Rico Dowdle,Rush Yards,25.0,Over,-650,0.15,48.9,82.2,model,PIT @ ATL,15.0,False,False,25.89343660968918,82.2,False,79.58813559691278
Mason Taylor,Rec Yards,4.5,Over,-850,0.12,18.0,82.2,,NYJ @ TEN,-2.0,False,False,14.625999758611043,82.2,False,79.58813559691278
Dontayvion Wicks,Rec Yards,4.5,Over,-1400,0.07,16.2,82.1,,WAS @ PHI,73.0,True,False,12.728698606519385,82.1,False,79.49931723784334
Malik Washington,rec_yds,9.5,Over,-600,0.17,42.9,81.9,,MIA @ LV,53.0,True,False,36.64045489796713,81.9,False,79.32165014631838
Cooper Rush,Pass Yards,125.0,Over,-670,0.15,175.0,81.8,ESTIMATE (not in model -- recent starter change),PIT @ ATL,143.0,True,False,55.080059811290994,81.79999999999998,False,79.23280064650912
Jayden Daniels,Pass Yards,150.0,Over,-580,0.17,199.1,81.8,model,WAS @ PHI,164.0,True,False,54.08861873468775,81.79999999999998,False,79.23280064650912
Chris Bell,rec_yds,14.5,Over,-152,0.66,49.7,81.8,,MIA @ LV,25.0,True,False,38.77636210714886,81.79999999999998,False,79.23280064650912
Terry McLaurin,Receptions,2.5,Over,-440,0.23,4.0,81.7,,WAS @ PHI,2.0,False,False,1.659307953806822,81.7,False,79.14394001273861
Michael Pittman,Rec Yards,29.5,Over,-210,0.48,51.5,81.7,,PIT @ ATL,58.0,True,False,24.33651665583339,81.7,False,79.14394001273861
Jonathan Taylor,Rush Yards,40.0,Over,-1000,0.1,79.7,81.6,model,IND @ BAL,98.0,True,False,44.10003780224892,81.60000000000001,False,79.05506788154915
Javonte Williams,rec_yds,4.5,Over,-300,0.33,19.8,81.6,,DAL @ NYG,31.0,True,False,16.99573245275588,81.60000000000001,False,79.05506788154916
DK Metcalf,Rec Yards,29.5,Over,-330,0.3,53.4,81.6,,PIT @ ATL,40.0,True,False,26.54888925626572,81.60000000000001,False,79.05506788154916
Aaron Rodgers,Pass Yards,150.0,Over,-580,0.17,202.5,81.6,model,PIT @ ATL,221.0,True,False,58.31868978886822,81.60000000000001,False,79.05506788154916
Quentin Johnston,rec_yds,19.5,Over,-490,0.2,53.8,81.4,,ARI @ LAC,17.0,False,False,38.42132814532671,81.4,False,78.87728771196221
Tucker Kraft,rec_yds,29.5,Over,-300,0.33,60.2,81.4,,GB @ MIN,65.0,True,False,34.38876892307669,81.4,False,78.8772877119622
Jayden Reed,rec_yds,19.5,Over,-580,0.17,45.8,81.4,,GB @ MIN,20.0,True,False,29.46008542921553,81.4,False,78.8772877119622
Jordan Love,pass_td,1.0,Over,-600,0.17,1.69,81.4,,GB @ MIN,2.0,True,False,0.7729071842645899,81.4,False,78.8772877119622
Jacoby Brissett,pass_yds,174.5,Over,-380,0.26,229.8,81.4,,ARI @ LAC,277.0,True,False,61.9445902751186,81.4,False,78.8772877119622
De'Von Achane,rush_yds,39.5,Over,-700,0.14,85.0,81.4,,MIA @ LV,36.0,False,False,50.96706794788238,81.4,False,78.8772877119622
Jordan Love,rush_yds,4.5,Over,-275,0.36,10.6,81.3,,GB @ MIN,0.0,False,False,6.86159806402599,81.3,False,78.78837898508141
Bucky Irving,Rush Yards,30.0,Over,-750,0.13,62.5,81.3,model,CIN @ TB,45.0,True,False,36.55769460341716,81.3,False,78.78837898508141
Tre Tucker,rec_yds,24.5,Over,-440,0.23,64.6,81.2,,MIA @ LV,27.0,True,False,45.29586877731753,81.2,False,78.69945738352556
Jared Goff,Pass Yards,225.0,Over,-280,0.36,289.9,81.2,model,DET @ NO,206.0,False,False,73.3092739064316,81.2,False,78.69945738352556
Theo Johnson,rec_yds,9.5,Over,-210,0.48,24.5,81.1,,DAL @ NYG,9.0,False,False,17.01476325755965,81.1,False,78.61052258139983
Carnell Tate,Rec Yards,14.5,Over,-650,0.15,40.9,81.1,,NYJ @ TEN,38.0,True,False,29.94598333330498,81.1,False,78.61052258139983
Emeka Egbuka,Rec Yards,29.5,Over,-580,0.17,63.3,81.1,,CIN @ TB,63.0,True,False,38.339933207034406,81.1,False,78.61052258139983
Jahmyr Gibbs,Receptions,1.5,Over,-1600,0.06,3.9,81.1,,DET @ NO,5.0,True,False,2.7223621212095437,81.1,False,78.61052258139983
Jahmyr Gibbs,Rec Yards,9.5,Over,-1000,0.1,29.7,81.0,,DET @ NO,30.0,True,False,23.009551485601435,81.0,False,78.52157425989998
Keenan Allen,Rec Yards,19.5,Over,-210,0.48,34.6,81.0,,IND @ BAL,32.0,True,False,17.200209278840678,81.0,False,78.52157425989998
Trey McBride,rec,4.5,Over,-320,0.31,6.31,81.0,,ARI @ LAC,9.0,True,False,2.061746940046465,81.0,False,78.52157425989998
Pat Freiermuth,Rec Yards,9.5,Over,-550,0.18,21.3,81.0,,PIT @ ATL,46.0,True,False,13.441223145054305,81.0,False,78.52157425989998
Garrett Wilson,Receptions,3.5,Over,-550,0.18,5.6,81.0,,NYJ @ TEN,6.0,True,False,2.3920820851367823,81.0,False,78.52157425989998
CeeDee Lamb,rec_yds,49.5,Over,-400,0.25,86.5,80.9,,DAL @ NYG,44.0,False,False,42.3235798689115,80.90000000000002,False,78.43261210717934
Jameson Williams,Rec Yards,24.5,Over,-750,0.13,66.1,80.9,,DET @ NO,45.0,True,False,47.5854303391005,80.90000000000002,False,78.43261210717932
Ashton Jeanty,rec_yds,4.5,Over,-700,0.14,23.6,80.8,,MIA @ LV,45.0,True,False,21.940157056497643,80.8,False,78.34363581821938
Michael Mayer,rec_yds,19.5,Over,-580,0.17,40.9,80.8,,MIA @ LV,32.0,True,False,24.582165497855996,80.8,False,78.34363581821938
Aaron Jones,rec_yds,4.5,Over,-470,0.21,15.2,80.7,,GB @ MIN,0.0,False,False,12.342913831703532,80.7,False,78.25464509470343
DK Metcalf,Receptions,2.5,Over,-350,0.29,3.8,80.7,,PIT @ ATL,4.0,True,False,1.4996063533845412,80.7,False,78.25464509470343
Ladd McConkey,rec_yds,49.5,Over,-162,0.62,87.3,80.6,,ARI @ LAC,82.0,True,False,43.78800780866135,80.6,False,78.16563964489313
Michael Wilson,rec_yds,19.5,Over,-490,0.2,44.8,80.6,,ARI @ LAC,56.0,True,False,29.307846496273335,80.6,False,78.16563964489313
Kirk Cousins,pass_yds,174.5,Over,-270,0.37,241.3,80.6,,MIA @ LV,160.0,False,False,77.38198205340156,80.6,False,78.16563964489312
Breece Hall,Receptions,1.5,Over,-420,0.24,4.0,80.6,,NYJ @ TEN,2.0,True,False,2.8960322624776027,80.6,False,78.16563964489312
Dallas Goedert,Rec Yards,24.5,Over,-270,0.37,48.5,80.5,,WAS @ PHI,77.0,True,False,27.91939879107185,80.5,False,78.07661918350813
Drake London,Receptions,3.5,Over,-350,0.29,5.6,80.5,,PIT @ ATL,2.0,False,False,2.4429473942187863,80.5,False,78.07661918350813
Breece Hall,Rush Yards,30.0,Over,-1450,0.07,66.6,80.5,model,NYJ @ TEN,102.0,True,False,42.57708315638457,80.5,False,78.07661918350813
Jordan Mason,rush_yds,29.5,Over,-275,0.36,51.5,80.5,,GB @ MIN,59.0,True,False,25.592782225149197,80.5,False,78.07661918350813
Quentin Johnston,rec,2.5,Over,-225,0.44,4.56,80.5,,ARI @ LAC,2.0,False,False,2.3964150629003336,80.5,False,78.07661918350813
Ashton Jeanty,rush_yds,39.5,Over,-360,0.28,78.0,80.5,,MIA @ LV,102.0,True,False,44.787368894011095,80.5,False,78.07661918350813
Stefon Diggs,Rec Yards,29.5,Over,-260,0.38,50.3,80.4,,WAS @ PHI,55.0,True,False,24.299179379945603,80.4,False,77.98758343160851
Amon-Ra St. Brown,Receptions,5.5,Over,-225,0.44,7.9,80.4,,DET @ NO,10.0,True,False,2.803751466916801,80.4,False,77.98758343160851
Breece Hall,Rec Yards,9.5,Over,-360,0.28,31.7,80.4,,NYJ @ TEN,16.0,True,False,25.934701068980406,80.4,False,77.98758343160851
Tee Higgins,Rec Yards,39.5,Over,-360,0.28,78.0,80.4,,CIN @ TB,59.0,True,False,44.97684644845701,80.4,False,77.98758343160851
Jayden Daniels,Rush Yards,20.0,Over,-550,0.18,42.8,80.3,"model (real historical SD, corrected)",WAS @ PHI,31.0,True,False,26.748451293571183,80.3,False,77.89853211648001
De'Von Achane,rec,2.5,Over,-420,0.24,5.02,80.2,,MIA @ LV,4.0,True,False,2.9689438369082626,80.2,False,77.80946497152193
Andrei Iosivas,Rec Yards,4.5,Over,-320,0.31,24.0,80.2,,CIN @ TB,12.0,True,False,22.973970166552036,80.2,False,77.80946497152193
Tre Harris,rec_yds,14.5,Over,-310,0.32,35.3,80.1,,ARI @ LAC,20.0,True,False,24.609602515530703,80.1,False,77.72038173613774
Ja'Marr Chase,Rec Yards,69.5,Over,-225,0.44,117.8,80.1,,CIN @ TB,12.0,False,False,57.146336610583326,80.1,False,77.72038173613774
Rico Dowdle,Receptions,0.5,Over,-700,0.14,1.9,80.1,,PIT @ ATL,2.0,True,False,1.6564155539299514,80.1,False,77.72038173613774
Sam LaPorta,Rec Yards,24.5,Over,-400,0.25,47.8,80.0,,DET @ NO,48.0,True,False,27.684662732527634,80.0,False,77.63128215562803
Terry McLaurin,Rec Yards,29.5,Over,-420,0.24,53.1,80.0,,WAS @ PHI,14.0,False,False,28.041117617495807,80.0,False,77.63128215562803
Justin Herbert,pass_yds,199.5,Over,-260,0.38,266.3,79.8,,ARI @ LAC,209.0,True,False,80.04805425373016,79.8,False,77.45303296929652
Jalen Nailor,rec_yds,24.5,Over,-270,0.37,64.6,79.8,,MIA @ LV,27.0,True,False,48.05279903554758,79.8,False,77.45303296929652
Makai Lemon,Rec Yards,14.5,Over,-260,0.38,40.2,79.8,,WAS @ PHI,-5.0,False,False,30.79693105270756,79.8,False,77.45303296929652
Malik Willis,pass_yds,174.5,Over,-132,0.76,243.5,79.7,,MIA @ LV,220.0,True,False,83.0371553885995,79.7,False,77.36388288263406
Tyler Shough,Rush Yards,5.0,Over,-800,0.12,19.7,79.6,"model (real historical SD, corrected)",DET @ NO,8.0,True,False,17.766104075971967,79.60000000000001,False,77.27471548896767
Alec Pierce,Rec Yards,19.5,Over,-470,0.21,45.4,79.5,,IND @ BAL,61.0,True,False,31.436096901680227,79.5,False,77.1855305615646
Christian Watson,rec_yds,19.5,Over,-1200,0.08,46.5,79.5,,GB @ MIN,147.0,True,False,32.7712207083153,79.5,False,77.1855305615646
Chase Brown,Receptions,1.5,Over,-800,0.12,5.3,79.3,,CIN @ TB,5.0,True,False,4.65187585721699,79.3,False,77.0071072250531
MarShawn Lloyd,rush_yds,19.5,Over,-900,0.11,40.7,79.2,,GB @ MIN,37.0,True,False,26.064065850623656,79.2,False,76.91786838864395
Juwan Johnson,Rec Yards,19.5,Over,-600,0.17,43.1,79.1,,DET @ NO,54.0,True,False,29.13954691041481,79.1,False,76.82861116372082
Marvin Harrison Jr.,rec_yds,24.5,Over,-450,0.22,49.5,79.1,,ARI @ LAC,33.0,True,False,30.868164100015687,79.1,False,76.82861116372082
Dallas Goedert,Receptions,2.5,Over,-300,0.33,3.8,79.1,,WAS @ PHI,4.0,True,False,1.6051445332008154,79.1,False,76.82861116372082
Drake London,Rec Yards,39.5,Over,-260,0.38,71.5,79.0,,PIT @ ATL,29.0,False,False,39.681494154972576,79.0,False,76.73933534918793
Caleb Douglas,rec_yds,14.5,Over,-280,0.36,40.4,79.0,,MIA @ LV,94.0,True,False,32.117209331680925,79.0,False,76.73933534918793
Jordan Addison,rec_yds,19.5,Over,-490,0.2,44.5,79.0,,GB @ MIN,0.0,False,False,31.001167308572324,79.0,False,76.73933534918793
Baker Mayfield,Pass Yards,200.0,Over,-260,0.38,262.1,79.0,model,CIN @ TB,216.0,True,False,77.00689959449369,79.0,False,76.73933534918793
Tre Tucker,rec,3.5,Over,-200,0.5,5.98,78.9,,MIA @ LV,2.0,False,False,3.088586559576717,78.90000000000002,False,76.65004074881972
Derrick Henry,Rush Yards,60.0,Over,-280,0.36,95.1,78.9,model,IND @ BAL,144.0,True,False,43.71346300046077,78.90000000000002,False,76.65004074881972
DeVonta Smith,Rec Yards,49.5,Over,-235,0.43,80.5,78.7,,WAS @ PHI,53.0,True,False,38.942027163392225,78.7,False,76.47139442954011
Jaxson Dart,pass_yds,149.5,Over,-650,0.15,215.1,78.6,,DAL @ NYG,230.0,True,False,82.76362711975142,78.60000000000001,False,76.38204234180539
Cade Otton,Rec Yards,14.5,Over,-470,0.21,32.3,78.6,,CIN @ TB,26.0,True,False,22.45720370017645,78.60000000000001,False,76.38204234180539
Tyler Warren,Rec Yards,29.5,Over,-330,0.3,49.5,78.6,,IND @ BAL,13.0,False,False,25.232813146265677,78.60000000000001,False,76.38204234180539
Jaxson Dart,rush_yds,19.5,Over,-350,0.29,40.1,78.6,,DAL @ NYG,59.0,True,False,25.98979754065365,78.60000000000001,False,76.38204234180539
Wan'Dale Robinson,Rec Yards,24.5,Over,-360,0.28,44.1,78.5,,NYJ @ TEN,38.0,True,False,24.835538913750053,78.50000000000001,False,76.29267073043479
Rachaad White,Rush Yards,15.0,Over,-330,0.3,29.5,78.5,model,WAS @ PHI,22.0,True,False,18.3732303188457,78.50000000000001,False,76.29267073043479
Jauan Jennings,rec_yds,9.5,Over,-380,0.26,24.8,78.5,,GB @ MIN,0.0,False,False,19.38692578471305,78.50000000000001,False,76.29267073043479
Amon-Ra St. Brown,Rec Yards,59.5,Over,-250,0.4,95.0,78.4,,DET @ NO,67.0,True,False,45.17839431115472,78.4,False,76.20327942236835
Chris Bell,rec_yds,19.5,Over,102,1.02,49.7,78.4,,MIA @ LV,25.0,True,False,38.433450935123176,78.4,False,76.20327942236835
Travis Etienne,Rush Yards,30.0,Over,-700,0.14,49.9,78.4,model,DET @ NO,46.0,True,False,25.325353430759968,78.4,False,76.20327942236835
Lamar Jackson,Pass Yards,175.0,Over,-390,0.26,220.1,78.3,model,IND @ BAL,324.0,True,False,57.64571587020534,78.3,False,76.11386824895393
Rashod Bateman,Rec Yards,9.5,Over,-420,0.24,22.7,78.3,,IND @ BAL,0.0,False,False,16.871916840060102,78.3,False,76.11386824895393
Malik Washington,rec_yds,14.5,Over,-330,0.3,42.9,78.2,,MIA @ LV,53.0,True,False,36.45860779967545,78.2,False,76.02443704587574
Alec Pierce,Receptions,1.5,Over,-500,0.2,2.9,78.2,,IND @ BAL,4.0,True,False,1.7972553140685081,78.2,False,76.02443704587574
Jaylen Warren,Rec Yards,4.5,Over,-850,0.12,17.0,78.1,,PIT @ ATL,27.0,True,False,16.117075616919536,78.1,False,75.93498565308442
Isaiah Likely,rec_yds,14.5,Over,-650,0.15,31.1,78.1,,DAL @ NYG,78.0,True,False,21.403476419269147,78.1,False,75.93498565308442
George Pickens,rec_yds,49.5,Over,-270,0.37,83.5,78.0,,DAL @ NYG,28.0,False,False,44.03043095337552,78.0,False,75.84551391472878
T.J. Hockenson,rec_yds,14.5,Over,-270,0.37,29.9,78.0,,GB @ MIN,36.0,True,False,19.94319519652891,78.0,False,75.84551391472878
De'Von Achane,rec_yds,14.5,Over,-390,0.26,33.7,78.0,,MIA @ LV,30.0,True,False,24.86424336190618,78.0,False,75.84551391472878
Kyle Pitts,Rec Yards,24.5,Over,-320,0.31,47.9,77.9,,PIT @ ATL,0.0,False,False,30.436241341587884,77.89999999999999,False,75.75602167908859
Bucky Irving,Rec Yards,4.5,Over,-420,0.24,20.6,77.9,,CIN @ TB,48.0,True,False,20.941174598272006,77.89999999999999,False,75.75602167908859
Baker Mayfield,Rush Yards,15.0,Over,-130,0.77,27.2,77.9,"model (real historical SD, corrected)",CIN @ TB,31.0,True,False,15.868467708007358,77.89999999999999,False,75.75602167908859
Kenyon Sadiq,Receptions,1.5,Over,-122,0.82,2.6,77.8,,NYJ @ TEN,3.0,True,False,1.4370517195635122,77.8,False,75.66650879850914
Josh Downs,Rec Yards,19.5,Over,-600,0.17,36.6,77.8,,IND @ BAL,37.0,True,False,22.33962218594187,77.8,False,75.66650879850914
Justin Herbert,rush_yds,9.5,Over,-420,0.24,18.8,77.8,,ARI @ LAC,29.0,True,False,12.14961908358242,77.8,False,75.66650879850914
Jahmyr Gibbs,Rush Yards,50.0,Over,-750,0.13,77.8,77.8,model (corrected -- Pacheco share removed),DET @ NO,156.0,True,False,36.31821618533239,77.8,False,75.66650879850914
Greg Dulcich,rec_yds,19.5,Over,-198,0.51,44.7,77.8,,MIA @ LV,18.0,False,False,32.921548484545916,77.8,False,75.66650879850914
Jake Ferguson,rec,2.5,Over,-300,0.33,3.42,77.7,,DAL @ NYG,2.0,False,False,1.2071898004412456,77.70000000000002,False,75.57697512933701
Adonai Mitchell,Rec Yards,4.5,Over,-1800,0.06,29.3,77.7,,NYJ @ TEN,60.0,True,False,32.541638098850974,77.70000000000002,False,75.57697512933701
Tre Tucker,rec_yds,29.5,Over,-310,0.32,64.6,77.7,,MIA @ LV,27.0,False,False,46.05691521248665,77.70000000000002,False,75.57697512933701
Gunnar Helm,Rec Yards,9.5,Over,-400,0.25,19.7,77.6,,NYJ @ TEN,28.0,True,False,13.443100297689936,77.59999999999998,False,75.48742053185707
Quentin Johnston,rec_yds,24.5,Over,-330,0.3,53.8,77.6,,ARI @ LAC,17.0,False,False,38.615964580619135,77.59999999999998,False,75.48742053185707
Jack Bech,rec_yds,9.5,Over,-270,0.37,26.6,77.5,,MIA @ LV,23.0,True,False,22.636563217952478,77.5,False,75.39784487023098
Saquon Barkley,Rush Yards,50.0,Over,-440,0.23,88.4,77.5,model,WAS @ PHI,83.0,True,False,50.83298406838452,77.5,False,75.39784487023098
Chris Bell,rec,2.5,Over,182,1.82,4.2,77.5,,MIA @ LV,1.0,False,False,2.2504185655274394,77.5,False,75.39784487023098
Tyler Allgeier,rush_yds,19.5,Over,-600,0.17,28.6,77.5,,ARI @ LAC,61.0,True,False,12.046358203705706,77.5,False,75.39784487023098
Jahan Dotson,Receptions,0.5,Over,-600,0.17,1.1,77.5,,PIT @ ATL,1.0,True,False,0.7942653760685081,77.5,False,75.39784487023098
Saquon Barkley,Rec Yards,4.5,Over,-500,0.2,18.4,77.4,,WAS @ PHI,-3.0,False,False,18.48195579548828,77.4,False,75.30824801243674
Chris Godwin Jr.,Rec Yards,29.5,Over,-320,0.31,49.3,77.4,,CIN @ TB,40.0,True,False,26.326814730263877,77.4,False,75.30824801243674
Jake Ferguson,rec_yds,14.5,Over,-490,0.2,30.6,77.4,,DAL @ NYG,6.0,False,False,21.407157432184267,77.4,False,75.30824801243674
Jameson Williams,Rec Yards,29.5,Over,-500,0.2,66.1,77.3,,DET @ NO,45.0,True,False,48.880613476624575,77.3,False,75.21862983020961
Cam Skattebo,rush_yds,24.5,Over,-800,0.12,45.3,77.3,,DAL @ NYG,81.0,True,False,27.779146456660964,77.3,False,75.21862983020961
Cam Ward,Pass Yards,175.0,Over,-235,0.43,221.1,77.3,model,NYJ @ TEN,140.0,False,False,61.56820440634954,77.3,False,75.21862983020961
Jacory Croskey-Merritt,Rush Yards,30.0,Over,-250,0.4,50.2,77.3,model,WAS @ PHI,63.0,True,False,26.977824924257288,77.3,False,75.21862983020961
Kendrick Bourne,rec,1.5,Over,-220,0.45,2.36,77.3,,ARI @ LAC,8.0,True,False,1.1485608631119437,77.3,False,75.21862983020961
Ja'Marr Chase,Receptions,7.5,Over,116,1.16,10.2,77.2,,CIN @ TB,2.0,False,False,3.621975500004174,77.2,False,75.1289901989842
Bucky Irving,Receptions,1.5,Over,-205,0.49,2.9,77.2,,CIN @ TB,7.0,True,False,1.878061370372535,77.2,False,75.1289901989842
Carnell Tate,Receptions,2.5,Over,-240,0.42,4.1,77.2,,NYJ @ TEN,4.0,True,False,2.1463558518543255,77.2,False,75.1289901989842
Baker Mayfield,Rush Yards,15.5,Over,-114,0.88,27.2,77.1,"model (real historical SD, corrected)",CIN @ TB,31.0,True,False,15.765131249374935,77.1,False,75.0393289978376
Travis Etienne,Rec Yards,9.5,Over,-215,0.47,23.8,77.0,,DET @ NO,32.0,True,False,19.35448464829994,77.0,False,74.94964610943401
Jordan Love,pass_yds,174.5,Over,-700,0.14,215.9,77.0,,GB @ MIN,387.0,True,False,56.03326324752571,77.0,False,74.94964610943401
Jaylen Warren,Rush Yards,20.0,Over,-900,0.11,36.1,77.0,model,PIT @ ATL,46.0,True,False,21.790713485148885,77.0,False,74.94964610943401
Devaughn Vele,Rec Yards,24.5,Over,-300,0.33,43.7,76.9,,DET @ NO,69.0,True,False,26.10264799433989,76.9,False,74.85994141996999
Mark Andrews,Rec Yards,24.5,Over,-260,0.38,43.3,76.8,,IND @ BAL,49.0,True,False,25.673372804881687,76.8,False,74.77021481912102
Jalen Nailor,rec_yds,29.5,Over,-188,0.53,64.6,76.8,,MIA @ LV,27.0,False,False,47.93273326868868,76.8,False,74.77021481912102
Michael Wilson,rec,2.5,Over,-310,0.32,3.87,76.8,,ARI @ LAC,5.0,True,False,1.8708787629089318,76.8,False,74.77021481912102
Kendrick Bourne,rec_yds,14.5,Over,-166,0.6,28.2,76.7,,ARI @ LAC,75.0,True,False,18.792796879065254,76.7,False,74.68046619998931
Carnell Tate,Rec Yards,19.5,Over,-380,0.26,40.9,76.7,,NYJ @ TEN,38.0,True,False,29.355171767299012,76.7,False,74.68046619998931
KaVontae Turpin,rec_yds,4.5,Over,-188,0.53,14.1,76.6,,DAL @ NYG,8.0,True,False,13.227931993540626,76.6,False,74.59069545905233
Tyjae Spears,Receptions,1.5,Over,-420,0.24,2.8,76.6,,NYJ @ TEN,2.0,True,False,1.7912824574586264,76.6,False,74.59069545905233
Aaron Jones,rush_yds,24.5,Over,-178,0.56,39.8,76.6,,GB @ MIN,40.0,True,False,21.08201661470537,76.6,False,74.59069545905233
Jayden Reed,rec_yds,24.5,Over,-380,0.26,45.8,76.5,,GB @ MIN,20.0,False,False,29.48182365032895,76.50000000000001,False,74.50090249611253
Kenyon Sadiq,Rec Yards,9.5,Over,-188,0.53,24.8,76.5,,NYJ @ TEN,21.0,True,False,21.177084593898265,76.50000000000001,False,74.50090249611253
Justin Herbert,pass_td,1.0,Over,-1200,0.08,1.42,76.4,,ARI @ LAC,1.0,True,False,0.5839588745893153,76.4,False,74.4110872142479
Rico Dowdle,Rush Yards,30.0,Over,-390,0.26,48.9,76.4,model,PIT @ ATL,15.0,False,False,26.27814935651919,76.4,False,74.4110872142479
Mason Taylor,Receptions,1.5,Over,-290,0.34,2.1,76.4,,NYJ @ TEN,2.0,True,False,0.834226963699022,76.4,False,74.4110872142479
Pat Freiermuth,Receptions,1.5,Over,-420,0.24,2.0,76.2,,PIT @ ATL,5.0,True,False,0.7015074944930795,76.2,False,74.23138932214482
Juwan Johnson,Receptions,2.5,Over,-490,0.2,4.0,76.0,,DET @ NO,3.0,True,False,2.123735745724049,76.0,False,74.05160107106323
Jalen Hurts,Rush Yards,15.0,Over,-500,0.2,30.1,75.9,"model (real historical SD, corrected)",WAS @ PHI,48.0,True,False,21.476641098975897,75.9,False,73.96167285205459
Jayden Reed,rec,2.5,Over,-330,0.3,3.61,75.8,,GB @ MIN,3.0,True,False,1.5859780107535317,75.8,False,73.87172179873066
Jonathan Taylor,Rec Yards,4.5,Over,-900,0.11,12.9,75.8,,IND @ BAL,23.0,True,False,12.001995757053756,75.8,False,73.87172179873066
Chig Okonkwo,Rec Yards,14.5,Over,-310,0.32,27.7,75.7,,WAS @ PHI,16.0,True,False,18.946872074747944,75.69999999999999,False,73.78174783579436
De'Von Achane,rush_yds,49.5,Over,-330,0.3,85.0,75.7,,MIA @ LV,36.0,False,False,50.95560292829939,75.69999999999999,False,73.78174783579436
Tyjae Spears,Rush Yards,10.0,Over,-750,0.13,25.3,75.6,model,NYJ @ TEN,12.0,True,False,22.06221599961828,75.6,False,73.69175089086183
Dallas Goedert,Rec Yards,29.5,Over,-188,0.53,48.5,75.6,,WAS @ PHI,77.0,True,False,27.39752313678087,75.6,False,73.69175089086183
Makai Lemon,Receptions,2.5,Over,124,1.24,4.0,75.6,,WAS @ PHI,3.0,True,False,2.1629623529037527,75.6,False,73.69175089086187
Trey McBride,rec_yds,39.5,Over,-320,0.31,59.9,75.6,,ARI @ LAC,95.0,True,False,29.416287999491036,75.6,False,73.69175089086183
Jalen Hurts,Pass TDs,1.0,Over,-490,0.2,1.413,75.6,model,WAS @ PHI,3.0,True,False,0.5955356344995,75.6,False,73.69175089086183
Isaac TeSlaa,Rec Yards,4.5,Over,-400,0.25,16.2,75.6,,DET @ NO,0.0,False,False,16.87110635264927,75.6,False,73.69175089086183
Michael Wilson,rec_yds,24.5,Over,-320,0.31,44.8,75.6,,ARI @ LAC,56.0,True,False,29.272090509297453,75.6,False,73.69175089086183
Tyjae Spears,Rec Yards,4.5,Over,-600,0.17,13.2,75.5,,NYJ @ TEN,12.0,True,False,12.603054891333645,75.49999999999999,False,73.60173089442122
Jameson Williams,Receptions,2.5,Over,-390,0.26,4.3,75.5,,DET @ NO,4.0,True,False,2.607528598206961,75.49999999999999,False,73.60173089442122
Malik Nabers,rec_yds,39.5,Over,-275,0.36,62.6,75.4,,DAL @ NYG,69.0,True,False,33.61802968939168,75.4,False,73.51168777979169
Bijan Robinson,Rec Yards,14.5,Over,-600,0.17,28.6,75.4,,PIT @ ATL,90.0,True,False,20.520096044174146,75.4,False,73.51168777979169
Chase Brown,Rush Yards,40.0,Over,-330,0.3,65.8,75.4,model,CIN @ TB,56.0,True,False,37.54740978295694,75.4,False,73.51168777979169
Makai Lemon,Rec Yards,19.5,Over,-168,0.6,40.2,75.3,,WAS @ PHI,-5.0,False,False,30.264898022362665,75.3,False,73.42162148308353
Gunnar Helm,Receptions,1.5,Over,-320,0.31,1.9,75.2,,NYJ @ TEN,4.0,True,False,0.5875467249849925,75.2,False,73.33153194315891
Devaughn Vele,Receptions,2.5,Over,-260,0.38,4.0,75.2,,DET @ NO,7.0,True,False,2.2033002186937223,75.2,False,73.33153194315891
Jonathan Taylor,Rush Yards,50.0,Over,-450,0.22,79.7,75.1,model,IND @ BAL,98.0,True,False,43.828583819354996,75.1,False,73.24141910159332
Jayden Daniels,Pass TDs,1.0,Over,-230,0.43,1.38,75.1,model,WAS @ PHI,2.0,True,False,0.5607697593048786,75.1,False,73.24141910159332
Chase Brown,Rec Yards,9.5,Over,-490,0.2,23.2,75.1,,CIN @ TB,22.0,True,False,20.217225532833783,75.1,False,73.24141910159332
Justice Hill,Rush Yards,5.0,Over,-245,0.41,18.5,75.0,model,IND @ BAL,18.0,True,False,20.015129949825628,75.0,False,73.15128290263783
Chris Olave,Rec Yards,59.5,Over,-245,0.41,85.0,75.0,,DET @ NO,182.0,True,False,37.80635657189285,75.0,False,73.15128290263783
Kyle Pitts,Receptions,2.5,Over,-550,0.18,3.8,75.0,,PIT @ ATL,0.0,False,False,1.9273828840572822,75.0,False,73.15128290263783
Garrett Wilson,Rec Yards,39.5,Over,-350,0.29,64.1,75.0,,NYJ @ TEN,79.0,True,False,36.4720145752378,75.0,False,73.15128290263783
Christian Watson,rec_yds,24.5,Over,-750,0.13,46.5,74.9,,GB @ MIN,147.0,True,False,32.76997696934109,74.9,False,73.06112329318178
Javonte Williams,rec,1.5,Over,-220,0.45,3.73,74.9,,DAL @ NYG,5.0,True,False,3.3216840291650285,74.9,False,73.06112329318178
Jayden Daniels,Rush Yards,25.0,Over,-320,0.31,42.8,74.9,"model (real historical SD, corrected)",WAS @ PHI,31.0,True,False,26.51389045701233,74.9,False,73.06112329318178
Sam LaPorta,Rec Yards,29.5,Over,-270,0.37,47.8,74.9,,DET @ NO,48.0,True,False,27.258662660860992,74.9,False,73.06112329318178
DeVonta Smith,Receptions,4.5,Over,-188,0.53,6.1,74.8,,WAS @ PHI,3.0,False,False,2.3944593417911784,74.8,False,72.97094022271644
Josh Downs,Receptions,2.5,Over,-470,0.21,3.4,74.8,,IND @ BAL,2.0,False,False,1.346883379757538,74.8,False,72.97094022271644
George Pickens,rec,4.5,Over,-160,0.62,6.03,74.8,,DAL @ NYG,3.0,False,False,2.289701745587815,74.80000000000001,False,72.97094022271645
Breece Hall,Rec Yards,14.5,Over,-205,0.49,31.7,74.7,,NYJ @ TEN,16.0,True,False,25.861591468045567,74.7,False,72.8807336432992
Jayden Daniels,Pass TDs,0.5,Over,-230,0.43,1.38,74.7,model,WAS @ PHI,2.0,True,False,1.3231511913883778,74.7,False,72.8807336432992
Michael Pittman,Receptions,3.5,Over,-188,0.53,4.7,74.6,,PIT @ ATL,3.0,False,False,1.8128117854653047,74.6,False,72.79050350951827
Travis Etienne,Receptions,1.5,Over,-340,0.29,2.8,74.6,,DET @ NO,7.0,True,False,1.9638794342540795,74.6,False,72.79050350951827
Lamar Jackson,Rush Yards,15.0,Over,-1800,0.06,33.1,74.6,"model (real historical SD, corrected)",IND @ BAL,43.0,True,False,27.343244430768344,74.6,False,72.79050350951827
Ja'Marr Chase,Rec Yards,79.5,Over,-146,0.68,117.8,74.6,,CIN @ TB,12.0,False,False,57.85890948610096,74.6,False,72.79050350951827
Alec Pierce,Rec Yards,24.5,Over,-330,0.3,45.4,74.6,,IND @ BAL,61.0,True,False,31.57313859685405,74.6,False,72.79050350951827
Chris Bell,rec_yds,24.5,Over,144,1.44,49.7,74.5,,MIA @ LV,25.0,True,False,38.24917772288205,74.5,False,72.70024977845829
Michael Mayer,rec_yds,24.5,Over,-350,0.29,40.9,74.5,,MIA @ LV,32.0,True,False,24.892322010129586,74.5,False,72.70024977845829
Rachaad White,Rec Yards,4.5,Over,-470,0.21,18.0,74.4,,WAS @ PHI,5.0,True,False,20.587846181188425,74.4,False,72.60997240966634
Jahmyr Gibbs,Rec Yards,14.5,Over,-470,0.21,29.7,74.4,,DET @ NO,30.0,True,False,23.180389774375115,74.4,False,72.60997240966634
Tony Pollard,Rec Yards,4.5,Over,-260,0.38,12.7,74.4,,NYJ @ TEN,-1.0,False,False,12.505210273018154,74.4,False,72.60997240966634
Tony Pollard,Rush Yards,40.0,Over,-225,0.44,63.1,74.3,model,NYJ @ TEN,35.0,False,False,35.395680897182,74.3,False,72.5196713651185
Joe Burrow,Pass Yards,225.0,Over,-330,0.3,283.3,74.3,model,CIN @ TB,254.0,True,False,89.33195655003077,74.3,False,72.5196713651185
Matthew Golden,rec_yds,9.5,Over,-1450,0.07,25.3,74.3,,GB @ MIN,95.0,True,False,24.210032821449158,74.3,False,72.5196713651185
Caleb Douglas,rec_yds,19.5,Over,-194,0.52,40.4,74.1,,MIA @ LV,94.0,True,False,32.33134942425426,74.1,False,72.33899810860937
Jordan Addison,rec_yds,24.5,Over,-320,0.31,44.5,74.1,,GB @ MIN,0.0,False,False,30.939090358138053,74.1,False,72.33899810860937
Theo Johnson,rec,1.5,Over,-130,0.77,2.18,74.1,,DAL @ NYG,1.0,False,False,1.051929072176694,74.1,False,72.33899810860937
Quentin Johnston,rec_yds,29.5,Over,-240,0.42,53.8,74.1,,ARI @ LAC,17.0,False,False,37.59099478513773,74.1,False,72.33899810860937
Malik Washington,rec_yds,19.5,Over,-215,0.47,42.9,74.0,,MIA @ LV,53.0,True,False,36.37237447232358,74.0,False,72.24862583245397
Marvin Harrison Jr.,rec_yds,29.5,Over,-320,0.31,49.5,74.0,,ARI @ LAC,33.0,True,False,31.087499548994515,74.0,False,72.24862583245397
Bijan Robinson,Rush Yards,50.0,Over,-500,0.2,71.0,74.0,model,PIT @ ATL,83.0,True,False,32.64187452644424,74.0,False,72.24862583245397
Darnell Mooney,rec_yds,9.5,Over,-300,0.33,19.6,74.0,,DAL @ NYG,27.0,True,False,15.699187272242233,74.0,False,72.24862583245397
Justice Hill,Rec Yards,4.5,Over,-310,0.32,15.9,74.0,,IND @ BAL,10.0,True,False,17.719874742926876,74.0,False,72.24862583245397
Ashton Jeanty,rec_yds,9.5,Over,-300,0.33,23.6,74.0,,MIA @ LV,45.0,True,False,21.916687182041137,74.0,False,72.24862583245397
Ladd McConkey,rec_yds,59.5,Over,100,1.0,87.3,74.0,,ARI @ LAC,82.0,True,False,43.211624373102374,74.0,False,72.24862583245397
Tre Harris,rec_yds,19.5,Over,-194,0.52,35.3,73.9,,ARI @ LAC,20.0,True,False,24.677262436621152,73.9,False,72.15822975209178
Daniel Jones,Rush Yards,5.0,Over,-310,0.32,16.7,73.9,"model (real historical SD, corrected)",IND @ BAL,4.0,False,False,18.27366901952326,73.9,False,72.15822975209178
Juwan Johnson,Rec Yards,24.5,Over,-400,0.25,43.1,73.9,,DET @ NO,54.0,True,False,29.050448184883138,73.9,False,72.15822975209178
Andrei Iosivas,Rec Yards,9.5,Over,-172,0.58,24.0,73.8,,CIN @ TB,12.0,True,False,22.756103979663934,73.8,False,72.06780984116448
Malik Willis,pass_td,1.0,Over,-225,0.44,1.33,73.8,,MIA @ LV,0.0,False,False,0.5178975388475241,73.8,False,72.06780984116448
Ladd McConkey,rec,5.5,Over,142,1.42,7.3,73.7,,ARI @ LAC,5.0,False,False,2.8385622212380874,73.7,False,71.9773660755547
Cam Ward,Rush Yards,5.0,Over,-270,0.37,12.1,73.7,"model (real historical SD, corrected)",NYJ @ TEN,21.0,True,False,11.196550983772457,73.7,False,71.9773660755547
CeeDee Lamb,rec_yds,59.5,Over,-240,0.42,86.5,73.7,,DAL @ NYG,44.0,False,False,42.578433318571314,73.7,False,71.9773660755547
MarShawn Lloyd,rush_yds,24.5,Over,-500,0.2,40.7,73.6,,GB @ MIN,37.0,True,False,25.671012574935382,73.6,False,71.88689843335652
Jacoby Brissett,pass_td,1.0,Over,-380,0.26,1.34,73.6,,ARI @ LAC,1.0,True,False,0.538774337992471,73.60000000000001,False,71.88689843335652
Braelon Allen,Rush Yards,5.0,Over,-900,0.11,12.2,73.5,model,NYJ @ TEN,40.0,True,False,11.464858352428655,73.5,False,71.7964068948465
Tee Higgins,Rec Yards,49.5,Over,-210,0.48,78.0,73.5,,CIN @ TB,59.0,True,False,45.38173097836343,73.5,False,71.7964068948465
Saquon Barkley,Receptions,1.5,Over,-300,0.33,3.0,73.4,,WAS @ PHI,1.0,False,False,2.4001693425282613,73.4,False,71.70589144245517
Derrick Henry,Receptions,0.5,Over,-270,0.37,1.2,73.4,,IND @ BAL,1.0,True,False,1.1200790265131886,73.4,False,71.70589144245517
Kenny Gainwell,Rec Yards,4.5,Over,-1450,0.07,16.8,73.4,,CIN @ TB,3.0,False,False,19.681388608731744,73.4,False,71.70589144245517
Ashton Jeanty,rush_yds,49.5,Over,-194,0.52,78.0,73.3,,MIA @ LV,102.0,True,False,45.82644897204732,73.3,False,71.61535206073901
Daniel Jones,Pass Yards,175.0,Over,-580,0.17,211.0,73.3,model,IND @ BAL,166.0,False,False,57.88604080679661,73.3,False,71.61535206073901
Breece Hall,Rush Yards,40.0,Over,-500,0.2,66.6,73.3,model,NYJ @ TEN,102.0,True,False,42.77135237391082,73.3,False,71.61535206073901
Malik Nabers,rec,4.5,Over,-160,0.62,5.62,73.3,,DAL @ NYG,6.0,True,False,1.8008990473225615,73.3,False,71.61535206073901
Isaac TeSlaa,Receptions,0.5,Over,-490,0.2,1.1,73.2,,DET @ NO,0.0,False,False,0.9695041804828053,73.2,False,71.52478873635289
Greg Dulcich,rec_yds,24.5,Over,-136,0.74,44.7,73.2,,MIA @ LV,18.0,False,False,32.63997407625445,73.2,False,71.52478873635289
Emeka Egbuka,Rec Yards,39.5,Over,-300,0.33,63.3,73.1,,CIN @ TB,63.0,True,False,38.6463898180896,73.1,False,71.434201458023
Jeremiyah Love,rush_yds,49.5,Over,168,1.68,66.8,73.1,,ARI @ LAC,41.0,False,False,28.091703523233196,73.1,False,71.434201458023
Tucker Kraft,rec_yds,39.5,Over,-154,0.65,60.2,73.0,,GB @ MIN,65.0,True,False,33.778657279539225,73.0,False,71.3435902165202
Bijan Robinson,Receptions,2.5,Over,-580,0.17,3.8,73.0,,PIT @ ATL,8.0,True,False,2.1213649499227527,73.0,False,71.3435902165202
Jaylen Warren,Receptions,1.5,Over,-400,0.25,2.6,72.9,,PIT @ ATL,5.0,True,False,1.803895565584921,72.9,False,71.2529550046338
Jahan Dotson,Rec Yards,4.5,Over,-340,0.29,13.3,72.9,,PIT @ ATL,19.0,True,False,14.431164524679367,72.9,False,71.2529550046338
Dak Prescott,pass_yds,224.5,Over,-310,0.32,273.0,72.8,,DAL @ NYG,175.0,False,False,79.93073370530772,72.8,False,71.1622958171458
Kyle Pitts,Rec Yards,29.5,Over,-220,0.45,47.9,72.8,,PIT @ ATL,0.0,False,False,30.32423711706519,72.8,False,71.1622958171458
Bucky Irving,Rush Yards,40.0,Over,-330,0.3,62.5,72.8,model,CIN @ TB,45.0,True,False,37.081268213802545,72.8,False,71.1622958171458
Javonte Williams,rec_yds,9.5,Over,-130,0.77,19.8,72.8,,DAL @ NYG,31.0,True,False,16.974980560096277,72.8,False,71.1622958171458
Chase Brown,Receptions,2.5,Over,-260,0.38,5.3,72.7,,CIN @ TB,5.0,True,False,4.637567186272395,72.7,False,71.07161265080562
MarShawn Lloyd,rec,0.5,Over,-750,0.13,1.58,72.7,,GB @ MIN,0.0,False,False,1.7887759147050668,72.7,False,71.07161265080562
CeeDee Lamb,rec,5.5,Over,-160,0.62,6.89,72.6,,DAL @ NYG,5.0,False,False,2.3137368039277906,72.6,False,70.980905504305
Mike Gesicki,Rec Yards,9.5,Over,-390,0.26,18.7,72.6,,CIN @ TB,78.0,True,False,15.313941436068832,72.6,False,70.980905504305
Jacoby Brissett,rush_yds,9.5,Over,-136,0.74,15.6,72.5,,ARI @ LAC,17.0,True,False,10.20476230220568,72.5,False,70.89017437825363
Omarion Hampton,rush_yds,39.5,Over,-670,0.15,63.1,72.5,,ARI @ LAC,43.0,True,False,39.48071972656624,72.5,False,70.89017437825363
Jaxson Dart,rush_yds,24.5,Over,-215,0.47,40.1,72.4,,DAL @ NYG,59.0,True,False,26.228809343858877,72.4,False,70.79941927515499
Adonai Mitchell,Rec Yards,9.5,Over,-700,0.14,29.3,72.4,,NYJ @ TEN,60.0,True,False,33.29041185951319,72.4,False,70.79941927515499
Tee Higgins,Receptions,4.5,Over,-148,0.68,5.9,72.4,,CIN @ TB,3.0,False,False,2.353867505218105,72.4,False,70.79941927515499
Tyler Warren,Receptions,3.5,Over,-280,0.36,4.5,72.3,,IND @ BAL,3.0,False,False,1.6898260406900283,72.3,False,70.70864019938244
Theo Johnson,rec_yds,14.5,Over,-122,0.82,24.5,72.3,,DAL @ NYG,9.0,False,False,16.89826040690028,72.3,False,70.70864019938244
Mark Andrews,Receptions,2.5,Over,-225,0.44,3.5,72.2,,IND @ BAL,4.0,True,False,1.698389145408988,72.2,False,70.61783715715615
Jalen Nailor,rec,3.5,Over,118,1.18,5.02,72.0,,MIA @ LV,3.0,False,False,2.607913096506168,72.0,False,70.43615920731825
Aaron Jones,rec,1.5,Over,-340,0.29,2.26,72.0,,GB @ MIN,0.0,False,False,1.303956548253084,72.0,False,70.43615920731825
Keenan Allen,Rec Yards,24.5,Over,-136,0.74,34.6,71.8,,IND @ BAL,32.0,True,False,17.507052042791386,71.8,False,70.25438551147022
Mason Taylor,Rec Yards,9.5,Over,-380,0.26,18.0,71.8,,NYJ @ TEN,-2.0,False,False,14.733657659774927,71.8,False,70.25438551147022
Cam Skattebo,rush_yds,29.5,Over,-470,0.21,45.3,71.7,,DAL @ NYG,81.0,True,False,27.528414357770107,71.7,False,70.16346279331971
Wan'Dale Robinson,Rec Yards,29.5,Over,-245,0.41,44.1,71.7,,NYJ @ TEN,38.0,True,False,25.437648710344536,71.7,False,70.16346279331971
Geno Smith,Pass Yards,175.0,Over,-310,0.32,217.2,71.7,model,NYJ @ TEN,215.0,True,False,73.52525860113282,71.7,False,70.16346279331971
Chris Olave,Receptions,5.5,Over,-194,0.52,7.1,71.7,,DET @ NO,10.0,True,False,2.7876875299007704,71.7,False,70.16346279331971
Jalen Hurts,Pass Yards,200.0,Over,-172,0.58,240.0,71.7,model,WAS @ PHI,203.0,True,False,69.69218824751927,71.7,False,70.16346279331971
Cade Otton,Rec Yards,19.5,Over,-290,0.34,32.3,71.6,,CIN @ TB,26.0,True,False,22.41683329446292,71.6,False,70.07251618355295
Derrick Henry,Rush Yards,70.0,Over,-174,0.57,95.1,71.5,model,IND @ BAL,144.0,True,False,44.18613466101917,71.5,False,69.98154570069268
Ashton Jeanty,rec,2.5,Over,-235,0.43,4.12,71.5,,MIA @ LV,6.0,True,False,2.85185410959566,71.5,False,69.98154570069268
Michael Mayer,rec,3.5,Over,-270,0.37,4.61,71.5,,MIA @ LV,6.0,True,False,1.954048186204434,71.5,False,69.98154570069268
Tony Pollard,Receptions,1.5,Over,-130,0.77,2.9,71.5,,NYJ @ TEN,1.0,False,False,2.4645652798974838,71.5,False,69.98154570069268
Cade Otton,Receptions,2.5,Over,-240,0.42,3.2,71.4,,CIN @ TB,3.0,True,False,1.2387002840152965,71.40000000000002,False,69.89055136493403
Tucker Kraft,rec,3.5,Over,-174,0.57,4.63,71.3,,GB @ MIN,3.0,False,False,2.0100670838749175,71.3,False,69.79953319812434
Rico Dowdle,Rec Yards,4.5,Over,-280,0.36,11.4,71.3,,PIT @ ATL,6.0,True,False,12.273860954634454,71.3,False,69.79953319812434
Emeka Egbuka,Receptions,3.5,Over,-245,0.41,4.5,71.3,,CIN @ TB,5.0,True,False,1.7788204282078917,71.3,False,69.79953319812434
De'Von Achane,rec_yds,19.5,Over,-230,0.43,33.7,71.2,,MIA @ LV,30.0,True,False,25.391740118183588,71.2,False,69.70849122374328
Amon-Ra St. Brown,Rec Yards,69.5,Over,-160,0.62,95.0,71.2,,DET @ NO,67.0,False,False,45.59784316997756,71.2,False,69.70849122374328
Jameson Williams,Rec Yards,39.5,Over,-290,0.34,66.1,71.1,,DET @ NO,45.0,True,False,47.815198904683086,71.1,False,69.61742546688295
Jordan Addison,rec,2.5,Over,-250,0.4,3.48,71.1,,GB @ MIN,0.0,False,False,1.7616125912251668,71.1,False,69.61742546688295
Jayden Reed,rec_yds,29.5,Over,-270,0.37,45.8,71.1,,GB @ MIN,20.0,False,False,29.30029105813287,71.1,False,69.61742546688295
Carnell Tate,Rec Yards,24.5,Over,-260,0.38,40.9,71.0,,NYJ @ TEN,38.0,True,False,29.635802038711866,71.0,False,69.52633595422878
Marvin Harrison Jr.,rec,2.5,Over,-380,0.26,3.62,71.0,,ARI @ LAC,1.0,False,False,2.02390843191203,71.0,False,69.52633595422878
Tre Tucker,rec_yds,39.5,Over,-162,0.62,64.6,71.0,,MIA @ LV,27.0,False,False,45.357233608028515,71.0,False,69.52633595422878
Samaje Perine,Rec Yards,4.5,Over,-158,0.63,11.8,71.0,,CIN @ TB,30.0,True,False,13.191546029426625,71.0,False,69.52633595422878
Drake London,Rec Yards,49.5,Over,-152,0.66,71.5,71.0,,PIT @ ATL,29.0,False,False,39.75534419827202,71.0,False,69.52633595422878
Wan'Dale Robinson,Receptions,3.5,Over,-235,0.43,4.4,70.7,,NYJ @ TEN,5.0,True,False,1.6524626643375158,70.7,False,69.25292517185613
George Pickens,rec_yds,59.5,Over,-166,0.6,83.5,70.7,,DAL @ NYG,28.0,False,False,44.06567104900041,70.7,False,69.25292517185613
Kirk Cousins,pass_yds,199.5,Over,-140,0.71,241.3,70.7,,MIA @ LV,160.0,False,False,76.74771041034239,70.7,False,69.25292517185613
Devaughn Vele,Rec Yards,29.5,Over,-215,0.47,43.7,70.6,,DET @ NO,69.0,True,False,26.212002374443497,70.6,False,69.16174093408232
Tyler Shough,Rush Yards,10.0,Over,-310,0.32,19.7,70.5,"model (real historical SD, corrected)",DET @ NO,8.0,False,False,18.001765759775576,70.5,False,69.0705330971815
Saquon Barkley,Rush Yards,60.0,Over,-250,0.4,88.4,70.5,model,WAS @ PHI,83.0,True,False,52.7062007811986,70.5,False,69.0705330971815
Mark Andrews,Rec Yards,29.5,Over,-182,0.55,43.3,70.5,,IND @ BAL,49.0,True,False,25.61075953452607,70.5,False,69.0705330971815
DeVonta Smith,Rec Yards,59.5,Over,-144,0.69,80.5,70.5,,WAS @ PHI,53.0,False,False,38.97289494384403,70.5,False,69.0705330971815
Samaje Perine,Rush Yards,5.0,Over,-1000,0.1,16.7,70.5,model,CIN @ TB,20.0,True,False,21.713470040141672,70.5,False,69.0705330971815
Jauan Jennings,rec_yds,14.5,Over,-225,0.44,24.8,70.4,,GB @ MIN,0.0,False,False,19.21856828725862,70.4,False,68.97930169700733
Jared Goff,Pass Yards,250.0,Over,-158,0.63,289.9,70.4,model,DET @ NO,206.0,False,False,74.44862860792412,70.4,False,68.97930169700733
Bucky Irving,Rec Yards,9.5,Over,-188,0.53,20.6,70.3,,CIN @ TB,48.0,True,False,20.82362068922802,70.30000000000001,False,68.88804677087884
Daniel Jones,Pass TDs,1.0,Over,-450,0.22,1.22,70.3,model,IND @ BAL,1.0,True,False,0.4127204100567714,70.30000000000001,False,68.88804677087884
Rachaad White,Receptions,1.5,Over,-240,0.42,2.3,70.3,,WAS @ PHI,2.0,True,False,1.5008014911155323,70.30000000000001,False,68.88804677087884
Stefon Diggs,Receptions,3.5,Over,-154,0.65,4.3,70.3,,WAS @ PHI,4.0,True,False,1.5008014911155323,70.30000000000001,False,68.88804677087884
Chris Bell,rec_yds,29.5,Over,194,1.94,49.7,70.2,,MIA @ LV,25.0,False,False,38.10160129219623,70.2,False,68.79676835756337
Jack Bech,rec_yds,14.5,Over,-162,0.62,26.6,70.2,,MIA @ LV,23.0,True,False,22.82323641760269,70.2,False,68.79676835756337
Jake Ferguson,rec_yds,19.5,Over,-290,0.34,30.6,70.2,,DAL @ NYG,6.0,False,False,20.937018531850402,70.2,False,68.79676835756337
Josh Downs,Rec Yards,24.5,Over,-400,0.25,36.6,70.2,,IND @ BAL,37.0,True,False,22.82323641760269,70.2,False,68.79676835756337
Justin Herbert,pass_yds,224.5,Over,-144,0.69,266.3,70.1,,ARI @ LAC,209.0,False,False,79.27495032728903,70.1,False,68.70546649725941
Kenny Gainwell,Receptions,1.5,Over,-670,0.15,2.8,70.1,,CIN @ TB,1.0,False,False,2.4654888857769306,70.1,False,68.70546649725941
Isaiah Likely,rec_yds,19.5,Over,-400,0.25,31.1,70.1,,DAL @ NYG,78.0,True,False,21.99974698077877,70.1,False,68.70546649725941
Rachaad White,Rush Yards,20.0,Over,-188,0.53,29.5,70.1,model,WAS @ PHI,22.0,True,False,18.017034165292955,70.1,False,68.70546649725941
Tre Harris,rec,2.5,Over,-102,0.98,3.54,70.0,,ARI @ LAC,3.0,True,False,1.9832169778579503,70.0,False,68.61414123158013
Dontayvion Wicks,Rec Yards,9.5,Over,-580,0.17,16.2,70.0,,WAS @ PHI,73.0,True,False,12.776493991969485,70.0,False,68.61414123158013
DK Metcalf,Rec Yards,39.5,Over,-186,0.54,53.4,70.0,,PIT @ ATL,40.0,True,False,26.506457684832217,70.0,False,68.61414123158013
Malik Willis,pass_yds,199.5,Over,146,1.46,243.5,70.0,,MIA @ LV,220.0,True,False,83.90533367860559,70.0,False,68.61414123158013
Jahmyr Gibbs,Receptions,2.5,Over,-420,0.24,3.9,69.9,,DET @ NO,5.0,True,False,2.6844269796078932,69.9,False,68.52279260353677
T.J. Hockenson,rec_yds,19.5,Over,-162,0.62,29.9,69.8,,GB @ MIN,36.0,True,False,20.05179022342271,69.8,False,68.43142065752235
Christian Watson,rec_yds,29.5,Over,-500,0.2,46.5,69.8,,GB @ MIN,147.0,True,False,32.776964788287124,69.8,False,68.43142065752237
De'Von Achane,rec,3.5,Over,-174,0.57,5.02,69.8,,MIA @ LV,4.0,True,False,2.930646263423319,69.8,False,68.43142065752235
Malik Washington,rec_yds,24.5,Over,-144,0.69,42.9,69.7,,MIA @ LV,53.0,True,False,35.673325297043384,69.7,False,68.34002543929587
Jack Bech,rec,1.5,Over,-148,0.68,2.06,69.7,,MIA @ LV,3.0,True,False,1.085709900344799,69.7,False,68.34002543929587
Jalen Nailor,rec_yds,39.5,Over,-102,0.98,64.6,69.6,,MIA @ LV,27.0,False,False,48.93451329960836,69.6,False,68.24860699596627
Keenan Allen,Receptions,2.5,Over,-210,0.48,3.1,69.6,,IND @ BAL,6.0,True,False,1.169749321902989,69.6,False,68.24860699596627
Breece Hall,Receptions,2.5,Over,-144,0.69,4.0,69.6,,NYJ @ TEN,2.0,False,False,2.9243733047574723,69.6,False,68.24860699596627
Michael Wilson,rec_yds,29.5,Over,-240,0.42,44.8,69.5,,ARI @ LAC,56.0,True,False,29.99567962412524,69.5,False,68.15716537597709
Makai Lemon,Rec Yards,24.5,Over,-114,0.88,40.2,69.5,,WAS @ PHI,-5.0,False,False,30.77988039861219,69.5,False,68.15716537597709
Pat Freiermuth,Rec Yards,14.5,Over,-310,0.32,21.3,69.4,,PIT @ ATL,46.0,True,False,13.406393959053583,69.4,False,68.065700629091
Jaylen Warren,Rush Yards,25.0,Over,-490,0.2,36.1,69.3,model,PIT @ ATL,46.0,True,False,22.007566444726784,69.3,False,67.97421280637468
Caleb Douglas,rec_yds,24.5,Over,-138,0.72,40.4,69.2,,MIA @ LV,94.0,True,False,31.703153272203814,69.2,False,67.88270196018397
Tyler Shough,Pass Yards,175.0,Over,-750,0.13,227.7,69.2,model,DET @ NO,410.0,True,False,105.07900487076357,69.2,False,67.88270196018397
Andrei Iosivas,Receptions,1.5,Over,104,1.04,2.2,69.2,,CIN @ TB,2.0,True,False,1.3957363075813003,69.2,False,67.88270196018397
Javonte Williams,rush_yds,39.5,Over,-900,0.11,55.8,69.2,,DAL @ NYG,41.0,True,False,32.50071687653598,69.2,False,67.88270196018397
Kirk Cousins,pass_td,1.0,Over,-420,0.24,1.18,69.2,,MIA @ LV,3.0,True,False,0.358903621949477,69.2,False,67.88270196018397
Malik Washington,rec,3.5,Over,162,1.62,4.37,69.1,,MIA @ LV,3.0,False,False,1.744581745694542,69.1,False,67.79116814414905
Justice Hill,Rush Yards,8.5,Over,-114,0.88,18.5,69.1,model,IND @ BAL,18.0,True,False,20.052663743615422,69.1,False,67.79116814414905
Caleb Douglas,rec,2.5,Over,130,1.3,3.39,69.1,,MIA @ LV,5.0,True,False,1.784687073181773,69.1,False,67.79116814414905
De'Von Achane,rush_yds,59.5,Over,-188,0.53,85.0,69.0,,MIA @ LV,36.0,False,False,51.42680677025238,69.0,False,67.69961141316003
Jaxson Dart,pass_yds,174.5,Over,-310,0.32,215.1,69.0,,DAL @ NYG,230.0,True,False,81.87954332832338,69.0,False,67.69961141316003
Terry McLaurin,Rec Yards,39.5,Over,-225,0.44,53.1,69.0,,WAS @ PHI,14.0,False,False,27.427630277467937,69.0,False,67.69961141316003
Saquon Barkley,Rec Yards,9.5,Over,-235,0.43,18.4,68.9,,WAS @ PHI,-3.0,False,False,18.052086027168166,68.9,False,67.6080318233525
Jahmyr Gibbs,Rush Yards,60.0,Over,-390,0.26,77.8,68.9,model (corrected -- Pacheco share removed),DET @ NO,156.0,True,False,36.10417205433633,68.9,False,67.6080318233525
Alec Pierce,Rec Yards,29.5,Over,-245,0.41,45.4,68.9,,IND @ BAL,61.0,True,False,32.25035593617684,68.9,False,67.6080318233525
Aaron Jones,rush_yds,29.5,Over,-114,0.88,39.8,68.8,,GB @ MIN,40.0,True,False,21.012293485027232,68.8,False,67.51642943209353
Baker Mayfield,Pass Yards,225.0,Over,-138,0.72,262.1,68.8,model,CIN @ TB,216.0,False,False,75.68505711597194,68.8,False,67.51642943209353
Amon-Ra St. Brown,Receptions,6.5,Over,-114,0.88,7.9,68.7,,DET @ NO,10.0,True,False,2.872592919535477,68.7,False,67.4248042979676
Ja'Marr Chase,Rec Yards,89.5,Over,102,1.02,117.8,68.7,,CIN @ TB,12.0,False,False,58.06741401632427,68.7,False,67.4248042979676
Kenyon Sadiq,Rec Yards,14.5,Over,-114,0.88,24.8,68.7,,NYJ @ TEN,21.0,True,False,21.134076479439578,68.7,False,67.4248042979676
Jacoby Brissett,pass_yds,199.5,Over,-200,0.5,229.8,68.6,,ARI @ LAC,277.0,True,False,62.53304881418951,68.6,False,67.33315648076297
Rashod Bateman,Rec Yards,14.5,Over,-260,0.38,22.7,68.6,,IND @ BAL,0.0,False,False,16.923135322651937,68.6,False,67.33315648076297
Jauan Jennings,rec,1.5,Over,-245,0.41,2.02,68.6,,GB @ MIN,0.0,False,False,1.0731744350950012,68.6,False,67.33315648076297
Jordan Addison,rec_yds,29.5,Over,-245,0.41,44.5,68.6,,GB @ MIN,0.0,False,False,30.956954858509647,68.6,False,67.33315648076297
Chris Godwin Jr.,Receptions,3.5,Over,-205,0.49,4.2,68.5,,CIN @ TB,4.0,True,False,1.4531056357008763,68.5,False,67.24148604145806
Travis Etienne,Rec Yards,14.5,Over,-114,0.88,23.8,68.4,,DET @ NO,32.0,True,False,19.418946122393113,68.40000000000002,False,67.149793042208
Jayden Daniels,Rush Yards,30.0,Over,-200,0.5,42.8,68.4,"model (real historical SD, corrected)",WAS @ PHI,31.0,True,False,26.727151652325997,68.4,False,67.149793042208
Jalen Hurts,Rush Yards,20.0,Over,-275,0.36,30.1,68.4,"model (real historical SD, corrected)",WAS @ PHI,48.0,True,False,21.08939310066349,68.4,False,67.149793042208
Aaron Rodgers,Pass Yards,175.0,Over,-290,0.34,202.5,68.3,model,PIT @ ATL,221.0,True,False,57.76044035394551,68.3,False,67.0580775463315
Michael Pittman,Rec Yards,39.5,Over,-108,0.93,51.5,68.3,,PIT @ ATL,58.0,True,False,25.204555790812588,68.3,False,67.0580775463315
Jordan Mason,rush_yds,39.5,Over,-146,0.68,51.5,68.3,,GB @ MIN,59.0,True,False,25.204555790812588,68.3,False,67.0580775463315
Tre Tucker,rec,4.5,Over,114,1.14,5.98,68.2,,MIA @ LV,2.0,False,False,3.1269885334022844,68.2,False,66.96633961829781
Breece Hall,Rec Yards,19.5,Over,-128,0.78,31.7,68.1,,NYJ @ TEN,16.0,False,False,25.930028952843067,68.1,False,66.87457932371368
Juwan Johnson,Rec Yards,29.5,Over,-270,0.37,43.1,68.1,,DET @ NO,54.0,True,False,28.905606045792275,68.1,False,66.87457932371368
Tyjae Spears,Rush Yards,15.0,Over,-340,0.29,25.3,68.1,model,NYJ @ TEN,12.0,False,False,21.89174575526915,68.1,False,66.87457932371368
Michael Mayer,rec_yds,29.5,Over,-240,0.42,40.9,68.0,,MIA @ LV,32.0,True,False,24.374661687358525,68.0,False,66.78279672931095
Aaron Jones,rec_yds,9.5,Over,-210,0.48,15.2,68.0,,GB @ MIN,0.0,False,False,12.187330843679263,68.0,False,66.78279672931095
Lamar Jackson,Rush Yards,20.0,Over,-700,0.14,33.1,67.9,"model (real historical SD, corrected)",IND @ BAL,43.0,True,False,28.17784294951172,67.9,False,66.69099190293367
Jaylen Warren,Rec Yards,9.5,Over,-330,0.3,17.0,67.9,,PIT @ ATL,27.0,True,False,16.132352833689914,67.9,False,66.69099190293367
Ja'Marr Chase,Receptions,8.5,Over,194,1.94,10.2,67.8,,CIN @ TB,2.0,False,False,3.6787506994282153,67.8,False,66.59916491352597
Greg Dulcich,rec_yds,29.5,Over,106,1.06,44.7,67.8,,MIA @ LV,18.0,False,False,32.89235919488759,67.8,False,66.59916491352597
Kendrick Bourne,rec_yds,19.5,Over,-104,0.96,28.2,67.7,,ARI @ LAC,75.0,True,False,18.940791291337387,67.7,False,66.50731583111971
Aaron Rodgers,Pass TDs,1.0,Over,-500,0.2,1.144,67.7,model,PIT @ ATL,1.0,True,False,0.3135027524083428,67.7,False,66.50731583111971
Baker Mayfield,Rush Yards,20.0,Over,138,1.38,27.2,67.6,"model (real historical SD, corrected)",CIN @ TB,31.0,True,False,15.77071539216791,67.6,False,66.41544472682243
Matthew Golden,rec_yds,14.5,Over,-750,0.13,25.3,67.6,,GB @ MIN,95.0,True,False,23.65607308825187,67.6,False,66.41544472682243
Drake London,Receptions,4.5,Over,-160,0.62,5.6,67.6,,PIT @ ATL,2.0,False,False,2.4094148515812077,67.6,False,66.41544472682243
Cooper Rush,Pass Yards,150.0,Over,-310,0.32,175.0,67.6,ESTIMATE (not in model -- recent starter change),PIT @ ATL,143.0,False,False,54.75942844502747,67.6,False,66.41544472682243
Adonai Mitchell,Rec Yards,14.5,Over,-420,0.24,29.3,67.5,,NYJ @ TEN,60.0,True,False,32.61620364283585,67.5,False,66.32355167280544
Geno Smith,Pass TDs,1.0,Over,-245,0.41,1.123,67.5,model,NYJ @ TEN,0.0,False,False,0.2710670978424871,67.5,False,66.32355167280544
Geno Smith,Pass TDs,0.5,Over,-245,0.41,1.123,67.4,model,NYJ @ TEN,0.0,False,False,1.3814191382741439,67.40000000000002,False,66.23163674229203
Garrett Wilson,Receptions,4.5,Over,-240,0.42,5.6,67.4,,NYJ @ TEN,6.0,True,False,2.439102812362051,67.40000000000002,False,66.23163674229203
Bijan Robinson,Rec Yards,19.5,Over,-330,0.3,28.6,67.3,,PIT @ ATL,90.0,True,False,20.30287963200527,67.3,False,66.1397000095458
Jonathan Taylor,Rush Yards,60.0,Over,-250,0.4,79.7,67.3,model,IND @ BAL,98.0,True,False,43.95238777478064,67.3,False,66.1397000095458
Quentin Johnston,rec,3.5,Over,116,1.16,4.56,67.3,,ARI @ LAC,2.0,False,False,2.3649508142775355,67.3,False,66.1397000095458
Matthew Golden,rec,1.5,Over,-900,0.11,2.27,67.2,,GB @ MIN,6.0,True,False,1.7286181474017832,67.2,False,66.04774154985934
Stefon Diggs,Rec Yards,39.5,Over,-138,0.72,50.3,67.1,,WAS @ PHI,55.0,True,False,24.39706801780436,67.1,False,65.95576143954263
Jayden Daniels,Pass Yards,175.0,Over,-270,0.37,199.1,67.0,model,WAS @ PHI,164.0,False,False,54.78353884480329,67.0,False,65.86375975591208
Justice Hill,Rush Yards,10.0,Over,102,1.02,18.5,67.0,model,IND @ BAL,18.0,True,False,19.32199502825013,67.0,False,65.86375975591208
Tyler Shough,Pass TDs,1.0,Over,-440,0.23,1.111,67.0,model,DET @ NO,3.0,True,False,0.25232252331008986,67.0,False,65.86375975591208
Jahmyr Gibbs,Rec Yards,19.5,Over,-280,0.36,29.7,66.8,,DET @ NO,30.0,True,False,23.48081204875635,66.8,False,65.67969198294021
Tre Harris,rec_yds,24.5,Over,-132,0.76,35.3,66.8,,ARI @ LAC,20.0,False,False,24.862036286918485,66.8,False,65.6796919829402
Chase Brown,Rec Yards,14.5,Over,-270,0.37,23.2,66.7,,CIN @ TB,22.0,True,False,20.155487334701057,66.7,False,65.58762605316429
MarShawn Lloyd,rush_yds,29.5,Over,-330,0.3,40.7,66.6,,GB @ MIN,37.0,True,False,26.11364774695815,66.6,False,65.4955388691838
Adonai Mitchell,Receptions,1.5,Over,-400,0.25,2.5,66.5,,NYJ @ TEN,3.0,True,False,2.346602545593635,66.5,False,65.40343051318331
Samaje Perine,Receptions,1.5,Over,138,1.38,2.3,66.4,,CIN @ TB,3.0,True,False,1.889445151854525,66.4,False,65.31130106828927
Isaiah Likely,rec,2.5,Over,-260,0.38,3.07,66.4,,DAL @ NYG,8.0,True,False,1.346229670696349,66.4,False,65.31130106828927
Chig Okonkwo,Rec Yards,19.5,Over,-192,0.52,27.7,66.4,,WAS @ PHI,16.0,False,False,19.366812806508882,66.4,False,65.31130106828927
Chris Olave,Rec Yards,69.5,Over,-158,0.63,85.0,66.2,,DET @ NO,182.0,True,False,37.08775716640791,66.2,False,65.1269792489737
Chase Brown,Rush Yards,50.0,Over,-174,0.57,65.8,66.1,model,CIN @ TB,56.0,True,False,38.05451350104861,66.1,False,65.0347870454222
Dak Prescott,rush_yds,9.5,Over,114,1.14,13.0,66.0,,DAL @ NYG,14.0,True,False,8.48560695531748,66.0,False,64.94257409469708
Ashton Jeanty,rush_yds,59.5,Over,-110,0.91,78.0,65.9,,MIA @ LV,102.0,True,False,45.15108134031694,65.9,False,64.85034048448186
Ashton Jeanty,rec_yds,14.5,Over,-160,0.62,23.6,65.9,,MIA @ LV,45.0,True,False,22.209450821453203,65.9,False,64.85034048448186
Tee Higgins,Rec Yards,59.5,Over,-132,0.76,78.0,65.9,,CIN @ TB,59.0,False,False,45.15108134031694,65.9,False,64.85034048448186
MarShawn Lloyd,rec_yds,4.5,Over,-280,0.36,10.8,65.7,,GB @ MIN,0.0,False,False,15.58290103442333,65.7,False,64.66581164071441
Derrick Henry,Rec Yards,4.5,Over,-180,0.56,10.0,65.7,,IND @ BAL,19.0,True,False,13.604119950687032,65.7,False,64.66581164071441
Jaxson Dart,rush_yds,29.5,Over,-138,0.72,40.1,65.7,,DAL @ NYG,59.0,True,False,26.21884935950592,65.7,False,64.66581164071441
Rachaad White,Rec Yards,9.5,Over,-210,0.48,18.0,65.6,,WAS @ PHI,5.0,False,False,21.16688317274179,65.6,False,64.57351658689974
Andrei Iosivas,Rec Yards,14.5,Over,-104,0.96,24.0,65.6,,CIN @ TB,12.0,False,False,23.65710472247612,65.6,False,64.57351658689974
CeeDee Lamb,rec_yds,69.5,Over,-148,0.68,86.5,65.6,,DAL @ NYG,44.0,False,False,42.33376634548358,65.6,False,64.57351658689974
Malik Nabers,rec_yds,49.5,Over,-160,0.62,62.6,65.5,,DAL @ NYG,69.0,True,False,32.844010590421064,65.5,False,64.4812012330512
Tyler Warren,Rec Yards,39.5,Over,-166,0.6,49.5,65.5,,IND @ BAL,13.0,False,False,25.071763809481727,65.5,False,64.4812012330512
Isaac TeSlaa,Rec Yards,9.5,Over,-235,0.43,16.2,65.4,,DET @ NO,0.0,False,False,16.913111147798606,65.4,False,64.38886567116606
Ladd McConkey,rec_yds,69.5,Over,154,1.54,87.3,65.4,,ARI @ LAC,82.0,True,False,44.933340064300765,65.4,False,64.38886567116606
Gunnar Helm,Rec Yards,14.5,Over,-225,0.44,19.7,65.3,,NYJ @ TEN,28.0,True,False,13.217003567664134,65.3,False,64.29650999407642
Trey McBride,rec,5.5,Over,-160,0.62,6.31,65.2,,ARI @ LAC,9.0,True,False,2.0730655792333987,65.2,False,64.20413429544001
Travis Etienne,Rush Yards,40.0,Over,-310,0.32,49.9,65.2,model,DET @ NO,46.0,True,False,25.337468190630435,65.2,False,64.20413429544001
Chase Brown,Receptions,3.5,Over,-110,0.91,5.3,65.2,,CIN @ TB,5.0,True,False,4.6068123982964435,65.2,False,64.20413429544001
Garrett Wilson,Rec Yards,49.5,Over,-210,0.48,64.1,65.0,,NYJ @ TEN,79.0,True,False,37.89053858498405,65.0,False,64.01932321223221
Breece Hall,Rush Yards,50.0,Over,-260,0.38,66.6,65.0,model,NYJ @ TEN,102.0,True,False,43.081023322653095,65.0,False,64.01932321223222
Jared Goff,Pass Yards,261.5,Over,-114,0.88,289.9,64.9,model,DET @ NO,206.0,False,False,74.2246771515625,64.9,False,63.92688801902408
Jacory Croskey-Merritt,Rush Yards,40.0,Over,-125,0.8,50.2,64.9,model,WAS @ PHI,63.0,True,False,26.65815869527952,64.9,False,63.92688801902408
Darnell Washington,Rec Yards,9.5,Over,-245,0.41,12.9,64.9,,PIT @ ATL,18.0,True,False,8.886052898426506,64.9,False,63.92688801902408
Carnell Tate,Rec Yards,29.5,Over,-188,0.53,40.9,64.8,,NYJ @ TEN,38.0,True,False,30.005806357156306,64.8,False,63.834433186978124
Christian Watson,rec,2.5,Over,-470,0.21,3.23,64.8,,GB @ MIN,6.0,True,False,1.9214244421687812,64.8,False,63.834433186978124
Mike Gesicki,Receptions,1.5,Over,-260,0.38,1.9,64.8,,CIN @ TB,5.0,True,False,1.0528353107774142,64.8,False,63.834433186978124
Kenny Gainwell,Rec Yards,9.5,Over,-500,0.2,16.8,64.6,,CIN @ TB,3.0,False,False,19.490393013370095,64.6,False,63.649464997757676
Daniel Jones,Rush Yards,10.0,Over,-132,0.76,16.7,64.6,"model (real historical SD, corrected)",IND @ BAL,4.0,False,False,17.888442902682137,64.6,False,63.649464997757676
Joe Burrow,Pass Yards,250.0,Over,-192,0.52,283.3,64.6,model,CIN @ TB,254.0,True,False,88.90823114318141,64.6,False,63.649464997757676
Quentin Johnston,rec_yds,39.5,Over,-136,0.74,53.8,64.5,,ARI @ LAC,17.0,False,False,38.4557370665824,64.5,False,63.55695183819993
Derrick Henry,Rush Yards,78.5,Over,-114,0.88,95.1,64.5,model,IND @ BAL,144.0,True,False,44.64092554582292,64.5,False,63.55695183819993
Baker Mayfield,Pass Yards,232.5,Over,-114,0.88,262.1,64.5,model,CIN @ TB,216.0,False,False,79.60068651544337,64.5,False,63.55695183819993
Tony Pollard,Rush Yards,50.0,Over,-122,0.82,63.1,64.4,model,NYJ @ TEN,35.0,False,False,35.484875942646724,64.4,False,63.46441943502097
De'Von Achane,rec_yds,24.5,Over,-146,0.68,33.7,64.3,,MIA @ LV,30.0,True,False,25.1030525403985,64.3,False,63.37186788891582
Chris Godwin Jr.,Rec Yards,39.5,Over,-174,0.57,49.3,64.3,,CIN @ TB,40.0,True,False,26.74020814085926,64.3,False,63.37186788891582
Jonathan Taylor,Receptions,1.5,Over,-450,0.22,2.5,64.2,,IND @ BAL,3.0,True,False,2.7486885667888825,64.2,False,63.27929730131927
Jalen Hurts,Pass Yards,214.5,Over,-114,0.88,240.0,64.2,model,WAS @ PHI,203.0,False,False,70.0915584531165,64.2,False,63.27929730131927
Emeka Egbuka,Rec Yards,49.5,Over,-180,0.56,63.3,64.2,,CIN @ TB,63.0,True,False,37.93190222168657,64.2,False,63.27929730131927
Justice Hill,Rec Yards,9.5,Over,-146,0.68,15.9,64.1,,IND @ BAL,10.0,True,False,17.722001050302943,64.1,False,63.18670777439789
Malik Washington,rec_yds,29.5,Over,102,1.02,42.9,64.0,,MIA @ LV,53.0,True,False,37.38226053394597,64.0,False,63.09409941104192
Jacory Croskey-Merritt,Rush Yards,40.5,Over,-114,0.88,50.2,64.0,model,WAS @ PHI,63.0,True,False,27.060293073080302,64.0,False,63.09409941104192
Makai Lemon,Rec Yards,29.5,Over,120,1.2,40.2,64.0,,WAS @ PHI,-5.0,False,False,29.850014008449403,64.0,False,63.09409941104192
Javonte Williams,rec,2.5,Over,134,1.34,3.73,63.9,,DAL @ NYG,5.0,True,False,3.457123519879452,63.9,False,63.001472314857374
Jaxson Dart,pass_td,1.0,Over,-400,0.25,1.01,63.9,,DAL @ NYG,3.0,True,False,0.028106695283572805,63.9,False,63.001472314857374
T.J. Hockenson,rec,2.5,Over,-194,0.52,2.92,63.9,,GB @ MIN,4.0,True,False,1.1804812019100566,63.9,False,63.001472314857374
Tony Pollard,Rush Yards,50.5,Over,-114,0.88,63.1,63.8,model,NYJ @ TEN,35.0,False,False,35.68212608827178,63.800000000000004,False,62.908826590158206
KaVontae Turpin,rec_yds,9.5,Over,100,1.0,14.1,63.8,,DAL @ NYG,8.0,False,False,13.026807936988108,63.800000000000004,False,62.908826590158206
Cam Ward,Pass Yards,200.0,Over,-122,0.82,221.1,63.7,model,NYJ @ TEN,140.0,False,False,60.208072832340136,63.7,False,62.81616234195846
Jameson Williams,Rec Yards,49.5,Over,-178,0.56,66.1,63.7,,DET @ NO,45.0,False,False,47.36748857899745,63.7,False,62.81616234195846
Tyler Allgeier,rush_yds,24.5,Over,-340,0.29,28.6,63.6,,ARI @ LAC,61.0,True,False,11.788817844820173,63.6,False,62.7234796759646
Cade Otton,Rec Yards,24.5,Over,-194,0.52,32.3,63.6,,CIN @ TB,26.0,True,False,22.42750711941397,63.6,False,62.7234796759646
Omarion Hampton,rush_yds,49.5,Over,-330,0.3,63.1,63.6,,ARI @ LAC,43.0,False,False,39.10437138769617,63.6,False,62.7234796759646
Trey McBride,rec_yds,49.5,Over,-168,0.6,59.9,63.6,,ARI @ LAC,95.0,True,False,29.9033428258853,63.6,False,62.7234796759646
Amon-Ra St. Brown,Rec Yards,79.5,Over,-106,0.94,95.0,63.5,,DET @ NO,67.0,False,False,44.911194874396365,63.5,False,62.63077869856789
Justin Herbert,rush_yds,14.5,Over,-205,0.49,18.8,63.5,,ARI @ LAC,29.0,True,False,12.459234707090607,63.5,False,62.63077869856789
Saquon Barkley,Rush Yards,70.0,Over,-146,0.68,88.4,63.5,model,WAS @ PHI,83.0,True,False,53.31393456057376,63.5,False,62.63077869856789
Lamar Jackson,Pass Yards,200.0,Over,-200,0.5,220.1,63.4,model,IND @ BAL,324.0,True,False,58.691906076578704,63.4,False,62.538059516836796
Cam Ward,Pass TDs,1.0,Over,-290,0.34,1.005,63.3,model,NYJ @ TEN,1.0,True,False,0.014714126980656215,63.3,False,62.44532223850952
Caleb Douglas,rec_yds,29.5,Over,-102,0.98,40.4,63.3,,MIA @ LV,94.0,True,False,32.07679681783123,63.3,False,62.44532223850952
Bucky Irving,Rush Yards,50.0,Over,-180,0.56,62.5,63.2,model,CIN @ TB,45.0,False,False,37.07492739364887,63.2,False,62.35256697198659
Derrick Henry,Rush Yards,80.0,Over,-110,0.91,95.1,63.2,model,IND @ BAL,144.0,True,False,44.78651229152781,63.2,False,62.35256697198659
Rico Dowdle,Rush Yards,40.0,Over,-180,0.56,48.9,63.2,model,PIT @ ATL,15.0,False,False,26.39734830427799,63.2,False,62.35256697198659
Geno Smith,Rush Yards,5.0,Over,-166,0.6,10.1,63.1,"model (real historical SD, corrected)",NYJ @ TEN,10.0,True,False,15.24649837123599,63.1,False,62.259793826323474
Tre Tucker,rec_yds,49.5,Over,106,1.06,64.6,63.0,,MIA @ LV,27.0,False,False,45.50202721211662,63.0,False,62.16700291122338
Bijan Robinson,Rush Yards,60.0,Over,-280,0.36,71.0,63.0,model,PIT @ ATL,83.0,True,False,33.14717214127702,63.0,False,62.16700291122338
George Pickens,rec_yds,69.5,Over,-104,0.96,83.5,62.9,,DAL @ NYG,28.0,False,False,42.52656594215883,62.9,False,62.074194337029944
Daniel Jones,Rush Yards,10.5,Over,-114,0.88,16.7,62.9,"model (real historical SD, corrected)",IND @ BAL,4.0,False,False,18.83319348867034,62.9,False,62.074194337029944
Darnell Mooney,rec_yds,14.5,Over,-198,0.51,19.6,62.8,,DAL @ NYG,27.0,True,False,15.61730008673038,62.8,False,61.981368214720156
Marvin Harrison Jr.,rec_yds,39.5,Over,-174,0.57,49.5,62.8,,ARI @ LAC,33.0,False,False,30.622157032804658,62.8,False,61.981368214720156
Cam Ward,Pass Yards,201.5,Over,-114,0.88,221.1,62.7,model,NYJ @ TEN,140.0,False,False,60.509112568905266,62.7,False,61.88852465589727
Dallas Goedert,Rec Yards,39.5,Over,104,1.04,48.5,62.6,,WAS @ PHI,77.0,True,False,28.013154020672186,62.6,False,61.79566377278377
Chris Bell,rec,3.5,Over,390,3.9,4.2,62.5,,MIA @ LV,1.0,False,False,2.196840940462906,62.5,False,61.70278567821441
Jalen Nailor,rec_yds,49.5,Over,164,1.64,64.6,62.5,,MIA @ LV,27.0,False,False,47.38899742998552,62.5,False,61.70278567821441
Greg Dulcich,rec,2.5,Over,-118,0.85,2.95,62.4,,MIA @ LV,2.0,False,False,1.4240357417674654,62.4,False,61.60989048562936
Isaiah Likely,rec_yds,24.5,Over,-260,0.38,31.1,62.4,,DAL @ NYG,78.0,True,False,20.88585754592282,62.4,False,61.60989048562936
Ja'Marr Chase,Rec Yards,99.5,Over,148,1.48,117.8,62.4,,CIN @ TB,12.0,False,False,57.91078683187689,62.4,False,61.60989048562936
Jack Bech,rec_yds,19.5,Over,-106,0.94,26.6,62.3,,MIA @ LV,23.0,True,False,22.65696369527791,62.3,False,61.51697830906734
Josh Downs,Rec Yards,29.5,Over,-260,0.38,36.6,62.3,,IND @ BAL,37.0,True,False,22.65696369527791,62.3,False,61.51697830906734
Tucker Kraft,rec_yds,49.5,Over,114,1.14,60.2,62.2,,GB @ MIN,65.0,True,False,34.434181734858676,62.2,False,61.42404926315888
Javonte Williams,rec_yds,14.5,Over,142,1.42,19.8,62.2,,DAL @ NYG,31.0,True,False,17.05618347614495,62.2,False,61.42404926315888
Terry McLaurin,Receptions,3.5,Over,-172,0.58,4.0,62.1,,WAS @ PHI,2.0,False,False,1.6228065206587052,62.1,False,61.33110346311958
Adonai Mitchell,Rec Yards,19.5,Over,-270,0.37,29.3,62.0,,NYJ @ TEN,60.0,True,False,32.080577181211396,62.0,False,61.2381410247435
Keenan Allen,Rec Yards,29.5,Over,108,1.08,34.6,61.9,,IND @ BAL,32.0,True,False,16.83971505151545,61.9,False,61.14516206439647
Joe Burrow,Rush Yards,5.0,Over,-194,0.52,8.9,61.9,"model (real historical SD, corrected)",CIN @ TB,21.0,True,False,12.877429157041226,61.9,False,61.14516206439647
Drake London,Rec Yards,59.5,Over,110,1.1,71.5,61.9,,PIT @ ATL,29.0,False,False,39.622858944742234,61.9,False,61.14516206439647
De'Von Achane,rush_yds,69.5,Over,-108,0.93,85.0,61.9,,MIA @ LV,36.0,False,False,51.179526136958714,61.9,False,61.14516206439647
Jameson Williams,Receptions,3.5,Over,-148,0.68,4.3,61.8,,DET @ NO,4.0,True,False,2.664603735954726,61.8,False,61.0521666990097
Sam LaPorta,Rec Yards,39.5,Over,-138,0.72,47.8,61.8,,DET @ NO,48.0,True,False,27.64526376053028,61.8,False,61.0521666990097
Samaje Perine,Rush Yards,10.0,Over,-340,0.29,16.7,61.8,model,CIN @ TB,20.0,True,False,22.316056288620835,61.8,False,61.0521666990097
Dak Prescott,pass_yds,249.5,Over,-166,0.6,273.0,61.7,,DAL @ NYG,175.0,False,False,78.9621080115618,61.7,False,60.95915504607314
Tyjae Spears,Rec Yards,9.5,Over,-260,0.38,13.2,61.6,,NYJ @ TEN,12.0,True,False,12.542713523486144,61.6,False,60.866127223629164
Joe Burrow,Pass TDs,2.0,Over,-245,0.41,2.104,61.6,model,CIN @ TB,1.0,False,False,0.35255194768717846,61.6,False,60.866127223629164
Lamar Jackson,Rush Yards,25.0,Over,-420,0.24,33.1,61.6,"model (real historical SD, corrected)",IND @ BAL,43.0,True,False,27.45837284871292,61.6,False,60.866127223629164
Jonathan Taylor,Rec Yards,9.5,Over,-350,0.29,12.9,61.5,,IND @ BAL,23.0,True,False,11.628905367314832,61.5,False,60.7730833502661
Jordan Love,pass_yds,199.5,Over,-340,0.29,215.9,61.5,,GB @ MIN,387.0,True,False,56.09236706587156,61.5,False,60.7730833502661
Jake Ferguson,rec_yds,24.5,Over,-186,0.54,30.6,61.5,,DAL @ NYG,6.0,False,False,20.863624335476615,61.5,False,60.7730833502661
Theo Johnson,rec_yds,19.5,Over,128,1.28,24.5,61.4,,DAL @ NYG,9.0,False,False,17.255671455362595,61.4,False,60.68002354511201
Bucky Irving,Rec Yards,14.5,Over,-102,0.98,20.6,61.3,,CIN @ TB,48.0,True,False,21.243497211615846,61.3,False,60.586947927828305
Mike Gesicki,Rec Yards,14.5,Over,-220,0.45,18.7,61.2,,CIN @ TB,78.0,True,False,14.760897568593606,61.199999999999996,False,60.493856618603594
Jaylen Warren,Rush Yards,30.0,Over,-300,0.33,36.1,61.0,model,PIT @ ATL,46.0,True,False,21.8388267454345,61.0,False,60.30762740768445
Carnell Tate,Receptions,3.5,Over,104,1.04,4.1,61.0,,NYJ @ TEN,4.0,True,False,2.1480813192230634,61.0,False,60.30762740768445
T.J. Hockenson,rec_yds,24.5,Over,-106,0.94,29.9,60.9,,GB @ MIN,36.0,True,False,19.51475924237634,60.9,False,60.214489748947805
Kyle Pitts,Rec Yards,39.5,Over,-106,0.94,47.9,60.9,,PIT @ ATL,0.0,False,False,30.35629215480764,60.9,False,60.214489748947805
Tyler Shough,Pass Yards,200.0,Over,-360,0.28,227.7,60.8,model,DET @ NO,410.0,True,False,101.05427847999678,60.8,False,60.12133688417358
DeVonta Smith,Rec Yards,69.5,Over,108,1.08,80.5,60.8,,WAS @ PHI,53.0,False,False,40.12985788014314,60.8,False,60.12133688417358
Rachaad White,Rush Yards,24.5,Over,-114,0.88,29.5,60.8,model,WAS @ PHI,22.0,False,False,18.240844490974155,60.8,False,60.12133688417358
Ladd McConkey,rec,6.5,Over,260,2.6,7.3,60.7,,ARI @ LAC,5.0,False,False,2.946501274838539,60.699999999999996,False,60.028168936094616
Saquon Barkley,Rush Yards,74.5,Over,-114,0.88,88.4,60.7,model,WAS @ PHI,83.0,True,False,51.19545965031965,60.699999999999996,False,60.028168936094616
Breece Hall,Rec Yards,24.5,Over,124,1.24,31.7,60.6,,NYJ @ TEN,16.0,False,False,26.774894314479,60.6,False,59.93498602793461
Jared Goff,Pass TDs,1.5,Over,-200,0.5,2.042,60.6,model,DET @ NO,2.0,True,False,2.015554544228835,60.6,False,59.93498602793461
Jauan Jennings,rec_yds,19.5,Over,-144,0.69,24.8,60.5,,GB @ MIN,0.0,False,False,19.901572589366502,60.5,False,59.84178828340221
Jared Goff,Pass TDs,2.0,Over,-200,0.5,2.042,60.5,model,DET @ NO,2.0,True,False,0.15771057523648854,60.5,False,59.84178828340221
Rico Dowdle,Receptions,1.5,Over,-148,0.68,1.9,60.3,,PIT @ ATL,2.0,True,False,1.5318629824070449,60.3,False,59.65534878244447
Tyler Shough,Rush Yards,15.0,Over,-148,0.68,19.7,60.3,"model (real historical SD, corrected)",DET @ NO,8.0,False,False,17.99939004328278,60.3,False,59.65534878244447
Chris Bell,rec_yds,39.5,Over,320,3.2,49.7,60.2,,MIA @ LV,25.0,False,False,39.45425065348226,60.199999999999996,False,59.562107275808785
Jahan Dotson,Rec Yards,9.5,Over,-178,0.56,13.3,60.1,,PIT @ ATL,19.0,True,False,14.84744262024314,60.099999999999994,False,59.46885143236847
Jeremiyah Love,rush_yds,59.5,Over,280,2.8,66.8,60.1,,ARI @ LAC,41.0,False,False,28.522718717835488,60.099999999999994,False,59.46885143236847
DeVonta Smith,Receptions,5.5,Over,110,1.1,6.1,60.0,,WAS @ PHI,3.0,False,False,2.368292325325647,60.0,False,59.37558137817006
Tony Pollard,Rec Yards,9.5,Over,-114,0.88,12.7,60.0,,NYJ @ TEN,-1.0,False,False,12.630892401736789,60.0,False,59.37558137817006
Geno Smith,Pass Yards,200.0,Over,-158,0.63,217.2,59.9,model,NYJ @ TEN,215.0,True,False,68.5915989999814,59.9,False,59.282297239710616
Juwan Johnson,Receptions,3.5,Over,-200,0.5,4.0,59.9,,DET @ NO,3.0,False,False,1.9939418313948096,59.9,False,59.282297239710616
Kenyon Sadiq,Rec Yards,19.5,Over,132,1.32,24.8,59.8,,NYJ @ TEN,21.0,True,False,21.35600833522153,59.8,False,59.18899914393201
Chase Brown,Rush Yards,56.5,Over,-114,0.88,65.8,59.6,model,CIN @ TB,56.0,False,False,38.2705076283256,59.599999999999994,False,59.00236159037628
Mason Taylor,Rec Yards,14.5,Over,-215,0.47,18.0,59.6,,NYJ @ TEN,-2.0,False,False,14.402879214961255,59.599999999999994,False,59.00236159037628
Jalen Hurts,Rush Yards,25.0,Over,-166,0.6,30.1,59.6,"model (real historical SD, corrected)",WAS @ PHI,48.0,True,False,20.987052570372118,59.599999999999994,False,59.00236159037628
Rachaad White,Rush Yards,25.0,Over,-114,0.88,29.5,59.5,model,WAS @ PHI,22.0,False,False,18.716775295169494,59.5,False,58.90902238865764
George Pickens,rec,5.5,Over,130,1.3,6.03,59.4,,DAL @ NYG,3.0,False,False,2.228326103371411,59.400000000000006,False,58.81566974172587
Tre Harris,rec_yds,29.5,Over,104,1.04,35.3,59.4,,ARI @ LAC,20.0,False,False,24.38545547085693,59.4,False,58.81566974172587
Geno Smith,Rush Yards,6.5,Over,-114,0.88,10.1,59.4,"model (real historical SD, corrected)",NYJ @ TEN,10.0,True,False,15.135799947428445,59.4,False,58.81566974172587
Cooper Rush,Pass TDs,0.5,Over,-235,0.43,0.9,59.4,ESTIMATE (not in model -- recent starter change),PIT @ ATL,1.0,True,False,1.681755549714272,59.4,False,58.81566974172587
Makai Lemon,Receptions,3.5,Over,310,3.1,4.0,59.4,,WAS @ PHI,3.0,False,False,2.1021944371428396,59.400000000000006,False,58.81566974172587
Cooper Rush,Pass TDs,1.0,Over,-235,0.43,0.9,59.3,ESTIMATE (not in model -- recent starter change),PIT @ ATL,1.0,True,False,,,,
Tyjae Spears,Rush Yards,20.0,Over,-192,0.52,25.3,59.2,model,NYJ @ TEN,12.0,False,False,22.77681628932416,59.20000000000001,False,58.62892462897015
Cam Ward,Rush Yards,9.5,Over,-114,0.88,12.1,59.2,"model (real historical SD, corrected)",NYJ @ TEN,21.0,True,False,11.173532519291093,59.20000000000001,False,58.62892462897015
Jahmyr Gibbs,Rec Yards,24.5,Over,-182,0.55,29.7,59.1,,DET @ NO,30.0,True,False,22.59709247185557,59.099999999999994,False,58.53553242254461
Jayden Daniels,Rush Yards,36.5,Over,-114,0.88,42.8,59.1,"model (real historical SD, corrected)",WAS @ PHI,31.0,False,False,27.377246648594245,59.099999999999994,False,58.53553242254461
Jonathan Taylor,Rush Yards,70.0,Over,-158,0.63,79.7,59.0,model,IND @ BAL,98.0,True,False,42.62893491732592,59.0,False,58.44212728969222
Devaughn Vele,Receptions,3.5,Over,-104,0.96,4.0,59.0,,DET @ NO,7.0,True,False,2.1973677792436037,59.0,False,58.44212728969222
Alec Pierce,Receptions,2.5,Over,-160,0.62,2.9,58.9,,IND @ BAL,4.0,True,False,1.7779883049176295,58.9,False,58.34870936111321
Kirk Cousins,pass_yds,224.5,Over,134,1.34,241.3,58.9,,MIA @ LV,160.0,False,False,74.6755088065405,58.9,False,58.34870936111321
Matthew Golden,rec_yds,19.5,Over,-440,0.23,25.3,58.9,,GB @ MIN,95.0,True,False,25.780830421305634,58.9,False,58.34870936111321
Christian Watson,rec_yds,39.5,Over,-270,0.37,46.5,58.8,,GB @ MIN,147.0,True,False,31.474363464569414,58.8,False,58.25527876789876
Jalen Hurts,Pass Yards,225.0,Over,114,1.14,240.0,58.7,model,WAS @ PHI,203.0,False,False,68.23312831416611,58.70000000000001,False,58.16183564152575
Malik Willis,pass_yds,224.5,Over,265,2.65,243.5,58.7,,MIA @ LV,220.0,False,False,86.42862919794374,58.70000000000001,False,58.16183564152575
DK Metcalf,Receptions,3.5,Over,-136,0.74,3.8,58.7,,PIT @ ATL,4.0,True,False,1.3646625662833214,58.70000000000001,False,58.16183564152575
Jayden Reed,rec_yds,39.5,Over,-146,0.68,45.8,58.6,,GB @ MIN,20.0,False,False,28.99653348783031,58.599999999999994,False,58.06838011385167
Travis Etienne,Rec Yards,19.5,Over,146,1.46,23.8,58.6,,DET @ NO,32.0,True,False,19.791284761534985,58.599999999999994,False,58.06838011385167
Cam Skattebo,rush_yds,39.5,Over,-225,0.44,45.3,58.6,,DAL @ NYG,81.0,True,False,26.695221306256474,58.599999999999994,False,58.06838011385167
Ashton Jeanty,rec,3.5,Over,102,1.02,4.12,58.5,,MIA @ LV,6.0,True,False,2.887729259597036,58.5,False,57.97491231710941
Jahmyr Gibbs,Rush Yards,70.0,Over,-230,0.43,77.8,58.5,model (corrected -- Pacheco share removed),DET @ NO,156.0,True,False,36.32949713686592,58.5,False,57.97491231710941
Chris Olave,Receptions,6.5,Over,102,1.02,7.1,58.4,,DET @ NO,10.0,True,False,2.828358273601444,58.4,False,57.88143238390218
Saquon Barkley,Rec Yards,14.5,Over,-130,0.77,18.4,58.4,,WAS @ PHI,-3.0,False,False,18.38432877840939,58.4,False,57.88143238390218
Justin Herbert,pass_yds,249.5,Over,128,1.28,266.3,58.3,,ARI @ LAC,209.0,False,False,80.16253033583244,58.3,False,57.787940447198395
Sam LaPorta,Receptions,3.5,Over,-174,0.57,3.8,58.2,,DET @ NO,5.0,True,False,1.4491869872195728,58.20000000000001,False,57.69443664032672
Bijan Robinson,Rec Yards,24.5,Over,-210,0.48,28.6,58.1,,PIT @ ATL,90.0,True,False,20.053569291691588,58.099999999999994,False,57.60092109697087
Chig Okonkwo,Receptions,2.5,Over,-158,0.63,2.8,58.1,,WAS @ PHI,2.0,False,False,1.4673343384164563,58.099999999999994,False,57.60092109697087
Jared Goff,Pass Yards,275.0,Over,116,1.16,289.9,58.0,model,DET @ NO,206.0,False,False,73.80129394635479,57.99999999999999,False,57.507393951164865
Bucky Irving,Receptions,2.5,Over,146,1.46,2.9,57.9,,CIN @ TB,7.0,True,False,2.0066631444235825,57.9,False,57.413855337287856
Saquon Barkley,Receptions,2.5,Over,-102,0.98,3.0,57.9,,WAS @ PHI,1.0,False,False,2.508328930529479,57.9,False,57.413855337287856
Michael Wilson,rec,3.5,Over,-122,0.82,3.87,57.9,,ARI @ LAC,5.0,True,False,1.8561634085918148,57.9,False,57.413855337287856
Javonte Williams,rush_yds,49.5,Over,-420,0.24,55.8,57.8,,DAL @ NYG,41.0,False,False,32.01551051377006,57.8,False,57.32030539005929
Jalen Nailor,rec,4.5,Over,250,2.5,5.02,57.8,,MIA @ LV,3.0,False,False,2.642550074152448,57.8,False,57.32030539005929
Daniel Jones,Pass Yards,200.0,Over,-275,0.36,211.0,57.7,model,IND @ BAL,166.0,False,False,56.63545419542474,57.70000000000001,False,57.226744244533975
Tee Higgins,Rec Yards,69.5,Over,118,1.18,78.0,57.6,,CIN @ TB,59.0,False,False,44.34684607986739,57.60000000000001,False,57.13317203609722
Braelon Allen,Rush Yards,10.0,Over,-320,0.31,12.2,57.6,model,NYJ @ TEN,40.0,True,False,11.478007220671557,57.60000000000001,False,57.13317203609722
Rashod Bateman,Rec Yards,19.5,Over,-174,0.57,22.7,57.5,,IND @ BAL,0.0,False,False,16.920614575039792,57.49999999999999,False,57.03958890045996
Andrei Iosivas,Rec Yards,19.5,Over,146,1.46,24.0,57.5,,CIN @ TB,12.0,False,False,23.794614246149713,57.49999999999999,False,57.03958890045996
Cam Ward,Rush Yards,10.0,Over,-114,0.88,12.1,57.5,"model (real historical SD, corrected)",NYJ @ TEN,21.0,True,False,11.104153314869865,57.49999999999999,False,57.03958890045996
Tee Higgins,Receptions,5.5,Over,138,1.38,5.9,57.4,,CIN @ TB,3.0,False,False,2.1439997970838354,57.4,False,56.94599497365396
Jaxson Dart,pass_yds,199.5,Over,-160,0.62,215.1,57.4,,DAL @ NYG,230.0,True,False,83.61599208626947,57.4,False,56.94599497365396
Ashton Jeanty,rec_yds,19.5,Over,106,1.06,23.6,57.4,,MIA @ LV,45.0,True,False,21.9759979201093,57.4,False,56.94599497365396
Kendrick Bourne,rec_yds,24.5,Over,142,1.42,28.2,57.4,,ARI @ LAC,75.0,True,False,19.831998123025453,57.4,False,56.94599497365396
Alec Pierce,Rec Yards,39.5,Over,-138,0.72,45.4,57.3,,IND @ BAL,61.0,True,False,32.06222878000418,57.3,False,56.85239039202696
Wan'Dale Robinson,Rec Yards,39.5,Over,-130,0.77,44.1,57.2,,NYJ @ TEN,38.0,False,False,25.348777615833246,57.2,False,56.758775292237985
Dallas Goedert,Receptions,3.5,Over,-122,0.82,3.8,57.2,,WAS @ PHI,4.0,True,False,1.6531811488586885,57.2,False,56.758775292237985
Ashton Jeanty,rush_yds,69.5,Over,152,1.52,78.0,57.2,,MIA @ LV,102.0,True,False,46.8401325509962,57.2,False,56.758775292237985
Chase Brown,Rec Yards,19.5,Over,-162,0.62,23.2,57.2,,CIN @ TB,22.0,True,False,20.389234169257165,57.2,False,56.758775292237985
Tyler Shough,Rush Yards,16.5,Over,-114,0.88,19.7,57.1,"model (real historical SD, corrected)",DET @ NO,8.0,False,False,17.885022306242185,57.10000000000001,False,56.665149811252434
Ladd McConkey,rec_yds,79.5,Over,225,2.25,87.3,57.1,,ARI @ LAC,82.0,True,False,43.594741871465324,57.10000000000001,False,56.665149811252434
Michael Wilson,rec_yds,39.5,Over,-130,0.77,44.8,57.1,,ARI @ LAC,56.0,True,False,29.62206819471361,57.10000000000001,False,56.665149811252434
Chase Brown,Receptions,4.5,Over,194,1.94,5.3,57.0,,CIN @ TB,5.0,True,False,4.535811698918445,56.99999999999999,False,56.57151408633755
Tyjae Spears,Receptions,2.5,Over,-144,0.69,2.8,57.0,,NYJ @ TEN,2.0,False,False,1.7009293870944162,56.99999999999999,False,56.57151408633755
Rachaad White,Rec Yards,14.5,Over,-114,0.88,18.0,57.0,,WAS @ PHI,5.0,False,False,19.8441761827682,56.99999999999999,False,56.57151408633755
Baker Mayfield,Pass TDs,1.5,Over,-102,0.98,1.905,57.0,model,CIN @ TB,0.0,False,False,2.2962546725774633,56.99999999999999,False,56.57151408633755
Ja'Marr Chase,Receptions,9.5,Over,320,3.2,10.2,56.9,,CIN @ TB,2.0,False,False,4.02695036528139,56.89999999999999,False,56.47786825505761
Travis Etienne,Receptions,2.5,Over,-114,0.88,2.8,56.8,,DET @ NO,7.0,True,False,1.7514710875382808,56.8,False,56.38421245526919
De'Von Achane,rec,4.5,Over,120,1.2,5.02,56.8,,MIA @ LV,4.0,False,False,3.0358832183996864,56.8,False,56.38421245526919
CeeDee Lamb,rec_yds,79.5,Over,104,1.04,86.5,56.8,,DAL @ NYG,44.0,False,False,40.86765870922658,56.8,False,56.38421245526919
Justice Hill,Rush Yards,15.0,Over,188,1.88,18.5,56.8,model,IND @ BAL,18.0,True,False,20.43382935461329,56.8,False,56.38421245526919
Samaje Perine,Rec Yards,9.5,Over,136,1.36,11.8,56.7,,CIN @ TB,30.0,True,False,13.630318809198618,56.7,False,56.29054682511665
Breece Hall,Rush Yards,60.0,Over,-148,0.68,66.6,56.7,model,NYJ @ TEN,102.0,True,False,39.11308875683077,56.7,False,56.29054682511665
CeeDee Lamb,rec,6.5,Over,120,1.2,6.89,56.7,,DAL @ NYG,5.0,False,False,2.3112279719945454,56.7,False,56.29054682511665
Breece Hall,Receptions,3.5,Over,172,1.72,4.0,56.7,,NYJ @ TEN,2.0,False,False,2.963112784608394,56.7,False,56.29054682511665
Devaughn Vele,Rec Yards,39.5,Over,-114,0.88,43.7,56.7,,DET @ NO,69.0,True,False,24.890147390710528,56.7,False,56.29054682511665
De'Von Achane,rec_yds,29.5,Over,100,1.0,33.7,56.7,,MIA @ LV,30.0,True,False,24.890147390710528,56.7,False,56.29054682511665
Jordan Addison,rec_yds,39.5,Over,-136,0.74,44.5,56.6,,GB @ MIN,0.0,False,False,30.08433719677312,56.60000000000001,False,56.196871503027346
Baker Mayfield,Pass TDs,2.0,Over,-102,0.98,1.905,56.6,model,CIN @ TB,0.0,False,False,,,,
Saquon Barkley,Rush Yards,80.0,Over,110,1.1,88.4,56.5,model,WAS @ PHI,83.0,True,False,51.32639433089777,56.49999999999999,False,56.1031866277071
Jordan Love,rush_yds,9.5,Over,-114,0.88,10.6,56.5,,GB @ MIN,0.0,False,False,6.721313543331844,56.49999999999999,False,56.1031866277071
Jaylen Warren,Rec Yards,14.5,Over,-192,0.52,17.0,56.4,,PIT @ ATL,27.0,True,False,15.516521235122852,56.39999999999999,False,56.00949233813564
Rico Dowdle,Rec Yards,9.5,Over,-130,0.77,11.4,56.4,,PIT @ ATL,6.0,False,False,11.792556138693369,56.39999999999999,False,56.00949233813564
Tony Pollard,Receptions,2.5,Over,225,2.25,2.9,56.4,,NYJ @ TEN,1.0,False,False,2.482643397619656,56.39999999999999,False,56.00949233813564
Chig Okonkwo,Rec Yards,24.5,Over,-125,0.8,27.7,56.3,,WAS @ PHI,16.0,False,False,20.17912380710463,56.3,False,55.915788773561935
Baker Mayfield,Pass Yards,250.0,Over,128,1.28,262.1,56.3,model,CIN @ TB,216.0,False,False,76.30231189561454,56.3,False,55.915788773561935
Greg Dulcich,rec_yds,39.5,Over,194,1.94,44.7,56.2,,MIA @ LV,18.0,False,False,33.32438429187002,56.2,False,55.822076073499716
Tre Tucker,rec,5.5,Over,220,2.2,5.98,56.2,,MIA @ LV,2.0,False,False,3.0760970115572333,56.2,False,55.822076073499716
Jahmyr Gibbs,Receptions,3.5,Over,-178,0.56,3.9,56.1,,DET @ NO,5.0,True,False,2.6057772884806987,56.10000000000001,False,55.72835437772285
Chase Brown,Rush Yards,60.0,Over,102,1.02,65.8,56.1,model,CIN @ TB,56.0,False,False,37.78377068297012,56.10000000000001,False,55.72835437772285
Adonai Mitchell,Rec Yards,24.5,Over,-192,0.52,29.3,56.1,,NYJ @ TEN,60.0,True,False,31.2693274617684,56.10000000000001,False,55.72835437772285
Amon-Ra St. Brown,Receptions,7.5,Over,154,1.54,7.9,55.9,,DET @ NO,10.0,True,False,2.6947941908750215,55.89999999999999,False,55.54088455939489
Joe Burrow,Pass Yards,269.5,Over,-114,0.88,283.3,55.9,model,CIN @ TB,254.0,False,False,92.97039958518823,55.89999999999999,False,55.54088455939489
Mark Andrews,Rec Yards,39.5,Over,104,1.04,43.3,55.9,,IND @ BAL,49.0,True,False,25.600544813312663,55.89999999999999,False,55.54088455939489
Jameson Williams,Rec Yards,59.5,Over,-110,0.91,66.1,55.7,,DET @ NO,45.0,False,False,46.03555876497646,55.7,False,55.353380441802436
Baker Mayfield,Rush Yards,25.0,Over,220,2.2,27.2,55.7,"model (real historical SD, corrected)",CIN @ TB,31.0,True,False,15.345186254992159,55.7,False,55.353380441802436
Dontayvion Wicks,Rec Yards,14.5,Over,-330,0.3,16.2,55.7,,WAS @ PHI,73.0,True,False,11.857643924312121,55.7,False,55.353380441802436
Pat Freiermuth,Rec Yards,19.5,Over,-192,0.52,21.3,55.6,,PIT @ ATL,46.0,True,False,12.780880221526477,55.60000000000001,False,55.25961587285349
Kyle Pitts,Receptions,3.5,Over,-220,0.45,3.8,55.5,,PIT @ ATL,0.0,False,False,2.1691313982559244,55.50000000000001,False,55.16584315204629
DK Metcalf,Rec Yards,49.5,Over,-110,0.91,53.4,55.5,,PIT @ ATL,40.0,False,False,28.19870817732702,55.50000000000001,False,55.16584315204629
Chris Olave,Rec Yards,79.5,Over,-102,0.98,85.0,55.4,,DET @ NO,182.0,True,False,40.5085125491573,55.39999999999999,False,55.0720624208509
Ja'Marr Chase,Rec Yards,109.5,Over,205,2.05,117.8,55.4,,CIN @ TB,12.0,False,False,61.13102802872827,55.39999999999999,False,55.0720624208509
Bijan Robinson,Receptions,3.5,Over,-220,0.45,3.8,55.3,,PIT @ ATL,8.0,True,False,2.2514996629471593,55.3,False,54.97827382096201
Bucky Irving,Rush Yards,57.5,Over,-114,0.88,62.5,55.2,model,CIN @ TB,45.0,False,False,38.25087379848744,55.2,False,54.88447749429453
Juwan Johnson,Rec Yards,39.5,Over,-138,0.72,43.1,55.1,,DET @ NO,54.0,True,False,28.083697635325827,55.1,False,54.79067358297931
Terry McLaurin,Rec Yards,49.5,Over,-132,0.76,53.1,55.0,,WAS @ PHI,14.0,False,False,28.64842761992595,55.00000000000001,False,54.69686222935874
Cade Otton,Rec Yards,29.5,Over,-132,0.76,32.3,54.8,,CIN @ TB,26.0,False,False,23.215334793485948,54.79999999999999,False,54.50921776560318
Kenny Gainwell,Rec Yards,14.5,Over,-275,0.36,16.8,54.7,,CIN @ TB,3.0,False,False,19.477430791300705,54.7,False,54.415384941172064
Garrett Wilson,Rec Yards,59.5,Over,-128,0.78,64.1,54.7,,NYJ @ TEN,79.0,True,False,38.954861582601346,54.7,False,54.415384941172064
De'Von Achane,rush_yds,79.5,Over,148,1.48,85.0,54.7,,MIA @ LV,36.0,False,False,46.57646493571906,54.7,False,54.415384941172064
Joe Burrow,Rush Yards,7.5,Over,-114,0.88,8.9,54.6,"model (real historical SD, corrected)",CIN @ TB,21.0,True,False,12.11475122417448,54.6,False,54.32154524583477
Derrick Henry,Rush Yards,90.0,Over,140,1.4,95.1,54.6,model,IND @ BAL,144.0,True,False,44.13230803092126,54.6,False,54.32154524583477
Lamar Jackson,Pass TDs,1.5,Over,-106,0.94,1.823,54.6,model,IND @ BAL,1.0,False,False,2.795046175291682,54.6,False,54.32154524583477
Quentin Johnston,rec_yds,49.5,Over,122,1.22,53.8,54.5,,ARI @ LAC,17.0,False,False,38.04012308970601,54.50000000000001,False,54.22769882292705
Jalen Nailor,rec_yds,59.5,Over,250,2.5,64.6,54.5,,MIA @ LV,27.0,False,False,45.117355292441985,54.50000000000001,False,54.22769882292705
Jacoby Brissett,rush_yds,14.5,Over,152,1.52,15.6,54.5,,ARI @ LAC,17.0,True,False,9.731194278762006,54.50000000000001,False,54.22769882292704
Amon-Ra St. Brown,Rec Yards,89.5,Over,142,1.42,95.0,54.5,,DET @ NO,67.0,False,False,48.65597139381004,54.50000000000001,False,54.22769882292705
Jayden Daniels,Rush Yards,40.0,Over,106,1.06,42.8,54.4,"model (real historical SD, corrected)",WAS @ PHI,31.0,False,False,25.33565133214269,54.400000000000006,False,54.13384581597054
Lamar Jackson,Rush Yards,30.0,Over,-270,0.37,33.1,54.4,"model (real historical SD, corrected)",IND @ BAL,43.0,True,False,28.050185403443734,54.400000000000006,False,54.13384581597054
Kenny Gainwell,Receptions,2.5,Over,-225,0.44,2.8,54.3,,CIN @ TB,1.0,False,False,2.7779174604919623,54.29999999999999,False,54.0399863686685
Rashod Bateman,Receptions,1.5,Over,-205,0.49,1.6,54.2,,IND @ BAL,0.0,False,False,0.9481043537040681,54.2,False,53.94612062490165
Jack Bech,rec_yds,24.5,Over,138,1.38,26.6,54.1,,MIA @ LV,23.0,False,False,20.397588977765846,54.1,False,53.85224872872381
Michael Pittman,Receptions,4.5,Over,118,1.18,4.7,54.0,,PIT @ ATL,3.0,False,False,1.991363049994344,54.0,False,53.758370824357904
Omarion Hampton,rush_yds,59.5,Over,-192,0.52,63.1,54.0,,ARI @ LAC,43.0,False,False,35.84453489989817,54.0,False,53.758370824357904
Tre Tucker,rec_yds,59.5,Over,174,1.74,64.6,54.0,,MIA @ LV,27.0,False,False,50.77975777485567,54.0,False,53.758370824357904
Joe Burrow,Pass Yards,275.0,Over,-102,0.98,283.3,53.9,model,CIN @ TB,254.0,False,False,84.76763039637835,53.900000000000006,False,53.66448705619169
Malik Washington,rec_yds,39.5,Over,188,1.88,42.9,53.9,,MIA @ LV,53.0,True,False,34.72408955996215,53.900000000000006,False,53.66448705619169
Lamar Jackson,Pass TDs,2.0,Over,-106,0.94,1.823,53.9,model,IND @ BAL,1.0,False,False,,,,
Emeka Egbuka,Rec Yards,59.5,Over,-112,0.89,63.3,53.7,,CIN @ TB,63.0,True,False,40.91361886258695,53.7,False,53.47670250680822
Jacoby Brissett,pass_yds,224.5,Over,-106,0.94,229.8,53.7,,ARI @ LAC,277.0,True,False,57.06373157150302,53.7,False,53.47670250680822
Isaac TeSlaa,Rec Yards,14.5,Over,-146,0.68,16.2,53.7,,DET @ NO,0.0,False,False,18.303461070104696,53.7,False,53.47670250680822
Daniel Jones,Rush Yards,15.0,Over,148,1.48,16.7,53.7,"model (real historical SD, corrected)",IND @ BAL,4.0,False,False,18.303461070104696,53.7,False,53.47670250680822
George Pickens,rec_yds,79.5,Over,142,1.42,83.5,53.6,,DAL @ NYG,28.0,False,False,44.266670906065194,53.6,False,53.38280201515311
Rico Dowdle,Rush Yards,46.5,Over,-114,0.88,48.9,53.6,model,PIT @ ATL,15.0,False,False,26.5600025436391,53.6,False,53.38280201515311
Tony Pollard,Rush Yards,60.0,Over,142,1.42,63.1,53.4,model,NYJ @ TEN,35.0,False,False,36.33005721169624,53.400000000000006,False,53.19498532293907
Justice Hill,Rec Yards,14.5,Over,122,1.22,15.9,53.4,,IND @ BAL,10.0,False,False,16.407122611733783,53.400000000000006,False,53.19498532293907
Malik Nabers,rec_yds,59.5,Over,100,1.0,62.6,53.4,,DAL @ NYG,69.0,True,False,36.33005721169624,53.400000000000006,False,53.19498532293907
Jonathan Taylor,Rush Yards,76.5,Over,-114,0.88,79.7,53.2,model,IND @ BAL,98.0,True,False,39.851397678824966,53.2,False,53.00714865387908
Samaje Perine,Rush Yards,15.0,Over,-178,0.56,16.7,53.2,model,CIN @ TB,20.0,True,False,21.171055016875734,53.2,False,53.00714865387908
Jaylen Warren,Receptions,2.5,Over,-136,0.74,2.6,53.2,,PIT @ ATL,5.0,True,False,1.2453561774632802,53.2,False,53.00714865387908
MarShawn Lloyd,rec_yds,9.5,Over,-130,0.77,10.8,53.1,,GB @ MIN,0.0,False,False,16.71298270277136,53.1,False,52.913223191675996
Jayden Reed,rec,3.5,Over,-132,0.76,3.61,53.1,,GB @ MIN,3.0,False,False,1.4141754594652665,53.1,False,52.913223191675996
Breece Hall,Rec Yards,29.5,Over,182,1.82,31.7,53.1,,NYJ @ TEN,16.0,False,False,28.28350918930535,53.1,False,52.913223191675996
Michael Pittman,Rec Yards,49.5,Over,162,1.62,51.5,53.0,,PIT @ ATL,58.0,True,False,26.57105970710314,53.0,False,52.81929317189462
Bucky Irving,Rush Yards,60.0,Over,-102,0.98,62.5,53.0,model,CIN @ TB,45.0,False,False,33.21382463387892,53.0,False,52.81929317189462
Kenyon Sadiq,Receptions,2.5,Over,220,2.2,2.6,52.9,,NYJ @ TEN,3.0,True,False,1.3744503230637977,52.900000000000006,False,52.725358740343296
Jordan Mason,rush_yds,49.5,Over,120,1.2,51.5,52.9,,GB @ MIN,59.0,True,False,27.489006461275928,52.900000000000006,False,52.725358740343296
Jalen Hurts,Rush Yards,28.5,Over,-114,0.88,30.1,52.9,"model (real historical SD, corrected)",WAS @ PHI,48.0,True,False,21.991205169020763,52.900000000000006,False,52.725358740343296
Malik Nabers,rec,5.5,Over,118,1.18,5.62,52.8,,DAL @ NYG,6.0,True,False,1.7083476486349753,52.800000000000004,False,52.63142004294987
Geno Smith,Pass Yards,212.5,Over,-114,0.88,217.2,52.8,model,NYJ @ TEN,215.0,True,False,66.91028290486965,52.800000000000004,False,52.63142004294987
Isaiah Likely,rec_yds,29.5,Over,-182,0.55,31.1,52.8,,DAL @ NYG,78.0,True,False,22.777968648466338,52.800000000000004,False,52.63142004294987
Javonte Williams,rec,3.5,Over,310,3.1,3.73,52.7,,DAL @ NYG,5.0,True,False,3.395800661149643,52.7,False,52.53747722575767
Drake London,Rec Yards,69.5,Over,174,1.74,71.5,52.6,,PIT @ ATL,29.0,False,False,30.66612667053217,52.6,False,52.443530434921406
Michael Mayer,rec,4.5,Over,-122,0.82,4.61,52.4,,MIA @ LV,6.0,True,False,1.8273818027078215,52.400000000000006,False,52.25562551746822
Tucker Kraft,rec,4.5,Over,126,1.26,4.63,52.3,,GB @ MIN,3.0,False,False,2.253641251631481,52.300000000000004,False,52.16166768368136
Michael Mayer,rec_yds,39.5,Over,-114,0.88,40.9,52.3,,MIA @ LV,32.0,False,False,24.269982709877485,52.300000000000004,False,52.16166768368136
Marvin Harrison Jr.,rec,3.5,Over,-152,0.66,3.62,52.3,,ARI @ LAC,1.0,False,False,2.080284232275217,52.300000000000004,False,52.16166768368136
Dak Prescott,pass_td,2.0,Over,-152,0.66,1.75,52.2,,DAL @ NYG,2.0,True,False,,,,
Jake Ferguson,rec_yds,29.5,Over,-125,0.8,30.6,52.2,,DAL @ NYG,6.0,False,False,19.936998310219398,52.2,False,52.06770646190244
Aaron Jones,rec_yds,14.5,Over,-114,0.88,15.2,52.1,,GB @ MIN,0.0,False,False,13.291931651445115,52.1,False,51.97374199878264
MarShawn Lloyd,rush_yds,39.5,Over,-158,0.63,40.7,52.0,,GB @ MIN,37.0,False,False,23.926505687152005,52.0,False,51.879774441060334
MarShawn Lloyd,rec,1.5,Over,-158,0.63,1.58,52.0,,GB @ MIN,0.0,False,False,1.5951003791434646,52.0,False,51.879774441060334
Drake London,Receptions,5.5,Over,126,1.26,5.6,51.9,,PIT @ ATL,2.0,False,False,2.0989021166829405,51.9,False,51.78580393555714
Aaron Rodgers,Pass Yards,200.0,Over,-154,0.65,202.5,51.8,model,PIT @ ATL,221.0,True,False,55.389843322385396,51.800000000000004,False,51.69183062917385
Bucky Irving,Rec Yards,19.5,Over,158,1.58,20.6,51.8,,CIN @ TB,48.0,True,False,24.371531061849605,51.800000000000004,False,51.69183062917385
Breece Hall,Rush Yards,64.5,Over,-114,0.88,66.6,51.7,model,NYJ @ TEN,102.0,True,False,49.266185819681304,51.7,False,51.597854668886534
Carnell Tate,Rec Yards,39.5,Over,-102,0.98,40.9,51.7,,NYJ @ TEN,38.0,False,False,32.844123879787595,51.7,False,51.597854668886534
Derrick Henry,Rec Yards,9.5,Over,116,1.16,10.0,51.5,,IND @ BAL,19.0,True,False,13.294941915558152,51.5,False,51.40989537485625
Garrett Wilson,Receptions,5.5,Over,-114,0.88,5.6,51.5,,NYJ @ TEN,6.0,True,False,2.658988383111621,51.5,False,51.40989537485625
Tucker Kraft,rec_yds,59.5,Over,188,1.88,60.2,51.5,,GB @ MIN,65.0,True,False,18.612918681781487,51.5,False,51.40989537485625
Darnell Mooney,rec,1.5,Over,-128,0.78,1.52,51.4,,DAL @ NYG,2.0,True,False,0.5698005410230643,51.4,False,51.31591233540561
Tyjae Spears,Rush Yards,24.5,Over,-114,0.88,25.3,51.4,model,NYJ @ TEN,12.0,False,False,22.792021640922574,51.4,False,51.31591233540561
Matthew Golden,rec_yds,24.5,Over,-290,0.34,25.3,51.3,,GB @ MIN,95.0,True,False,24.545948510077608,51.300000000000004,False,51.221927230627685
Tyler Shough,Pass Yards,225.0,Over,-198,0.51,227.7,51.2,model,DET @ NO,410.0,True,False,89.74847505168388,51.2,False,51.1279402078149
Stefon Diggs,Rec Yards,49.5,Over,126,1.26,50.3,51.2,,WAS @ PHI,55.0,True,False,26.5921407560545,51.2,False,51.1279402078149
DeVonta Smith,Rec Yards,79.5,Over,158,1.58,80.5,51.1,,WAS @ PHI,53.0,False,False,36.262883910630265,51.1,False,51.03395141431106
Caleb Douglas,rec_yds,39.5,Over,162,1.62,40.4,51.1,,MIA @ LV,94.0,True,False,32.63659551956719,51.1,False,51.03395141431106
Bijan Robinson,Rush Yards,70.0,Over,-166,0.6,71.0,51.1,model,PIT @ ATL,83.0,True,False,36.262883910630265,51.1,False,51.03395141431106
Quentin Johnston,rec,4.5,Over,240,2.4,4.56,51.0,,ARI @ LAC,2.0,False,False,2.3934029907006633,51.0,False,50.93996099750733
Makai Lemon,Rec Yards,39.5,Over,210,2.1,40.2,50.9,,WAS @ PHI,-5.0,False,False,31.026211825916,50.9,False,50.84596910483832
Mark Andrews,Receptions,3.5,Over,116,1.16,3.5,50.9,,IND @ BAL,4.0,True,False,,,,
T.J. Hockenson,rec_yds,29.5,Over,140,1.4,29.9,50.8,,GB @ MIN,36.0,True,False,19.945777053087376,50.8,False,50.75197588377811
Javonte Williams,rec_yds,19.5,Over,230,2.3,19.8,50.8,,DAL @ NYG,31.0,True,False,14.95933278981562,50.8,False,50.75197588377811
Jahmyr Gibbs,Rec Yards,29.5,Over,-125,0.8,29.7,50.7,,DET @ NO,30.0,True,False,11.397765955665177,50.7,False,50.65798148183633
Tre Harris,rec,3.5,Over,235,2.35,3.54,50.7,,ARI @ LAC,3.0,False,False,2.2795531911330458,50.7,False,50.65798148183633
Jaxson Dart,rush_yds,39.5,Over,158,1.58,40.1,50.6,,DAL @ NYG,59.0,True,False,39.892724000805295,50.6,False,50.56398604655412
Jacory Croskey-Merritt,Rush Yards,50.0,Over,146,1.46,50.2,50.6,model,WAS @ PHI,63.0,True,False,13.297574666935255,50.6,False,50.56398604655412
Gunnar Helm,Rec Yards,19.5,Over,-136,0.74,19.7,50.5,,NYJ @ TEN,28.0,True,False,15.957273432646534,50.5,False,50.4699897255003
Aaron Jones,rush_yds,39.5,Over,178,1.78,39.8,50.5,,GB @ MIN,40.0,True,False,23.93591014896966,50.5,False,50.4699897255003
Tyjae Spears,Rush Yards,25.0,Over,-114,0.88,25.3,50.5,model,NYJ @ TEN,12.0,False,False,23.935910148969942,50.5,False,50.4699897255003
Kenyon Sadiq,Rec Yards,24.5,Over,182,1.82,24.8,50.4,,NYJ @ TEN,21.0,False,False,29.920169695212476,50.4,False,50.3759926662673
Trey McBride,rec_yds,59.5,Over,102,1.02,59.9,50.4,,ARI @ LAC,95.0,True,False,39.8935595936164,50.4,False,50.3759926662673
Jauan Jennings,rec_yds,24.5,Over,100,1.0,24.8,50.3,,GB @ MIN,0.0,False,False,39.89385204200403,50.3,False,50.281995016467306
Jalen Hurts,Rush Yards,30.0,Over,-104,0.96,30.1,50.3,"model (real historical SD, corrected)",WAS @ PHI,48.0,True,False,13.297950680668167,50.3,False,50.281995016467306
Geno Smith,Rush Yards,10.0,Over,142,1.42,10.1,50.3,"model (real historical SD, corrected)",NYJ @ TEN,10.0,True,False,13.297950680667931,50.3,False,50.281995016467306
Chris Bell,rec_yds,49.5,Over,520,5.2,49.7,50.2,,MIA @ LV,25.0,False,False,39.894060930822164,50.2,False,50.187996923728264
Lamar Jackson,Pass Yards,220.5,Over,-114,0.88,220.1,50.2,model,IND @ BAL,324.0,True,False,,,,
Darnell Mooney,rec_yds,19.5,Over,-136,0.74,19.6,50.1,,DAL @ NYG,27.0,True,False,39.89418626295776,50.1,False,50.093998535689934
Marvin Harrison Jr.,rec_yds,49.5,Over,-104,0.96,49.5,50.1,,ARI @ LAC,33.0,False,False,,,,
Tyler Warren,Rec Yards,49.5,Over,110,1.1,49.5,50.0,,IND @ BAL,13.0,False,False,,,,
Travis Etienne,Rush Yards,50.0,Over,-168,0.6,49.9,50.0,model,DET @ NO,46.0,False,False,inf,50.0,False,50.0
Jonathan Taylor,Receptions,2.5,Over,-154,0.65,2.5,49.9,,IND @ BAL,3.0,True,False,,,,
Jonathan Taylor,Rush Yards,80.0,Over,100,1.0,79.7,49.9,model,IND @ BAL,98.0,True,False,119.68255878887044,49.9,False,49.906001464310066
Jordan Love,pass_td,2.0,Over,-102,0.98,1.69,49.9,,GB @ MIN,2.0,True,False,123.67197741516732,49.9,False,49.906001464310066
Cooper Rush,Pass Yards,175.0,Over,-160,0.62,175.0,49.9,ESTIMATE (not in model -- recent starter change),PIT @ ATL,143.0,False,False,,,,
Theo Johnson,rec_yds,24.5,Over,188,1.88,24.5,49.9,,DAL @ NYG,9.0,False,False,,,,
Adonai Mitchell,Rec Yards,29.5,Over,-138,0.72,29.3,49.7,,NYJ @ TEN,60.0,True,False,26.595901361336846,49.70000000000001,False,49.7180049835327
Emeka Egbuka,Receptions,4.5,Over,-110,0.91,4.5,49.6,,CIN @ TB,5.0,True,False,,,,
Chris Godwin Jr.,Rec Yards,49.5,Over,102,1.02,49.3,49.6,,CIN @ TB,40.0,False,False,19.946779796808553,49.6,False,49.6240073337327
Tyler Shough,Rush Yards,20.0,Over,124,1.24,19.7,49.4,"model (real historical SD, corrected)",DET @ NO,8.0,False,False,19.946362000402647,49.4,False,49.43601395344588
Adonai Mitchell,Receptions,2.5,Over,-130,0.77,2.5,49.4,,NYJ @ TEN,3.0,True,False,,,,
Jayden Daniels,Pass Yards,200.0,Over,-136,0.74,199.1,49.4,model,WAS @ PHI,164.0,False,False,59.83908600120817,49.4,False,49.43601395344588
Jordan Addison,rec,3.5,Over,102,1.02,3.48,49.3,,GB @ MIN,0.0,False,False,1.1397765955665229,49.3,False,49.34201851816367
Dak Prescott,pass_yds,274.5,Over,114,1.14,273.0,49.1,,DAL @ NYG,175.0,False,False,66.48473962696258,49.1,False,49.15403089516168
Rachaad White,Rush Yards,30.0,Over,132,1.32,29.5,49.1,model,WAS @ PHI,22.0,False,False,22.161579875654194,49.1,False,49.15403089516168
Tyler Warren,Receptions,4.5,Over,-132,0.76,4.5,49.1,,IND @ BAL,3.0,False,False,,,,
Andrei Iosivas,Rec Yards,24.5,Over,205,2.05,24.0,49.0,,CIN @ TB,12.0,False,False,19.945024922505656,49.0,False,49.06003900249267
Travis Etienne,Rec Yards,24.5,Over,225,2.25,23.8,48.9,,DET @ NO,32.0,True,False,25.384018737441156,48.9,False,48.96604858568894
Ashton Jeanty,rush_yds,79.5,Over,225,2.25,78.0,48.9,,MIA @ LV,102.0,True,False,54.39432586594539,48.9,False,48.96604858568894
Saquon Barkley,Rush Yards,90.0,Over,168,1.68,88.4,48.8,model,WAS @ PHI,83.0,False,False,53.184281512109,48.8,False,48.8720597921851
Tee Higgins,Rec Yards,79.5,Over,174,1.74,78.0,48.7,,CIN @ TB,59.0,False,False,46.02365345639586,48.70000000000001,False,48.778072769372315
KaVontae Turpin,rec_yds,14.5,Over,168,1.68,14.1,48.7,,DAL @ NYG,8.0,False,False,12.272974255038907,48.70000000000001,False,48.778072769372315
Ashton Jeanty,rec_yds,24.5,Over,164,1.64,23.6,48.6,,MIA @ LV,45.0,True,False,25.64102434603783,48.6,False,48.68408766459439
Dallas Goedert,Rec Yards,49.5,Over,182,1.82,48.5,48.6,,WAS @ PHI,77.0,True,False,28.49002705115319,48.6,False,48.68408766459439
Rico Dowdle,Rush Yards,50.0,Over,104,1.04,48.9,48.4,model,PIT @ ATL,15.0,False,False,27.419926831873962,48.4,False,48.49612379825751
Bijan Robinson,Rec Yards,29.5,Over,-140,0.71,28.6,48.3,,PIT @ ATL,90.0,True,False,21.1140796370063,48.3,False,48.402145331113466
Chase Brown,Receptions,5.5,Over,360,3.6,5.3,48.3,,CIN @ TB,5.0,False,False,4.692017697112522,48.3,False,48.402145331113466
Kyle Pitts,Rec Yards,49.5,Over,168,1.68,47.9,48.0,,PIT @ ATL,0.0,False,False,31.90200758286929,48.0,False,48.120225558939666
Ladd McConkey,rec_yds,89.5,Over,320,3.2,87.3,48.0,,ARI @ LAC,82.0,False,False,43.865260426445296,48.0,False,48.120225558939666
Saquon Barkley,Rec Yards,19.5,Over,130,1.3,18.4,48.0,,WAS @ PHI,-3.0,False,False,21.932630213222648,48.0,False,48.120225558939666
Mike Gesicki,Rec Yards,19.5,Over,-138,0.72,18.7,47.8,,CIN @ TB,78.0,True,False,14.49963513470501,47.8,False,47.93229353809756
Kendrick Bourne,rec_yds,29.5,Over,194,1.94,28.2,47.6,,ARI @ LAC,75.0,True,False,21.59633039563784,47.599999999999994,False,47.74437448253178
Caleb Douglas,rec,3.5,Over,290,2.9,3.39,47.6,,MIA @ LV,5.0,True,False,1.8273818027078141,47.599999999999994,False,47.74437448253178
Jahmyr Gibbs,Rush Yards,80.0,Over,-138,0.72,77.8,47.6,model (corrected -- Pacheco share removed),DET @ NO,156.0,True,False,36.54763605415637,47.599999999999994,False,47.74437448253178
Justin Herbert,rush_yds,19.5,Over,-114,0.88,18.8,47.5,,ARI @ LAC,29.0,True,False,11.163067581528539,47.5,False,47.65042018329688
Chase Brown,Rec Yards,24.5,Over,-106,0.94,23.2,47.4,,CIN @ TB,22.0,False,False,19.93298233584592,47.4,False,47.556469565078594
Jake Ferguson,rec,3.5,Over,-120,0.83,3.42,47.3,,DAL @ NYG,2.0,False,False,1.1811480560520509,47.3,False,47.46252277424233
Rachaad White,Rec Yards,19.5,Over,142,1.42,18.0,47.3,,WAS @ PHI,5.0,False,False,22.146526050975936,47.3,False,47.46252277424233
CeeDee Lamb,rec_yds,89.5,Over,154,1.54,86.5,47.2,,DAL @ NYG,44.0,False,False,42.708691215874346,47.199999999999996,False,47.36857995705013
Samaje Perine,Rush Yards,18.5,Over,-114,0.88,16.7,47.2,model,CIN @ TB,20.0,True,False,25.625214729524618,47.199999999999996,False,47.36857995705013
Sam LaPorta,Rec Yards,49.5,Over,130,1.3,47.8,47.1,,DET @ NO,48.0,False,False,23.365655492084667,47.10000000000001,False,47.274641259656725
Jameson Williams,Rec Yards,69.5,Over,140,1.4,66.1,47.1,,DET @ NO,45.0,False,False,46.73131098416933,47.10000000000001,False,47.274641259656725
Cam Ward,Pass Yards,225.0,Over,162,1.62,221.1,47.1,model,NYJ @ TEN,140.0,False,False,53.60356259948834,47.10000000000001,False,47.274641259656725
Ladd McConkey,rec,7.5,Over,450,4.5,7.3,47.1,,ARI @ LAC,5.0,False,False,2.7489006461276055,47.10000000000001,False,47.274641259656725
Malik Washington,rec,4.5,Over,350,3.5,4.37,47.0,,MIA @ LV,3.0,False,False,1.7271188809617026,47.0,False,47.18070682810538
Breece Hall,Rush Yards,70.0,Over,114,1.14,66.6,47.0,model,NYJ @ TEN,102.0,True,False,45.17080150207541,47.0,False,47.18070682810538
Christian Watson,rec_yds,49.5,Over,-158,0.63,46.5,47.0,,GB @ MIN,147.0,True,False,39.85658956065471,47.0,False,47.18070682810538
Lamar Jackson,Pass Yards,225.0,Over,-102,0.98,220.1,46.9,model,IND @ BAL,324.0,True,False,62.99508864890746,46.9,False,47.086776808324004
Joe Burrow,Rush Yards,10.0,Over,118,1.18,8.9,46.9,"model (real historical SD, corrected)",CIN @ TB,21.0,True,False,14.141754594652674,46.9,False,47.086776808324004
Jahan Dotson,Rec Yards,14.5,Over,-104,0.96,13.3,46.8,,PIT @ ATL,19.0,True,False,14.94427412955934,46.8,False,46.99285134612092
Jameson Williams,Receptions,4.5,Over,154,1.54,4.3,46.8,,DET @ NO,4.0,False,False,2.4907123549265604,46.8,False,46.99285134612092
Malik Willis,pass_yds,249.5,Over,450,4.5,243.5,46.8,,MIA @ LV,220.0,False,False,74.72137064779675,46.8,False,46.99285134612092
Tyler Allgeier,rush_yds,29.5,Over,-225,0.44,28.6,46.8,,ARI @ LAC,61.0,True,False,11.208205597169494,46.8,False,46.99285134612092
Justice Hill,Rush Yards,20.0,Over,310,3.1,18.5,46.7,model,IND @ BAL,18.0,False,False,18.113034333109724,46.70000000000001,False,46.898930587180864
Wan'Dale Robinson,Receptions,4.5,Over,-102,0.98,4.4,46.7,,NYJ @ TEN,5.0,True,False,1.2075356222073106,46.70000000000001,False,46.898930587180864
Jeremiyah Love,rush_yds,69.5,Over,430,4.3,66.8,46.6,,ARI @ LAC,41.0,False,False,31.642307894058035,46.599999999999994,False,46.80501467706093
Justin Herbert,pass_yds,274.5,Over,225,2.25,266.3,46.3,,ARI @ LAC,209.0,False,False,88.28728280874022,46.3,False,46.52329749319178
De'Von Achane,rush_yds,89.5,Over,225,2.25,85.0,46.2,,MIA @ LV,36.0,False,False,47.171606681553165,46.199999999999996,False,46.42940243122651
Tyjae Spears,Rec Yards,14.5,Over,-144,0.69,13.2,46.2,,NYJ @ TEN,12.0,False,False,13.627353041337587,46.199999999999996,False,46.42940243122651
Josh Downs,Receptions,3.5,Over,-182,0.55,3.4,46.1,,IND @ BAL,2.0,False,False,1.021296751763597,46.10000000000001,False,46.33551294380833
Samaje Perine,Receptions,2.5,Over,400,4.0,2.3,46.1,,CIN @ TB,3.0,True,False,2.042593503527194,46.10000000000001,False,46.33551294380833
Trey McBride,rec,6.5,Over,118,1.18,6.31,46.0,,ARI @ LAC,9.0,True,False,1.891794897494629,46.0,False,46.241629175642096
Amon-Ra St. Brown,Rec Yards,99.5,Over,198,1.98,95.0,46.0,,DET @ NO,67.0,False,False,44.8056686248727,46.0,False,46.241629175642096
Chig Okonkwo,Rec Yards,29.5,Over,118,1.18,27.7,45.9,,WAS @ PHI,16.0,False,False,17.483647695227862,45.9,False,46.14775127127619
Rashod Bateman,Rec Yards,24.5,Over,-122,0.82,22.7,45.8,,IND @ BAL,0.0,False,False,17.065878366673218,45.8,False,46.05387937509835
Mason Taylor,Rec Yards,19.5,Over,-136,0.74,18.0,45.8,,NYJ @ TEN,-2.0,False,False,14.221565305561008,45.8,False,46.05387937509835
Rachaad White,Receptions,2.5,Over,122,1.22,2.3,45.8,,WAS @ PHI,2.0,False,False,1.8962087074081362,45.8,False,46.05387937509835
Jalen Nailor,rec_yds,69.5,Over,370,3.7,64.6,45.8,,MIA @ LV,27.0,False,False,46.45711333149935,45.8,False,46.05387937509835
Jaxson Dart,pass_yds,224.5,Over,114,1.14,215.1,45.8,,DAL @ NYG,230.0,True,False,89.12180924818237,45.8,False,46.05387937509835
Chase Brown,Rush Yards,70.0,Over,164,1.64,65.8,45.7,model,CIN @ TB,56.0,False,False,38.89084444688752,45.70000000000001,False,45.9600136313315
Ja'Marr Chase,Receptions,10.5,Over,520,5.2,10.2,45.7,,CIN @ TB,2.0,False,False,2.7779174604919707,45.70000000000001,False,45.9600136313315
Stefon Diggs,Receptions,4.5,Over,140,1.4,4.3,45.6,,WAS @ PHI,4.0,False,False,1.8096893808673384,45.599999999999994,False,45.86615418402946
Kirk Cousins,pass_yds,249.5,Over,230,2.3,241.3,45.6,,MIA @ LV,160.0,False,False,74.1972646155607,45.599999999999994,False,45.86615418402946
Geno Smith,Pass Yards,225.0,Over,118,1.18,217.2,45.6,model,NYJ @ TEN,215.0,False,False,70.57788585382623,45.599999999999994,False,45.86615418402946
Chris Olave,Rec Yards,89.5,Over,142,1.42,85.0,45.5,,DET @ NO,182.0,True,False,39.80943114039013,45.50000000000001,False,45.77230117707296
Ja'Marr Chase,Rec Yards,124.5,Over,350,3.5,117.8,45.2,,CIN @ TB,12.0,False,False,55.550979684412745,45.199999999999996,False,45.49078223439681
Tre Tucker,rec_yds,69.5,Over,270,2.7,64.6,45.2,,MIA @ LV,27.0,False,False,40.6268358886004,45.199999999999996,False,45.49078223439681
Jayden Reed,rec_yds,49.5,Over,118,1.18,45.8,45.2,,GB @ MIN,20.0,False,False,30.677406691392125,45.199999999999996,False,45.49078223439681
Jayden Daniels,Pass Yards,205.5,Over,-114,0.88,199.1,45.1,model,WAS @ PHI,164.0,False,False,51.9753695041243,45.10000000000001,False,45.39695642401751
Matthew Golden,rec,2.5,Over,-260,0.38,2.27,45.1,,GB @ MIN,6.0,True,False,1.8678648415544654,45.10000000000001,False,45.39695642401751
Javonte Williams,rush_yds,59.5,Over,-245,0.41,55.8,45.1,,DAL @ NYG,41.0,False,False,30.04826049457186,45.10000000000001,False,45.39695642401751
Derrick Henry,Rush Yards,100.0,Over,198,1.98,95.1,45.1,model,IND @ BAL,144.0,True,False,39.79364227659518,45.10000000000001,False,45.39695642401751
Chris Bell,rec,4.5,Over,800,8.0,4.2,45.0,,MIA @ LV,1.0,False,False,2.38736896832716,44.99999999999999,False,45.30313777064126
Jonathan Taylor,Rec Yards,14.5,Over,-192,0.52,12.9,44.9,,IND @ BAL,23.0,True,False,12.481643393478164,44.900000000000006,False,45.2093264170207
Josh Downs,Rec Yards,39.5,Over,-138,0.72,36.6,44.8,,IND @ BAL,37.0,False,False,22.185506803122706,44.8,False,45.11552250570547
Alec Pierce,Rec Yards,49.5,Over,116,1.16,45.4,44.6,,IND @ BAL,61.0,True,False,30.197254809371756,44.599999999999994,False,44.92793757914909
George Pickens,rec_yds,89.5,Over,205,2.05,83.5,44.5,,DAL @ NYG,28.0,False,False,43.382627965118594,44.50000000000001,False,44.83415684795371
Kendrick Bourne,rec,2.5,Over,142,1.42,2.36,44.5,,ARI @ LAC,8.0,True,False,1.0122613191861014,44.50000000000001,False,44.83415684795371
Christian Watson,rec,3.5,Over,-180,0.56,3.23,44.5,,GB @ MIN,6.0,True,False,1.952218258430337,44.50000000000001,False,44.83415684795371
Aaron Rodgers,Pass Yards,210.5,Over,-114,0.88,202.5,44.5,model,PIT @ ATL,221.0,True,False,57.843503953491464,44.50000000000001,False,44.83415684795371
Jack Bech,rec_yds,29.5,Over,188,1.88,26.6,44.4,,MIA @ LV,23.0,False,False,20.59141813468153,44.39999999999999,False,44.74038412714651
Kenny Gainwell,Rec Yards,19.5,Over,-162,0.62,16.8,44.4,,CIN @ TB,3.0,False,False,19.171320332289703,44.39999999999999,False,44.74038412714651
Jalen Hurts,Pass Yards,250.0,Over,198,1.98,240.0,44.4,model,WAS @ PHI,203.0,False,False,71.00489011959151,44.39999999999999,False,44.74038412714651
Ashton Jeanty,rec,4.5,Over,210,2.1,4.12,44.4,,MIA @ LV,6.0,True,False,2.6981858245444768,44.39999999999999,False,44.74038412714651
Tony Pollard,Rec Yards,14.5,Over,154,1.54,12.7,44.4,,NYJ @ TEN,-1.0,False,False,12.780880221526477,44.39999999999999,False,44.74038412714651
Garrett Wilson,Rec Yards,69.5,Over,124,1.24,64.1,44.4,,NYJ @ TEN,79.0,True,False,38.342640664579456,44.39999999999999,False,44.74038412714651
Quentin Johnston,rec_yds,59.5,Over,182,1.82,53.8,44.2,,ARI @ LAC,17.0,False,False,39.06774222247614,44.199999999999996,False,44.552863282347886
Jared Goff,Pass Yards,300.0,Over,200,2.0,289.9,44.2,model,DET @ NO,206.0,False,False,69.22529762228241,44.199999999999996,False,44.552863282347886
Greg Dulcich,rec_yds,49.5,Over,320,3.2,44.7,44.1,,MIA @ LV,18.0,False,False,32.33753029050021,44.10000000000001,False,44.45911544060511
Samaje Perine,Rush Yards,20.0,Over,-102,0.98,16.7,44.1,model,CIN @ TB,20.0,True,False,22.23205207471891,44.10000000000001,False,44.45911544060511
Jordan Love,pass_yds,224.5,Over,-180,0.56,215.9,43.9,,GB @ MIN,387.0,True,False,56.0242117023351,43.900000000000006,False,44.27164562227715
KaVontae Turpin,rec,1.5,Over,174,1.74,1.38,43.7,,DAL @ NYG,1.0,False,False,0.7567171427664244,43.7,False,44.084211226438065
Cam Skattebo,rush_yds,49.5,Over,-114,0.88,45.3,43.7,,DAL @ NYG,81.0,True,False,26.48509999682485,43.7,False,44.084211226438065
Emeka Egbuka,Rec Yards,69.5,Over,140,1.4,63.3,43.7,,CIN @ TB,63.0,False,False,39.097052376265246,43.7,False,44.084211226438065
Jordan Addison,rec_yds,49.5,Over,124,1.24,44.5,43.7,,GB @ MIN,0.0,False,False,31.52988094860099,43.7,False,44.084211226438065
Jahmyr Gibbs,Rush Yards,83.5,Over,-114,0.88,77.8,43.7,model (corrected -- Pacheco share removed),DET @ NO,156.0,True,False,35.94406428140515,43.7,False,44.084211226438065
Chris Olave,Receptions,7.5,Over,182,1.82,7.1,43.6,,DET @ NO,10.0,True,False,2.482643397619654,43.599999999999994,False,43.99050766186434
Baker Mayfield,Pass Yards,275.0,Over,225,2.25,262.1,43.5,model,CIN @ TB,216.0,False,False,78.82267700816423,43.50000000000001,False,43.8968133722929
Tre Tucker,rec,6.5,Over,400,4.0,5.98,43.5,,MIA @ LV,2.0,False,False,3.177348220484143,43.50000000000001,False,43.8968133722929
Omarion Hampton,rush_yds,69.5,Over,-114,0.88,63.1,43.4,,ARI @ LAC,43.0,False,False,38.507951611869586,43.39999999999999,False,43.803128496972654
Michael Wilson,rec_yds,49.5,Over,130,1.3,44.8,43.4,,ARI @ LAC,56.0,True,False,28.279276964966748,43.39999999999999,False,43.803128496972654
Jaylen Warren,Rec Yards,19.5,Over,-114,0.88,17.0,43.4,,PIT @ ATL,27.0,True,False,15.04216859838656,43.39999999999999,False,43.803128496972654
DeVonta Smith,Receptions,6.5,Over,200,2.0,6.1,43.3,,WAS @ PHI,3.0,False,False,2.3704902276867212,43.300000000000004,False,43.709453174883365
De'Von Achane,rec,5.5,Over,225,2.25,5.02,43.2,,MIA @ LV,4.0,False,False,2.8023537400612537,43.2,False,43.61578754473081
Tre Harris,rec_yds,39.5,Over,188,1.88,35.3,43.1,,ARI @ LAC,20.0,False,False,24.161702191688384,43.10000000000001,False,43.52213174494239
Matthew Golden,rec_yds,29.5,Over,-210,0.48,25.3,43.1,,GB @ MIN,95.0,True,False,24.161702191688363,43.10000000000001,False,43.52213174494239
Baker Mayfield,Rush Yards,30.0,Over,350,3.5,27.2,43.1,"model (real historical SD, corrected)",CIN @ TB,31.0,True,False,16.107801461125582,43.10000000000001,False,43.52213174494239
Dak Prescott,rush_yds,14.5,Over,220,2.2,13.0,43.1,,DAL @ NYG,14.0,False,False,8.629179354174417,43.10000000000001,False,43.52213174494239
Daniel Jones,Rush Yards,20.0,Over,250,2.5,16.7,43.0,"model (real historical SD, corrected)",IND @ BAL,4.0,False,False,18.710223258038564,42.99999999999999,False,43.42848591366244
Jalen Nailor,rec,5.5,Over,520,5.2,5.02,43.0,,MIA @ LV,3.0,False,False,2.721487019351066,42.99999999999999,False,43.42848591366244
Malik Washington,rec_yds,49.5,Over,300,3.0,42.9,43.0,,MIA @ LV,53.0,True,False,37.42044651607713,42.99999999999999,False,43.42848591366244
Bucky Irving,Rec Yards,24.5,Over,225,2.25,20.6,42.8,,CIN @ TB,48.0,True,False,21.491354935162956,42.8,False,43.24122470776203
Tyler Shough,Pass Yards,246.5,Over,-114,0.88,227.7,42.6,model,DET @ NO,410.0,True,False,100.76799046294008,42.599999999999994,False,43.05400502634603
Joe Burrow,Pass Yards,300.0,Over,172,1.72,283.3,42.6,model,CIN @ TB,254.0,False,False,89.51199152824985,42.599999999999994,False,43.05400502634603
Aaron Jones,rec,2.5,Over,-122,0.82,2.26,42.6,,GB @ MIN,0.0,False,False,1.2863998782502992,42.599999999999994,False,43.05400502634603
Darnell Washington,Rec Yards,14.5,Over,-138,0.72,12.9,42.5,,PIT @ ATL,18.0,True,False,8.460307287519896,42.50000000000001,False,42.96041109954004
Drake London,Rec Yards,79.5,Over,250,2.5,71.5,42.5,,PIT @ ATL,29.0,False,False,42.301536437599495,42.50000000000001,False,42.96041109954004
Breece Hall,Receptions,4.5,Over,350,3.5,4.0,42.4,,NYJ @ TEN,2.0,False,False,2.608638004698082,42.39999999999999,False,42.86682796390278
Jaylen Warren,Rush Yards,40.0,Over,-140,0.71,36.1,42.3,model,PIT @ ATL,46.0,True,False,20.079842851105163,42.300000000000004,False,42.773255755466025
Bijan Robinson,Rush Yards,77.5,Over,-114,0.88,71.0,42.2,model,PIT @ ATL,83.0,True,False,33.03187592690563,42.2,False,42.67969460994071
George Pickens,rec,6.5,Over,240,2.4,6.03,42.2,,DAL @ NYG,3.0,False,False,2.3884587208685595,42.2,False,42.67969460994071
Isaac TeSlaa,Rec Yards,19.5,Over,102,1.02,16.2,42.1,,DET @ NO,0.0,False,False,16.554970941494563,42.1,False,42.586144662712144
Chris Godwin Jr.,Receptions,4.5,Over,108,1.08,4.2,42.0,,CIN @ TB,4.0,False,False,1.4859320928796258,41.99999999999999,False,42.492606048835114
Bucky Irving,Rush Yards,70.0,Over,154,1.54,62.5,42.0,model,CIN @ TB,45.0,False,False,37.14830232199066,41.99999999999999,False,42.492606048835114
Tony Pollard,Rush Yards,70.0,Over,225,2.25,63.1,41.9,model,NYJ @ TEN,35.0,False,False,33.748689783578506,41.900000000000006,False,42.39907890302912
Justin Herbert,pass_td,2.0,Over,-210,0.48,1.42,41.9,,ARI @ LAC,1.0,False,False,2.836846387605151,41.900000000000006,False,42.39907890302913
Malik Nabers,rec_yds,69.5,Over,154,1.54,62.6,41.9,,DAL @ NYG,69.0,False,False,33.748689783578506,41.900000000000006,False,42.39907890302912
Cooper Rush,Pass Yards,186.5,Over,-114,0.88,175.0,41.8,ESTIMATE (not in model -- recent starter change),PIT @ ATL,143.0,False,False,55.552167843416996,41.79999999999999,False,42.30556335967328
Carnell Tate,Receptions,4.5,Over,220,2.2,4.1,41.8,,NYJ @ TEN,4.0,False,False,1.9322493162927667,41.79999999999999,False,42.30556335967328
Tyjae Spears,Rush Yards,30.0,Over,134,1.34,25.3,41.8,model,NYJ @ TEN,12.0,False,False,22.703929466439988,41.79999999999999,False,42.30556335967328
Devaughn Vele,Receptions,4.5,Over,205,2.05,4.0,41.7,,DET @ NO,7.0,True,False,2.385789593328345,41.7,False,42.212059552801605
Samaje Perine,Rec Yards,14.5,Over,230,2.3,11.8,41.7,,CIN @ TB,30.0,True,False,12.88326380397306,41.7,False,42.212059552801605
Kenyon Sadiq,Rec Yards,29.5,Over,250,2.5,24.8,41.6,,NYJ @ TEN,21.0,False,False,22.15547314321132,41.6,False,42.11856761609782
Jahmyr Gibbs,Receptions,4.5,Over,120,1.2,3.9,41.5,,DET @ NO,5.0,True,False,2.7945767028358413,41.5,False,42.02508768289059
Cade Otton,Receptions,3.5,Over,102,1.02,3.2,41.5,,CIN @ TB,3.0,False,False,1.3972883514179195,41.5,False,42.02508768289059
Juwan Johnson,Receptions,4.5,Over,114,1.14,4.0,41.5,,DET @ NO,3.0,False,False,2.3288139190298676,41.5,False,42.02508768289059
Justice Hill,Rec Yards,19.5,Over,194,1.94,15.9,41.5,,IND @ BAL,10.0,False,False,16.767460217015042,41.5,False,42.02508768289059
Jalen Hurts,Pass TDs,2.0,Over,114,1.14,1.413,41.4,model,WAS @ PHI,3.0,True,False,2.701740501167679,41.39999999999999,False,41.93161988614833
Tyler Shough,Pass Yards,250.0,Over,-106,0.94,227.7,41.4,model,DET @ NO,410.0,True,False,102.63852329819296,41.39999999999999,False,41.93161988614833
Devaughn Vele,Rec Yards,49.5,Over,148,1.48,43.7,41.3,,DET @ NO,69.0,True,False,26.383476281477584,41.300000000000004,False,41.83816435847425
Amon-Ra St. Brown,Receptions,8.5,Over,260,2.6,7.9,41.3,,DET @ NO,10.0,True,False,2.7293251325666463,41.300000000000004,False,41.83816435847425
Saquon Barkley,Rush Yards,100.0,Over,240,2.4,88.4,41.3,model,WAS @ PHI,83.0,False,False,52.76695256295517,41.300000000000004,False,41.83816435847425
Wan'Dale Robinson,Rec Yards,49.5,Over,140,1.4,44.1,41.2,,NYJ @ TEN,38.0,False,False,24.2802232440964,41.2,False,41.74472123210124
Javonte Williams,rec,4.5,Over,640,6.4,3.73,41.2,,DAL @ NYG,5.0,True,False,3.462179981102636,41.2,False,41.74472123210124
Jonathan Taylor,Rush Yards,90.0,Over,148,1.48,79.7,41.2,model,IND @ BAL,98.0,True,False,46.312277669294986,41.2,False,41.74472123210124
Juwan Johnson,Rec Yards,49.5,Over,130,1.3,43.1,41.1,,DET @ NO,54.0,True,False,28.447812878682072,41.1,False,41.65129063888679
Jalen Hurts,Pass TDs,1.5,Over,114,1.14,1.413,41.1,model,WAS @ PHI,3.0,True,False,0.38671245631958434,41.1,False,41.65129063888679
DK Metcalf,Rec Yards,59.5,Over,142,1.42,53.4,41.1,,PIT @ ATL,40.0,False,False,27.11432164999386,41.1,False,41.65129063888679
Makai Lemon,Receptions,4.5,Over,680,6.8,4.0,41.0,,WAS @ PHI,3.0,False,False,2.197367779243601,40.99999999999999,False,41.55787271030778
Terry McLaurin,Rec Yards,59.5,Over,118,1.18,53.1,41.0,,WAS @ PHI,14.0,False,False,28.126307574318087,40.99999999999999,False,41.55787271030778
De'Von Achane,rec_yds,39.5,Over,194,1.94,33.7,40.9,,MIA @ LV,30.0,False,False,25.204449295531205,40.900000000000006,False,41.46446757745539
DeVonta Smith,Rec Yards,89.5,Over,225,2.25,80.5,40.8,,WAS @ PHI,53.0,False,False,38.677612566776865,40.79999999999999,False,41.37107537102985
MarShawn Lloyd,rec_yds,14.5,Over,140,1.4,10.8,40.7,,GB @ MIN,0.0,False,False,15.726682759278825,40.7,False,41.27769622133523
Pat Freiermuth,Rec Yards,24.5,Over,-125,0.8,21.3,40.7,,PIT @ ATL,46.0,True,False,13.601455359376281,40.7,False,41.27769622133523
Tee Higgins,Receptions,6.5,Over,250,2.5,5.9,40.7,,CIN @ TB,3.0,False,False,2.550272879883052,40.7,False,41.27769622133523
Saquon Barkley,Receptions,3.5,Over,225,2.25,3.0,40.6,,WAS @ PHI,1.0,False,False,2.1021944371428396,40.6,False,41.18433025827413
Andrei Iosivas,Rec Yards,29.5,Over,280,2.8,24.0,40.6,,CIN @ TB,12.0,False,False,23.12413880857124,40.6,False,41.18433025827413
Daniel Jones,Pass Yards,225.0,Over,-146,0.68,211.0,40.5,model,IND @ BAL,166.0,False,False,58.22996758497176,40.5,False,41.09097761134236
Andrei Iosivas,Receptions,2.5,Over,310,3.1,2.2,40.5,,CIN @ TB,2.0,False,False,1.2477850196779656,40.5,False,41.09097761134236
Jayden Daniels,Pass TDs,2.0,Over,235,2.35,1.38,40.5,model,WAS @ PHI,2.0,True,False,2.578755707334464,40.5,False,41.09097761134236
Lamar Jackson,Rush Yards,40.0,Over,-125,0.8,33.1,40.2,"model (real historical SD, corrected)",IND @ BAL,43.0,True,False,27.80310519113746,40.2,False,40.81100085606799
Jauan Jennings,rec_yds,29.5,Over,140,1.4,24.8,40.2,,GB @ MIN,0.0,False,False,18.93834701425305,40.2,False,40.81100085606799
Mark Andrews,Rec Yards,49.5,Over,182,1.82,43.3,40.2,,IND @ BAL,49.0,False,False,24.982500316674255,40.2,False,40.81100085606799
Braelon Allen,Rush Yards,15.0,Over,-160,0.62,12.2,40.2,model,NYJ @ TEN,40.0,True,False,11.282419497852887,40.2,False,40.81100085606799
Tony Pollard,Receptions,3.5,Over,520,5.2,2.9,40.1,,NYJ @ TEN,1.0,False,False,2.392730197673772,40.1,False,40.717702760289384
Chase Brown,Receptions,6.5,Over,640,6.4,5.3,40.1,,CIN @ TB,5.0,False,False,4.785460395347544,40.1,False,40.717702760289384
Chris Bell,rec_yds,59.5,Over,750,7.5,49.7,40.1,,MIA @ LV,25.0,False,False,39.081259895338256,40.1,False,40.717702760289384
Ashton Jeanty,rush_yds,89.5,Over,350,3.5,78.0,39.9,,MIA @ LV,102.0,True,False,44.93305003494633,39.900000000000006,False,40.53114856763153
Tee Higgins,Rec Yards,89.5,Over,240,2.4,78.0,39.7,,CIN @ TB,59.0,False,False,44.041060744202554,39.7,False,40.34465121755553
Rico Dowdle,Rec Yards,14.5,Over,136,1.36,11.4,39.7,,PIT @ ATL,6.0,False,False,11.871938113654599,39.7,False,40.34465121755553
Ashton Jeanty,rec_yds,29.5,Over,230,2.3,23.6,39.6,,MIA @ LV,45.0,True,False,22.372688180050663,39.6,False,40.25142417331485
Dontayvion Wicks,Rec Yards,19.5,Over,-220,0.45,16.2,39.4,,WAS @ PHI,73.0,True,False,12.271826560802866,39.39999999999999,False,40.06501397206538
Cam Ward,Rush Yards,15.0,Over,172,1.72,12.1,39.4,"model (real historical SD, corrected)",NYJ @ TEN,21.0,True,False,10.7843324322207,39.39999999999999,False,40.06501397206538
Lamar Jackson,Rush Yards,40.5,Over,-114,0.88,33.1,39.4,"model (real historical SD, corrected)",IND @ BAL,43.0,True,False,27.518641378770052,39.39999999999999,False,40.06501397206538
Bijan Robinson,Rush Yards,80.0,Over,-102,0.98,71.0,39.4,model,PIT @ ATL,83.0,True,False,33.46861789309872,39.39999999999999,False,40.06501397206538
Travis Etienne,Rush Yards,56.5,Over,-114,0.88,49.9,39.3,model,DET @ NO,46.0,False,False,24.308635517417958,39.300000000000004,False,39.971831063905384
Jayden Daniels,Rush Yards,50.0,Over,194,1.94,42.8,39.2,"model (real historical SD, corrected)",WAS @ PHI,31.0,False,False,26.266816067002793,39.2,False,39.87866311582642
Tucker Kraft,rec_yds,69.5,Over,290,2.9,60.2,39.2,,GB @ MIN,65.0,False,False,33.927970753211916,39.2,False,39.87866311582642
Jameson Williams,Rec Yards,79.5,Over,198,1.98,66.1,39.2,,DET @ NO,45.0,False,False,48.88546323581076,39.2,False,39.87866311582642
CeeDee Lamb,rec,7.5,Over,220,2.2,6.89,39.2,,DAL @ NYG,5.0,False,False,2.225383027898848,39.2,False,39.87866311582642
Ladd McConkey,rec_yds,99.5,Over,470,4.7,87.3,39.1,,ARI @ LAC,82.0,False,False,44.08890051055397,39.1,False,39.785510251052195
De'Von Achane,rush_yds,99.5,Over,320,3.2,85.0,39.1,,MIA @ LV,36.0,False,False,52.400742410084625,39.1,False,39.785510251052195
Javonte Williams,rec_yds,24.5,Over,350,3.5,19.8,39.0,,DAL @ NYG,31.0,True,False,16.82663700058067,39.0,False,39.69237259231555
Keenan Allen,Rec Yards,39.5,Over,205,2.05,34.6,38.9,,IND @ BAL,32.0,False,False,17.380427032753722,38.9,False,39.59925026185252
Jaylen Warren,Rush Yards,42.5,Over,-114,0.88,36.1,38.8,model,PIT @ ATL,46.0,True,False,22.492796294999756,38.79999999999999,False,39.5061433813964
Caleb Douglas,rec_yds,49.5,Over,240,2.4,40.4,38.8,,MIA @ LV,94.0,True,False,31.98194473195279,38.79999999999999,False,39.5061433813964
Carnell Tate,Rec Yards,49.5,Over,158,1.58,40.9,38.7,,NYJ @ TEN,38.0,False,False,29.94984852785185,38.7,False,39.413052072171695
Theo Johnson,rec_yds,29.5,Over,260,2.6,24.5,38.5,,DAL @ NYG,9.0,False,False,17.10133142252181,38.5,False,39.2269166497339
Tyler Shough,Rush Yards,25.0,Over,198,1.98,19.7,38.3,"model (real historical SD, corrected)",DET @ NO,8.0,False,False,17.80847542388415,38.3,False,39.04084495392686
Travis Etienne,Rec Yards,29.5,Over,320,3.2,23.8,38.3,,DET @ NO,32.0,True,False,19.152511304932005,38.3,False,39.04084495392686
Malik Willis,pass_td,2.0,Over,240,2.4,1.33,38.3,,MIA @ LV,0.0,False,False,2.251260100755166,38.3,False,39.04084495392686
Breece Hall,Rec Yards,39.5,Over,320,3.2,31.7,38.2,,NYJ @ TEN,16.0,False,False,25.97988642555859,38.2,False,38.9478333009903
Makai Lemon,Rec Yards,49.5,Over,350,3.5,40.2,38.1,,WAS @ PHI,-5.0,False,False,30.70771568217522,38.1,False,38.85483793560353
Theo Johnson,rec,2.5,Over,230,2.3,2.18,38.0,,DAL @ NYG,1.0,False,False,1.0475290508150654,38.0,False,38.7618589752565
Terry McLaurin,Receptions,4.5,Over,132,1.32,4.0,38.0,,WAS @ PHI,2.0,False,False,1.6367641418985404,38.0,False,38.7618589752565
Kenny Gainwell,Receptions,3.5,Over,106,1.06,2.8,37.9,,CIN @ TB,1.0,False,False,2.2719291289221877,37.9,False,38.66889653688042
CeeDee Lamb,rec_yds,99.5,Over,220,2.2,86.5,37.9,,DAL @ NYG,44.0,False,False,42.19296953712634,37.9,False,38.66889653688042
Darnell Mooney,rec_yds,24.5,Over,102,1.02,19.6,37.8,,DAL @ NYG,27.0,True,False,15.768924345869834,37.79999999999999,False,38.5759507368411
Adonai Mitchell,Rec Yards,39.5,Over,130,1.3,29.3,37.8,,NYJ @ TEN,60.0,True,False,32.825107822014765,37.79999999999999,False,38.5759507368411
Jalen Nailor,rec_yds,79.5,Over,550,5.5,64.6,37.7,,MIA @ LV,27.0,False,False,47.5477125436114,37.7,False,38.48302169093266
Rachaad White,Rec Yards,24.5,Over,210,2.1,18.0,37.7,,WAS @ PHI,5.0,False,False,20.742290706944562,37.7,False,38.48302169093266
Isaiah Likely,rec,3.5,Over,-106,0.94,3.07,37.7,,DAL @ NYG,8.0,True,False,1.3721823083055638,37.7,False,38.48302169093266
Jacoby Brissett,pass_yds,249.5,Over,174,1.74,229.8,37.6,,ARI @ LAC,277.0,True,False,62.341120250708975,37.6,False,38.39010951437064
Chase Brown,Rec Yards,29.5,Over,140,1.4,23.2,37.6,,CIN @ TB,22.0,False,False,19.93650038474451,37.6,False,38.39010951437064
Geno Smith,Rush Yards,15.0,Over,270,2.7,10.1,37.5,"model (real historical SD, corrected)",NYJ @ TEN,10.0,False,False,15.377886583240342,37.5,False,38.29721432178559
Breece Hall,Rush Yards,80.0,Over,174,1.74,66.6,37.5,model,NYJ @ TEN,102.0,True,False,42.05381228886136,37.5,False,38.29721432178559
Michael Pittman,Rec Yards,59.5,Over,265,2.65,51.5,37.3,,PIT @ ATL,58.0,False,False,24.697596966900118,37.3,False,38.11147534410273
Cade Otton,Rec Yards,39.5,Over,146,1.46,32.3,37.3,,CIN @ TB,26.0,False,False,22.227837270210113,37.3,False,38.11147534410273
Marvin Harrison Jr.,rec_yds,59.5,Over,152,1.52,49.5,37.2,,ARI @ LAC,33.0,False,False,30.62215703280469,37.20000000000001,False,38.018631785279844
Derrick Henry,Receptions,1.5,Over,168,1.68,1.2,37.2,,IND @ BAL,1.0,False,False,0.9186647109841408,37.20000000000001,False,38.018631785279844
Amon-Ra St. Brown,Rec Yards,109.5,Over,280,2.8,95.0,37.2,,DET @ NO,67.0,False,False,44.4021276975668,37.20000000000001,False,38.018631785279844
Jordan Mason,rush_yds,59.5,Over,194,1.94,51.5,37.2,,GB @ MIN,59.0,False,False,24.497725626243753,37.20000000000001,False,38.018631785279844
Alec Pierce,Receptions,3.5,Over,164,1.64,2.9,37.1,,IND @ BAL,4.0,True,False,1.8225671118068074,37.1,False,37.925805662970056
Bucky Irving,Receptions,3.5,Over,350,3.5,2.9,37.1,,CIN @ TB,7.0,True,False,1.8225671118068074,37.1,False,37.925805662970056
Derrick Henry,Rec Yards,14.5,Over,188,1.88,10.0,37.1,,IND @ BAL,19.0,True,False,13.669253338551055,37.1,False,37.925805662970056
Tre Tucker,rec_yds,79.5,Over,400,4.0,64.6,37.1,,MIA @ LV,27.0,False,False,45.26041660986906,37.1,False,37.925805662970056
Travis Etienne,Receptions,3.5,Over,205,2.05,2.8,37.0,,DET @ NO,7.0,True,False,2.109365499899447,37.0,False,37.83299708877662
Justice Hill,Rush Yards,25.0,Over,490,4.9,18.5,37.0,model,IND @ BAL,18.0,False,False,19.58696535620915,37.0,False,37.83299708877662
Saquon Barkley,Rec Yards,24.5,Over,194,1.94,18.4,36.9,,WAS @ PHI,-3.0,False,False,18.23600785579207,36.9,False,37.740206173676526
Michael Mayer,rec_yds,49.5,Over,158,1.58,40.9,36.9,,MIA @ LV,32.0,False,False,25.70978156718226,36.9,False,37.740206173676526
Michael Wilson,rec,4.5,Over,178,1.78,3.87,36.9,,ARI @ LAC,5.0,True,False,1.883390975270328,36.9,False,37.740206173676526
Jahmyr Gibbs,Rush Yards,90.0,Over,114,1.14,77.8,36.9,model (corrected -- Pacheco share removed),DET @ NO,156.0,True,False,36.47201571158414,36.9,False,37.740206173676526
Rico Dowdle,Receptions,2.5,Over,194,1.94,1.9,36.8,,PIT @ ATL,2.0,False,False,1.779596514895146,36.8,False,37.64743302801341
Trey McBride,rec_yds,69.5,Over,164,1.64,59.9,36.8,,ARI @ LAC,95.0,True,False,28.473544238322336,36.8,False,37.64743302801341
Dak Prescott,pass_yds,299.5,Over,198,1.98,273.0,36.8,,DAL @ NYG,175.0,False,False,78.5988460745356,36.8,False,37.64743302801341
Derrick Henry,Rush Yards,110.0,Over,280,2.8,95.1,36.8,model,IND @ BAL,144.0,True,False,44.19331345322947,36.8,False,37.64743302801341
Drake London,Receptions,6.5,Over,225,2.25,5.6,36.7,,PIT @ ATL,2.0,False,False,2.6485428565181763,36.7,False,37.55467776149048
MarShawn Lloyd,rush_yds,49.5,Over,116,1.16,40.7,36.7,,GB @ MIN,37.0,False,False,25.896863485955482,36.7,False,37.55467776149048
Bijan Robinson,Receptions,4.5,Over,-104,0.96,3.8,36.6,,PIT @ ATL,8.0,True,False,2.0439967290350802,36.6,False,37.461940483163204
Darnell Washington,Receptions,1.5,Over,-172,0.58,1.3,36.5,,PIT @ ATL,2.0,True,False,0.5794992887018885,36.5,False,37.36922130143211
Aaron Jones,rec_yds,19.5,Over,146,1.46,15.2,36.4,,GB @ MIN,0.0,False,False,12.36388212993335,36.4,False,37.2765203240354
Gunnar Helm,Rec Yards,24.5,Over,114,1.14,19.7,36.3,,NYJ @ TEN,28.0,True,False,13.696623203565535,36.3,False,37.18383765804154
Jaxson Dart,rush_yds,49.5,Over,290,2.9,40.1,35.9,,DAL @ NYG,59.0,True,False,26.029189042632424,35.9,False,36.8132922256021
Jacory Croskey-Merritt,Rush Yards,60.0,Over,230,2.3,50.2,35.9,model,WAS @ PHI,63.0,True,False,27.136814108276354,35.9,False,36.8132922256021
Malik Willis,pass_yds,274.5,Over,800,8.0,243.5,35.7,,MIA @ LV,220.0,False,False,84.58637269047318,35.699999999999996,False,36.62813211108418
Chase Brown,Rush Yards,80.0,Over,240,2.4,65.8,35.7,model,CIN @ TB,56.0,False,False,38.746015877571594,35.699999999999996,False,36.62813211108418
George Pickens,rec_yds,99.5,Over,280,2.8,83.5,35.7,,DAL @ NYG,28.0,False,False,43.657482678953905,35.699999999999996,False,36.62813211108418
Jonathan Taylor,Receptions,3.5,Over,162,1.62,2.5,35.6,,IND @ BAL,3.0,False,False,2.7087691559272327,35.60000000000001,False,36.53558056497903
Joe Burrow,Pass TDs,3.0,Over,158,1.58,2.104,35.5,model,CIN @ TB,1.0,False,False,2.409534294521527,35.5,False,36.44304816180007
Garrett Wilson,Receptions,6.5,Over,162,1.62,5.6,35.4,,NYJ @ TEN,6.0,False,False,2.4029251660319284,35.4,False,36.3505350022423
Samaje Perine,Rush Yards,25.0,Over,154,1.54,16.7,35.4,model,CIN @ TB,20.0,False,False,22.160309864516666,35.4,False,36.3505350022423
Kyle Pitts,Rec Yards,59.5,Over,270,2.7,47.9,35.3,,PIT @ ATL,0.0,False,False,30.750175712267804,35.3,False,36.25804118625269
Joe Burrow,Pass TDs,2.5,Over,158,1.58,2.104,35.3,model,CIN @ TB,1.0,False,False,1.0497473777636246,35.3,False,36.25804118625269
Keenan Allen,Receptions,3.5,Over,118,1.18,3.1,35.2,,IND @ BAL,6.0,True,False,1.0528353107774149,35.20000000000001,False,36.16556681302189
Aaron Rodgers,Pass Yards,225.0,Over,122,1.22,202.5,35.2,model,PIT @ ATL,221.0,False,False,59.2219862312296,35.20000000000001,False,36.16556681302189
Chris Olave,Rec Yards,99.5,Over,200,2.0,85.0,35.1,,DET @ NO,182.0,True,False,37.896402066818915,35.099999999999994,False,36.07311198097592
Mike Gesicki,Rec Yards,24.5,Over,110,1.1,18.7,35.1,,CIN @ TB,78.0,True,False,15.158560826727568,35.099999999999994,False,36.07311198097592
Stefon Diggs,Rec Yards,59.5,Over,198,1.98,50.3,35.1,,WAS @ PHI,55.0,False,False,24.04461372515408,35.099999999999994,False,36.07311198097592
Greg Dulcich,rec,3.5,Over,205,2.05,2.95,35.0,,MIA @ LV,2.0,False,False,1.4273833028589882,35.0,False,35.98067678776778
Ja'Marr Chase,Receptions,11.5,Over,850,8.5,10.2,34.9,,CIN @ TB,2.0,False,False,3.3503283790078515,34.9,False,35.88826133026877
Chris Godwin Jr.,Rec Yards,59.5,Over,168,1.68,49.3,34.9,,CIN @ TB,40.0,False,False,26.287191896830826,34.9,False,35.88826133026877
Quentin Johnston,rec,5.5,Over,490,4.9,4.56,34.8,,ARI @ LAC,2.0,False,False,2.405779807999255,34.8,False,35.79586570455999
Tyler Warren,Rec Yards,59.5,Over,182,1.82,49.5,34.8,,IND @ BAL,13.0,False,False,25.59340221275802,34.8,False,35.79586570455999
Isaiah Likely,rec_yds,39.5,Over,102,1.02,31.1,34.8,,DAL @ NYG,78.0,True,False,21.498457858716733,34.8,False,35.79586570455999
Christian Watson,rec_yds,59.5,Over,100,1.0,46.5,34.6,,GB @ MIN,147.0,True,False,32.81648431662419,34.60000000000001,False,35.61113432883396
Daniel Jones,Pass Yards,233.5,Over,-114,0.88,211.0,34.6,model,IND @ BAL,166.0,False,False,56.79776131723418,34.60000000000001,False,35.61113432883396
Jacoby Brissett,rush_yds,19.5,Over,265,2.65,15.6,34.5,,ARI @ LAC,17.0,False,False,9.777987885697874,34.5,False,35.51879876694881
Kyle Pitts,Receptions,4.5,Over,102,1.02,3.8,34.5,,PIT @ ATL,0.0,False,False,1.7550234666637214,34.5,False,35.51879876694881
Kenny Gainwell,Rec Yards,24.5,Over,-104,0.96,16.8,34.5,,CIN @ TB,3.0,False,False,19.305258133300928,34.5,False,35.51879876694881
Dontayvion Wicks,Receptions,1.5,Over,-360,0.28,1.2,34.5,,WAS @ PHI,2.0,True,False,0.752152914284452,34.5,False,35.51879876694881
Daniel Jones,Pass TDs,1.5,Over,124,1.24,1.22,34.5,model,IND @ BAL,1.0,False,False,0.7020093866654884,34.5,False,35.51879876694881
Dallas Goedert,Rec Yards,59.5,Over,310,3.1,48.5,34.4,,WAS @ PHI,77.0,True,False,27.392437047077593,34.4,False,35.426483413100264
Tyjae Spears,Receptions,3.5,Over,172,1.72,2.8,34.4,,NYJ @ TEN,2.0,False,False,1.743155084814029,34.4,False,35.426483413100264
Travis Etienne,Rush Yards,60.0,Over,102,1.02,49.9,34.3,model,DET @ NO,46.0,False,False,24.982111182170737,34.3,False,35.33418835928559
Daniel Jones,Pass TDs,2.0,Over,124,1.24,1.22,34.3,model,IND @ BAL,1.0,False,False,1.9293115566428882,34.3,False,35.33418835928559
KaVontae Turpin,rec_yds,19.5,Over,250,2.5,14.1,34.2,,DAL @ NYG,8.0,False,False,13.26745872140089,34.20000000000001,False,35.24191369665819
Jack Bech,rec,2.5,Over,210,2.1,2.06,34.2,,MIA @ LV,3.0,True,False,1.0810521921141465,34.20000000000001,False,35.24191369665819
Rashod Bateman,Rec Yards,29.5,Over,112,1.12,22.7,34.2,,IND @ BAL,0.0,False,False,16.707170241764086,34.20000000000001,False,35.24191369665819
Saquon Barkley,Rush Yards,110.0,Over,350,3.5,88.4,34.1,model,WAS @ PHI,83.0,False,False,52.716938213559224,34.099999999999994,False,35.14965951551814
Rico Dowdle,Rush Yards,60.0,Over,178,1.78,48.9,34.0,model,PIT @ ATL,15.0,False,False,26.911496344006892,34.00000000000001,False,35.05742590530292
Ladd McConkey,rec,8.5,Over,800,8.0,7.3,33.9,,ARI @ LAC,5.0,False,False,2.8902162152695134,33.9,False,34.965212954577794
Jake Ferguson,rec_yds,39.5,Over,164,1.64,30.6,33.9,,DAL @ NYG,6.0,False,False,21.435770263248884,33.9,False,34.965212954577794
Jahmyr Gibbs,Rec Yards,39.5,Over,158,1.58,29.7,33.9,,DET @ NO,30.0,False,False,23.603432424701026,33.9,False,34.965212954577794
Garrett Wilson,Rec Yards,79.5,Over,188,1.88,64.1,33.9,,NYJ @ TEN,79.0,False,False,37.09110809595877,33.9,False,34.965212954577794
Emeka Egbuka,Rec Yards,79.5,Over,198,1.98,63.3,33.8,,CIN @ TB,63.0,False,False,38.76268813521344,33.8,False,34.873020751026296
Quentin Johnston,rec_yds,69.5,Over,270,2.7,53.8,33.8,,ARI @ LAC,17.0,False,False,37.56630887178092,33.8,False,34.873020751026296
Justin Herbert,pass_yds,299.5,Over,390,3.9,266.3,33.8,,ARI @ LAC,209.0,False,False,79.43958309191885,33.8,False,34.873020751026296
Javonte Williams,rush_yds,69.5,Over,-146,0.68,55.8,33.7,,DAL @ NYG,41.0,False,False,32.567511885839025,33.699999999999996,False,34.78084938144038
Jared Goff,Pass TDs,3.0,Over,194,1.94,2.042,33.6,model,DET @ NO,2.0,False,False,2.262610569345796,33.60000000000001,False,34.68869893171074
Omarion Hampton,rush_yds,79.5,Over,138,1.38,63.1,33.5,,ARI @ LAC,43.0,False,False,38.48428174773561,33.5,False,34.59656948681668
Jaxson Dart,pass_yds,249.5,Over,198,1.98,215.1,33.5,,DAL @ NYG,230.0,False,False,80.72312756842105,33.5,False,34.59656948681668
Bucky Irving,Rec Yards,29.5,Over,320,3.2,20.6,33.5,,CIN @ TB,48.0,True,False,20.884762655783348,33.5,False,34.59656948681668
Sam LaPorta,Rec Yards,59.5,Over,210,2.1,47.8,33.4,,DET @ NO,48.0,False,False,27.27943559280447,33.4,False,34.504461130816196
Marvin Harrison Jr.,rec,4.5,Over,148,1.48,3.62,33.4,,ARI @ LAC,1.0,False,False,2.0517866086895666,33.4,False,34.504461130816196
DK Metcalf,Receptions,4.5,Over,162,1.62,3.8,33.4,,PIT @ ATL,4.0,False,False,1.632102984184883,33.4,False,34.504461130816196
Kirk Cousins,pass_yds,274.5,Over,410,4.1,241.3,33.4,,MIA @ LV,160.0,False,False,77.40831296419726,33.4,False,34.504461130816196
Tucker Kraft,rec,5.5,Over,240,2.4,4.63,33.2,,GB @ MIN,3.0,False,False,2.002775145335101,33.20000000000001,False,34.320308017059794
Kirk Cousins,pass_td,2.0,Over,138,1.38,1.18,33.2,,MIA @ LV,3.0,True,False,1.887673125488256,33.20000000000001,False,34.32030801705979
Mason Taylor,Rec Yards,24.5,Over,112,1.12,18.0,33.0,,NYJ @ TEN,-2.0,False,False,14.775643256897165,33.00000000000001,False,34.13624024408792
Adonai Mitchell,Receptions,3.5,Over,194,1.94,2.5,33.0,,NYJ @ TEN,3.0,False,False,2.273175885676487,33.00000000000001,False,34.13624024408792
Jahan Dotson,Rec Yards,19.5,Over,154,1.54,13.3,33.0,,PIT @ ATL,19.0,False,False,14.093690491194218,33.00000000000001,False,34.13624024408792
Malik Washington,rec_yds,59.5,Over,490,4.9,42.9,32.9,,MIA @ LV,53.0,False,False,37.499197138477065,32.9,False,34.044238560457366
Alec Pierce,Rec Yards,59.5,Over,178,1.78,45.4,32.8,,IND @ BAL,61.0,True,False,31.65391672514954,32.8,False,33.95225845014066
Drake London,Rec Yards,89.5,Over,360,3.6,71.5,32.6,,PIT @ ATL,29.0,False,False,39.91259147501542,32.60000000000001,False,33.76836325770799
Geno Smith,Pass Yards,250.0,Over,210,2.1,217.2,32.6,model,NYJ @ TEN,215.0,False,False,72.72961113225035,32.60000000000001,False,33.768363257708
Jonathan Taylor,Rush Yards,100.0,Over,210,2.1,79.7,32.5,model,IND @ BAL,98.0,False,False,44.73709013172755,32.49999999999999,False,33.676448327194564
Jauan Jennings,rec,2.5,Over,128,1.28,2.02,32.5,,GB @ MIN,0.0,False,False,1.0578228208487304,32.49999999999999,False,33.676448327194564
Jeremiyah Love,rush_yds,79.5,Over,640,6.4,66.8,32.4,,ARI @ LAC,41.0,False,False,27.81778965007396,32.400000000000006,False,33.58455527317757
Daniel Jones,Rush Yards,25.0,Over,400,4.0,16.7,32.4,"model (real historical SD, corrected)",IND @ BAL,4.0,False,False,18.180130243749122,32.400000000000006,False,33.58455527317757
Jaylen Warren,Receptions,3.5,Over,178,1.78,2.6,32.4,,PIT @ ATL,5.0,True,False,1.9713394240209887,32.400000000000006,False,33.58455527317757
Jalen Hurts,Rush Yards,40.0,Over,200,2.0,30.1,32.4,"model (real historical SD, corrected)",WAS @ PHI,48.0,True,False,21.684733664230876,32.400000000000006,False,33.58455527317757
Greg Dulcich,rec_yds,59.5,Over,520,5.2,44.7,32.4,,MIA @ LV,18.0,False,False,32.41758163945625,32.400000000000006,False,33.584555273177564
Aaron Jones,rush_yds,49.5,Over,310,3.1,39.8,32.3,,GB @ MIN,40.0,False,False,21.117893738617553,32.3,False,33.49268416888028
Jayden Reed,rec_yds,59.5,Over,194,1.94,45.8,32.3,,GB @ MIN,20.0,False,False,29.826303527738194,32.3,False,33.492684168880295
Dallas Goedert,Receptions,4.5,Over,178,1.78,3.8,32.3,,WAS @ PHI,4.0,False,False,1.5239717130961121,32.3,False,33.492684168880295
Michael Mayer,rec,5.5,Over,162,1.62,4.61,32.2,,MIA @ LV,6.0,True,False,1.9259341897006539,32.2,False,33.40083508647403
Cam Ward,Pass Yards,250.0,Over,280,2.8,221.1,32.2,model,NYJ @ TEN,140.0,False,False,62.538761890279694,32.2,False,33.40083508647403
Braelon Allen,Rush Yards,17.5,Over,-114,0.88,12.2,32.2,model,NYJ @ TEN,40.0,True,False,11.469046298217384,32.2,False,33.400835086474046
Joe Burrow,Rush Yards,15.0,Over,225,2.25,8.9,32.2,"model (real historical SD, corrected)",CIN @ TB,21.0,True,False,13.200223097948307,32.2,False,33.40083508647403
Tyler Shough,Pass Yards,275.0,Over,168,1.68,227.7,32.2,model,DET @ NO,410.0,True,False,102.35582828409099,32.2,False,33.40083508647403
Jameson Williams,Receptions,5.5,Over,320,3.2,4.3,32.1,,DET @ NO,4.0,False,False,2.5811764533903867,32.099999999999994,False,33.309008097066325
Justin Herbert,rush_yds,24.5,Over,144,1.44,18.8,32.1,,ARI @ LAC,29.0,True,False,12.260588153604335,32.099999999999994,False,33.309008097066325
Cooper Rush,Pass Yards,200.0,Over,122,1.22,175.0,32.1,ESTIMATE (not in model -- recent starter change),PIT @ ATL,143.0,False,False,53.77450944563305,32.099999999999994,False,33.309008097066325
Joe Burrow,Pass Yards,325.0,Over,290,2.9,283.3,32.1,model,CIN @ TB,254.0,False,False,89.69588175531591,32.099999999999994,False,33.309008097066325
Isaac TeSlaa,Receptions,1.5,Over,102,1.02,1.1,32.0,,DET @ NO,0.0,False,False,0.8552512872757381,32.00000000000001,False,33.21720327068907
Jared Goff,Pass Yards,325.0,Over,350,3.5,289.9,31.9,model,DET @ NO,206.0,False,False,74.60196854465504,31.899999999999995,False,33.125420676286296
Chase Brown,Receptions,7.5,Over,1100,11.0,5.3,31.8,,CIN @ TB,5.0,False,False,4.648226198300695,31.800000000000004,False,33.03366038170221
Michael Pittman,Receptions,5.5,Over,230,2.3,4.7,31.7,,PIT @ ATL,3.0,False,False,1.6803037193875043,31.699999999999996,False,32.9419224536685
Tony Pollard,Rush Yards,80.0,Over,350,3.5,63.1,31.7,model,NYJ @ TEN,35.0,False,False,35.49641607206103,31.699999999999996,False,32.9419224536685
DeVonta Smith,Rec Yards,99.5,Over,320,3.2,80.5,31.6,,WAS @ PHI,53.0,False,False,39.67311573392144,31.600000000000005,False,32.85020695779202
T.J. Hockenson,rec_yds,39.5,Over,270,2.7,29.9,31.6,,GB @ MIN,36.0,False,False,20.04536373924452,31.600000000000005,False,32.85020695779202
Aaron Rodgers,Pass TDs,1.5,Over,102,1.02,1.144,31.6,model,PIT @ ATL,1.0,False,False,0.7433489053303178,31.600000000000005,False,32.85020695779202
Ashton Jeanty,rush_yds,99.5,Over,520,5.2,78.0,31.6,,MIA @ LV,102.0,True,False,44.89326254101637,31.600000000000005,False,32.85020695779202
Tre Tucker,rec,7.5,Over,750,7.5,5.98,31.6,,MIA @ LV,2.0,False,False,3.1738492587137146,31.600000000000005,False,32.85020695779202
Aaron Rodgers,Pass TDs,2.0,Over,102,1.02,1.144,31.6,model,PIT @ ATL,1.0,False,False,1.7873782667493032,31.600000000000005,False,32.85020695779202
Tee Higgins,Rec Yards,99.5,Over,350,3.5,78.0,31.5,,CIN @ TB,59.0,False,False,44.63110166795548,31.499999999999993,False,32.75851395854195
Jaylen Warren,Rec Yards,24.5,Over,134,1.34,17.0,31.5,,PIT @ ATL,27.0,True,False,15.568988953937957,31.499999999999993,False,32.75851395854195
Bucky Irving,Rush Yards,80.0,Over,230,2.3,62.5,31.5,model,CIN @ TB,45.0,False,False,36.3276408925219,31.499999999999993,False,32.75851395854195
Jameson Williams,Rec Yards,89.5,Over,280,2.8,66.1,31.5,,DET @ NO,45.0,False,False,48.57524553628644,31.499999999999993,False,32.75851395854195
De'Von Achane,rush_yds,109.5,Over,490,4.9,85.0,31.5,,MIA @ LV,36.0,False,False,50.85869724953066,31.499999999999993,False,32.75851395854195
Jayden Daniels,Pass Yards,225.0,Over,142,1.42,199.1,31.4,model,WAS @ PHI,164.0,False,False,53.452342055693336,31.400000000000006,False,32.666843519237034
Jordan Addison,rec_yds,59.5,Over,194,1.94,44.5,31.4,,GB @ MIN,0.0,False,False,30.956954858509647,31.400000000000006,False,32.666843519237034
Tre Harris,rec,4.5,Over,550,5.5,3.54,31.3,,ARI @ LAC,3.0,False,False,1.9697780019671838,31.299999999999994,False,32.5751957020324
Ashton Jeanty,rec,5.5,Over,390,3.9,4.12,31.3,,MIA @ LV,6.0,True,False,2.8315558778278267,31.299999999999994,False,32.5751957020324
Malik Nabers,rec,6.5,Over,205,2.05,5.62,31.2,,DAL @ NYG,6.0,False,False,1.795225074448929,31.200000000000006,False,32.48357056790648
Isaac TeSlaa,Rec Yards,24.5,Over,142,1.42,16.2,31.2,,DET @ NO,0.0,False,False,16.932236497643313,31.200000000000006,False,32.48357056790648
Justice Hill,Rec Yards,24.5,Over,280,2.8,15.9,31.0,,IND @ BAL,10.0,False,False,17.343942675457665,31.000000000000007,False,32.300388586839965
Baker Mayfield,Pass Yards,300.0,Over,370,3.7,262.1,31.0,model,CIN @ TB,216.0,False,False,76.4343520232378,31.000000000000007,False,32.300388586839965
Geno Smith,Pass TDs,2.0,Over,230,2.3,1.123,31.0,model,NYJ @ TEN,0.0,False,False,1.7686788053926015,31.000000000000007,False,32.300388586839965
Michael Wilson,rec_yds,59.5,Over,200,2.0,44.8,30.9,,ARI @ LAC,56.0,False,False,29.477415703114662,30.899999999999995,False,32.20883185585093
Tyjae Spears,Rec Yards,19.5,Over,118,1.18,13.2,30.9,,NYJ @ TEN,12.0,False,False,12.633178158477712,30.899999999999995,False,32.20883185585093
T.J. Hockenson,rec,3.5,Over,128,1.28,2.92,30.8,,GB @ MIN,4.0,True,False,1.1564672262816493,30.800000000000004,False,32.11729803981602
Malik Nabers,rec_yds,79.5,Over,225,2.25,62.6,30.8,,DAL @ NYG,69.0,False,False,33.697062283034256,30.800000000000004,False,32.11729803981602
Jalen Hurts,Pass Yards,275.0,Over,350,3.5,240.0,30.6,model,WAS @ PHI,203.0,False,False,69.00349831865819,30.600000000000005,False,31.934299370909013
Tyler Shough,Pass TDs,1.5,Over,128,1.28,1.111,30.6,model,DET @ NO,3.0,True,False,0.766924595598801,30.600000000000005,False,31.934299370909013
De'Von Achane,rec,6.5,Over,400,4.0,5.02,30.6,,MIA @ LV,4.0,False,False,2.917862214617547,30.600000000000005,False,31.934299370909013
Cam Skattebo,rush_yds,59.5,Over,154,1.54,45.3,30.5,,DAL @ NYG,81.0,True,False,27.839127494286164,30.499999999999993,False,31.84283462402291
Ladd McConkey,rec_yds,109.5,Over,640,6.4,87.3,30.4,,ARI @ LAC,82.0,False,False,43.2807249104106,30.400000000000006,False,31.751393004033734
Jalen Nailor,rec_yds,89.5,Over,750,7.5,64.6,30.3,,MIA @ LV,27.0,False,False,48.27531521175982,30.299999999999994,False,31.65997456070413
Lamar Jackson,Pass Yards,250.0,Over,178,1.78,220.1,30.3,model,IND @ BAL,324.0,True,False,57.96915360769552,30.299999999999994,False,31.65997456070413
Tyler Shough,Pass TDs,2.0,Over,128,1.28,1.111,30.1,model,DET @ NO,3.0,True,False,1.7046111320510124,30.099999999999994,False,31.477207396463225
MarShawn Lloyd,rec,2.5,Over,188,1.88,1.58,30.1,,GB @ MIN,0.0,False,False,1.7640520151709014,30.099999999999994,False,31.477207396463225
Chris Olave,Receptions,8.5,Over,310,3.1,7.1,30.0,,DET @ NO,10.0,True,False,2.6697151625010873,30.000000000000004,False,31.385858768419872
Bijan Robinson,Rec Yards,39.5,Over,140,1.4,28.6,29.6,,PIT @ ATL,90.0,True,False,20.33809653700185,29.600000000000005,False,31.020698302992677
Breece Hall,Receptions,5.5,Over,640,6.4,4.0,29.6,,NYJ @ TEN,2.0,False,False,2.798820624358053,29.600000000000005,False,31.020698302992677
Baker Mayfield,Pass TDs,3.0,Over,360,3.6,1.905,29.6,model,CIN @ TB,0.0,False,False,2.0431390557813787,29.600000000000005,False,31.020698302992677
Rachaad White,Rec Yards,29.5,Over,300,3.0,18.0,29.5,,WAS @ PHI,5.0,False,False,21.342299612105055,29.499999999999993,False,30.929466902818493
Chig Okonkwo,Receptions,3.5,Over,158,1.58,2.8,29.5,,WAS @ PHI,2.0,False,False,1.299096498128134,29.499999999999993,False,30.929466902818493
Tony Pollard,Rec Yards,19.5,Over,240,2.4,12.7,29.4,,NYJ @ TEN,-1.0,False,False,12.552226489170124,29.400000000000006,False,30.838259065917683
Breece Hall,Rush Yards,90.0,Over,260,2.6,66.6,29.3,model,NYJ @ TEN,102.0,True,False,42.964029272775406,29.299999999999994,False,30.747074828143873
MarShawn Lloyd,rec_yds,19.5,Over,220,2.2,10.8,29.3,,GB @ MIN,0.0,False,False,15.973805755262646,29.299999999999994,False,30.747074828143873
Tre Tucker,rec_yds,89.5,Over,580,5.8,64.6,29.2,,MIA @ LV,27.0,False,False,45.47518666282402,29.200000000000003,False,30.655914223867843
Jonathan Taylor,Rec Yards,19.5,Over,-114,0.88,12.9,29.0,,IND @ BAL,23.0,True,False,11.926603259481604,29.000000000000004,False,30.47366404577121
CeeDee Lamb,rec_yds,109.5,Over,300,3.0,86.5,29.0,,DAL @ NYG,44.0,False,False,41.562405298193475,29.000000000000004,False,30.47366404577121
Ja'Marr Chase,Rec Yards,149.5,Over,750,7.5,117.8,28.9,,CIN @ TB,12.0,False,False,56.98277463452833,28.89999999999999,False,30.382574533117047
Mark Andrews,Receptions,4.5,Over,240,2.4,3.5,28.8,,IND @ BAL,4.0,False,False,1.7881507125481406,28.800000000000004,False,30.291508776256748
Jayden Reed,rec,4.5,Over,168,1.68,3.61,28.8,,GB @ MIN,3.0,False,False,1.5914541341678454,28.800000000000004,False,30.291508776256748
Jack Bech,rec_yds,39.5,Over,320,3.2,26.6,28.7,,MIA @ LV,23.0,False,False,22.946783523881788,28.699999999999992,False,30.20046680187566
Jalen Nailor,rec,6.5,Over,920,9.2,5.02,28.7,,MIA @ LV,3.0,False,False,2.632654233747679,28.699999999999992,False,30.20046680187566
Juwan Johnson,Rec Yards,59.5,Over,210,2.1,43.1,28.7,,DET @ NO,54.0,False,False,29.172655022609405,28.699999999999992,False,30.20046680187566
Emeka Egbuka,Receptions,5.5,Over,182,1.82,4.5,28.7,,CIN @ TB,5.0,False,False,1.7788204282078905,28.699999999999992,False,30.20046680187566
Tre Harris,rec_yds,49.5,Over,310,3.1,35.3,28.6,,ARI @ LAC,20.0,False,False,25.127920047167464,28.6,False,30.109448635065995
Sam LaPorta,Receptions,4.5,Over,124,1.24,3.8,28.6,,DET @ NO,5.0,True,False,1.2387002840152976,28.6,False,30.109448635065995
Tucker Kraft,rec_yds,79.5,Over,430,4.3,60.2,28.5,,GB @ MIN,65.0,False,False,33.97579278715814,28.499999999999993,False,30.01845429930732
Rachaad White,Rush Yards,40.0,Over,265,2.65,29.5,28.5,model,WAS @ PHI,22.0,False,False,18.484239599231117,28.499999999999993,False,30.01845429930732
Mason Taylor,Receptions,2.5,Over,104,1.04,2.1,28.5,,NYJ @ TEN,2.0,False,False,0.7041615085421377,28.499999999999993,False,30.01845429930732
Javonte Williams,rec_yds,29.5,Over,520,5.2,19.8,28.4,,DAL @ NYG,31.0,True,False,16.987756480960183,28.400000000000002,False,29.927483816447054
Josh Downs,Rec Yards,49.5,Over,128,1.28,36.6,28.4,,IND @ BAL,37.0,False,False,22.591964804575912,28.400000000000002,False,29.927483816447054
Samaje Perine,Rec Yards,19.5,Over,370,3.7,11.8,28.3,,CIN @ TB,30.0,True,False,13.415746237647467,28.300000000000004,False,29.8365372066803
Jordan Addison,rec,4.5,Over,220,2.2,3.48,28.3,,GB @ MIN,0.0,False,False,1.7771508003117424,28.300000000000004,False,29.8365372066803
Trey McBride,rec,7.5,Over,205,2.05,6.31,28.2,,ARI @ LAC,9.0,True,False,2.0627120723684906,28.200000000000003,False,29.74561448852978
Jordan Love,rush_yds,14.5,Over,172,1.72,10.6,28.2,,GB @ MIN,0.0,False,False,6.760148808602614,28.200000000000003,False,29.74561448852978
Tyler Shough,Rush Yards,30.0,Over,310,3.1,19.7,28.1,"model (real historical SD, corrected)",DET @ NO,8.0,False,False,17.762498046130215,28.1,False,29.65471567882506
Bijan Robinson,Rush Yards,90.0,Over,152,1.52,71.0,28.1,model,PIT @ ATL,83.0,False,False,32.76577309480331,28.1,False,29.65471567882506
Justice Hill,Rush Yards,30.0,Over,700,7.0,18.5,28.0,model,IND @ BAL,18.0,False,False,19.730921453829566,28.000000000000004,False,29.563840792681738
Jahmyr Gibbs,Receptions,5.5,Over,225,2.25,3.9,28.0,,DET @ NO,5.0,False,False,2.7451716805328092,28.000000000000004,False,29.563840792681738
Terry McLaurin,Rec Yards,69.5,Over,178,1.78,53.1,27.8,,WAS @ PHI,14.0,False,False,27.853581984707404,27.800000000000004,False,29.38216284284385
Jahan Dotson,Receptions,1.5,Over,-118,0.85,1.1,27.8,,PIT @ ATL,1.0,False,False,0.6793556581635951,27.800000000000004,False,29.38216284284385
Amon-Ra St. Brown,Receptions,9.5,Over,410,4.1,7.9,27.7,,DET @ NO,10.0,True,False,2.703721665104043,27.699999999999992,False,29.291359800617546
Matthew Golden,rec_yds,39.5,Over,-114,0.88,25.3,27.7,,GB @ MIN,95.0,True,False,23.99552977779839,27.699999999999992,False,29.291359800617546
Lamar Jackson,Rush Yards,50.0,Over,154,1.54,33.1,27.6,"model (real historical SD, corrected)",IND @ BAL,43.0,False,False,28.41454345584713,27.6,False,29.200580724845025
Caleb Douglas,rec_yds,59.5,Over,370,3.7,40.4,27.6,,MIA @ LV,94.0,True,False,32.113478106904154,27.6,False,29.200580724845015
DeVonta Smith,Receptions,7.5,Over,360,3.6,6.1,27.5,,WAS @ PHI,3.0,False,False,2.3420765939488453,27.500000000000004,False,29.109825621746367
Pat Freiermuth,Rec Yards,29.5,Over,116,1.16,21.3,27.5,,PIT @ ATL,46.0,True,False,13.717877193128947,27.500000000000004,False,29.109825621746367
Devaughn Vele,Rec Yards,59.5,Over,225,2.25,43.7,27.5,,DET @ NO,69.0,True,False,26.432007274565528,27.500000000000004,False,29.109825621746367
Kendrick Bourne,rec_yds,39.5,Over,350,3.5,28.2,27.4,,ARI @ LAC,75.0,True,False,18.809515024736722,27.400000000000002,False,29.019094495694997
Samaje Perine,Rush Yards,30.0,Over,220,2.2,16.7,27.4,model,CIN @ TB,20.0,False,False,22.138632728229947,27.400000000000002,False,29.019094495694997
Jaxson Dart,pass_td,2.0,Over,140,1.4,1.01,27.4,,DAL @ NYG,3.0,True,False,1.6479132632291462,27.400000000000002,False,29.019094495694997
Lamar Jackson,Pass TDs,3.0,Over,360,3.6,1.823,27.4,model,IND @ BAL,1.0,False,False,1.9591857685057628,27.400000000000002,False,29.019094495694997
Samaje Perine,Receptions,3.5,Over,880,8.8,2.3,27.3,,CIN @ TB,3.0,False,False,1.987528794116741,27.29999999999999,False,28.928387349194384
Saquon Barkley,Rec Yards,29.5,Over,280,2.8,18.4,27.3,,WAS @ PHI,-3.0,False,False,18.384641345579855,27.29999999999999,False,28.928387349194384
George Pickens,rec_yds,109.5,Over,400,4.0,83.5,27.2,,DAL @ NYG,28.0,False,False,42.849465491505164,27.200000000000003,False,28.837704182854196
Jordan Love,pass_yds,249.5,Over,102,1.02,215.9,27.1,,GB @ MIN,387.0,True,False,55.10081000332124,27.1,False,28.74704499536621
DK Metcalf,Rec Yards,69.5,Over,220,2.2,53.4,27.0,,PIT @ ATL,40.0,False,False,26.272288995197176,27.0,False,28.65640978347981
Wan'Dale Robinson,Rec Yards,59.5,Over,220,2.2,44.1,26.9,,NYJ @ TEN,38.0,False,False,25.006487529352082,26.89999999999999,False,28.56579854197698
Jahmyr Gibbs,Rush Yards,100.0,Over,168,1.68,77.8,26.9,model (corrected -- Pacheco share removed),DET @ NO,156.0,True,False,36.0483131916634,26.89999999999999,False,28.56579854197698
Adonai Mitchell,Rec Yards,49.5,Over,205,2.05,29.3,26.8,,NYJ @ TEN,60.0,True,False,32.63997407625444,26.8,False,28.475211263647115
De'Von Achane,rec_yds,49.5,Over,320,3.2,33.7,26.8,,MIA @ LV,30.0,False,False,25.530276752713863,26.8,False,28.475211263647115
Mark Andrews,Rec Yards,59.5,Over,290,2.9,43.3,26.7,,IND @ BAL,49.0,False,False,26.04871836305848,26.700000000000003,False,28.384647939260987
Cam Ward,Pass TDs,1.5,Over,194,1.94,1.005,26.6,model,NYJ @ TEN,1.0,False,False,0.7920558830343267,26.6,False,28.29410855754484
Caleb Douglas,rec,4.5,Over,630,6.3,3.39,26.6,,MIA @ LV,5.0,True,False,1.7761253134709138,26.6,False,28.29410855754484
Carnell Tate,Rec Yards,59.5,Over,235,2.35,40.9,26.6,,NYJ @ TEN,38.0,False,False,29.762099847350452,26.6,False,28.29410855754484
Chig Okonkwo,Rec Yards,39.5,Over,225,2.25,27.7,26.5,,WAS @ PHI,16.0,False,False,18.789628966480297,26.5,False,28.2035931051535
Tyler Warren,Receptions,5.5,Over,158,1.58,4.5,26.5,,IND @ BAL,3.0,False,False,1.5923414378373133,26.5,False,28.2035931051535
Jaylen Warren,Rush Yards,50.0,Over,134,1.34,36.1,26.5,model,PIT @ ATL,46.0,False,False,22.133545985938653,26.5,False,28.2035931051535
Pat Freiermuth,Receptions,2.5,Over,-138,0.72,2.0,26.4,,PIT @ ATL,5.0,True,False,0.7923152029301043,26.400000000000002,False,28.113101566643483
George Pickens,rec,7.5,Over,430,4.3,6.03,26.4,,DAL @ NYG,3.0,False,False,2.329406696614506,26.400000000000002,False,28.113101566643483
Darnell Mooney,rec_yds,29.5,Over,136,1.36,19.6,26.4,,DAL @ NYG,27.0,False,False,15.687841018016062,26.400000000000002,False,28.113101566643483
Jayden Daniels,Rush Yards,60.0,Over,320,3.2,42.8,26.3,"model (real historical SD, corrected)",WAS @ PHI,31.0,False,False,27.124039002941732,26.3,False,28.022633924445305
Cam Ward,Pass TDs,2.0,Over,194,1.94,1.005,26.3,model,NYJ @ TEN,1.0,False,False,1.569094116739943,26.3,False,28.022633924445305
Makai Lemon,Rec Yards,59.5,Over,550,5.5,40.2,26.3,,WAS @ PHI,-5.0,False,False,30.435694927719492,26.3,False,28.022633924445305
Kenyon Sadiq,Receptions,3.5,Over,430,4.3,2.6,26.2,,NYJ @ TEN,3.0,False,False,1.41244783322052,26.200000000000003,False,27.932190158835525
Malik Washington,rec,5.5,Over,680,6.8,4.37,26.1,,MIA @ LV,3.0,False,False,1.764892819834299,26.1,False,27.841770247908215
Kenny Gainwell,Rec Yards,29.5,Over,140,1.4,16.8,26.0,,CIN @ TB,3.0,False,False,19.740562213611515,26.0,False,27.75137416754603
Chase Brown,Rush Yards,90.0,Over,370,3.7,65.8,26.0,model,CIN @ TB,56.0,False,False,37.61587445428337,26.0,False,27.75137416754603
Tee Higgins,Receptions,7.5,Over,450,4.5,5.9,26.0,,CIN @ TB,3.0,False,False,2.4869999639195606,26.0,False,27.75137416754603
Amon-Ra St. Brown,Rec Yards,124.5,Over,470,4.7,95.0,25.9,,DET @ NO,67.0,False,False,45.63515827825363,25.900000000000002,False,27.661001891390626
Devaughn Vele,Receptions,5.5,Over,410,4.1,4.0,25.7,,DET @ NO,7.0,True,False,2.2984208374793504,25.7,False,27.480328634881502
Marvin Harrison Jr.,rec_yds,69.5,Over,225,2.25,49.5,25.7,,ARI @ LAC,33.0,False,False,30.64561116639134,25.7,False,27.480328634881502
Geno Smith,Rush Yards,20.0,Over,450,4.5,10.1,25.7,"model (real historical SD, corrected)",NYJ @ TEN,10.0,False,False,15.169577527363714,25.7,False,27.480328634881502
Dak Prescott,pass_td,3.0,Over,250,2.5,1.75,25.7,,DAL @ NYG,2.0,False,False,1.9153506978994588,25.7,False,27.480328634881502
Dontayvion Wicks,Rec Yards,24.5,Over,-152,0.66,16.2,25.6,,WAS @ PHI,73.0,True,False,12.65771283732326,25.6,False,27.390027590333666
Saquon Barkley,Receptions,4.5,Over,470,4.7,3.0,25.5,,WAS @ PHI,1.0,False,False,2.2767367692191693,25.5,False,27.299750221541707
Ja'Marr Chase,Receptions,12.5,Over,1200,12.0,10.2,25.5,,CIN @ TB,2.0,False,False,3.490996379469394,25.5,False,27.299750221541707
Dak Prescott,pass_yds,324.5,Over,350,3.5,273.0,25.3,,DAL @ NYG,175.0,False,False,77.4344163142062,25.3,False,27.119266356700813
Tyjae Spears,Rush Yards,40.0,Over,270,2.7,25.3,25.3,model,NYJ @ TEN,12.0,False,False,22.102639219783132,25.3,False,27.119266356700813
Chris Olave,Rec Yards,109.5,Over,280,2.8,85.0,25.3,,DET @ NO,182.0,True,False,36.837732032971886,25.3,False,27.119266356700813
Quentin Johnston,rec_yds,79.5,Over,390,3.9,53.8,25.3,,ARI @ LAC,17.0,False,False,38.64202911213786,25.3,False,27.119266356700813
Mike Gesicki,Receptions,2.5,Over,120,1.2,1.9,25.2,,CIN @ TB,5.0,True,False,0.8979222531716923,25.2,False,27.02905977728356
Andrei Iosivas,Rec Yards,39.5,Over,490,4.9,24.0,25.2,,CIN @ TB,12.0,False,False,23.196324873602045,25.2,False,27.02905977728356
Omarion Hampton,rush_yds,89.5,Over,205,2.05,63.1,25.2,,ARI @ LAC,43.0,False,False,39.50857913955445,25.2,False,27.02905977728356
Malik Willis,pass_yds,299.5,Over,1280,12.8,243.5,25.1,,MIA @ LV,220.0,False,False,83.41448683105007,25.099999999999987,False,26.938876706818206
Rico Dowdle,Rec Yards,19.5,Over,210,2.1,11.4,25.1,,PIT @ ATL,6.0,False,False,12.065309702348312,25.099999999999987,False,26.938876706818206
Daniel Jones,Pass Yards,250.0,Over,132,1.32,211.0,25.0,model,IND @ BAL,166.0,False,False,57.82148652171848,25.0,False,26.848717097362172
Chase Brown,Receptions,8.5,Over,1700,17.0,5.3,25.0,,CIN @ TB,5.0,False,False,4.7443270992179265,25.0,False,26.848717097362172
Carnell Tate,Receptions,5.5,Over,410,4.1,4.1,24.9,,NYJ @ TEN,4.0,False,False,2.0659938500706057,24.9,False,26.75858089840668
Christian Watson,rec,4.5,Over,128,1.28,3.23,24.9,,GB @ MIN,6.0,True,False,1.8741515639926203,24.9,False,26.75858089840668
Derrick Henry,Rush Yards,125.0,Over,470,4.7,95.1,24.8,model,IND @ BAL,144.0,True,False,43.919117692628205,24.8,False,26.6684680568411
Trey McBride,rec_yds,79.5,Over,240,2.4,59.9,24.8,,ARI @ LAC,95.0,True,False,28.78978952426464,24.8,False,26.6684680568411
Juwan Johnson,Receptions,5.5,Over,220,2.2,4.0,24.8,,DET @ NO,3.0,False,False,2.2033002186937223,24.8,False,26.6684680568411
Garrett Wilson,Rec Yards,89.5,Over,270,2.7,64.1,24.7,,NYJ @ TEN,79.0,False,False,37.136638153044046,24.7,False,26.578378516916466
Derrick Henry,Rec Yards,19.5,Over,280,2.8,10.0,24.6,,IND @ BAL,19.0,False,False,13.825596625507401,24.6,False,26.48831222020831
Breece Hall,Rec Yards,49.5,Over,580,5.8,31.7,24.6,,NYJ @ TEN,16.0,False,False,25.90480209831913,24.6,False,26.48831222020831
Braelon Allen,Rush Yards,20.0,Over,106,1.06,12.2,24.5,model,NYJ @ TEN,40.0,True,False,11.299290592230166,24.50000000000001,False,26.398269105578777
Makai Lemon,Receptions,5.5,Over,1280,12.8,4.0,24.5,,WAS @ PHI,3.0,False,False,2.172940498505801,24.50000000000001,False,26.398269105578777
Ashton Jeanty,rush_yds,109.5,Over,700,7.0,78.0,24.5,,MIA @ LV,102.0,False,False,45.631750468621824,24.50000000000001,False,26.398269105578777
Emeka Egbuka,Rec Yards,89.5,Over,280,2.8,63.3,24.5,,CIN @ TB,63.0,False,False,37.954027373901326,24.50000000000001,False,26.398269105578777
Jameson Williams,Rec Yards,99.5,Over,390,3.9,66.1,24.4,,DET @ NO,45.0,False,False,48.16196172465688,24.4,False,26.30824910913815
Jonathan Taylor,Rush Yards,110.0,Over,300,3.0,79.7,24.4,model,IND @ BAL,98.0,False,False,43.69183952865578,24.4,False,26.30824910913815
Wan'Dale Robinson,Receptions,5.5,Over,188,1.88,4.4,24.4,,NYJ @ TEN,5.0,False,False,1.5861723921294173,24.4,False,26.30824910913815
CeeDee Lamb,rec,8.5,Over,370,3.7,6.89,24.3,,DAL @ NYG,5.0,False,False,2.310944245480621,24.30000000000001,False,26.218252164205637
Christian Watson,rec_yds,69.5,Over,154,1.54,46.5,24.2,,GB @ MIN,147.0,True,False,32.86260743002814,24.2,False,26.12827820126934
Tyler Shough,Pass Yards,300.0,Over,290,2.9,227.7,24.2,model,DET @ NO,410.0,True,False,103.30289205178413,24.2,False,26.12827820126934
Kenyon Sadiq,Rec Yards,39.5,Over,430,4.3,24.8,24.2,,NYJ @ TEN,21.0,False,False,21.00349257484407,24.2,False,26.12827820126934
Drake London,Rec Yards,99.5,Over,520,5.2,71.5,24.2,,PIT @ ATL,29.0,False,False,40.00665252351252,24.2,False,26.12827820126934
Tee Higgins,Rec Yards,109.5,Over,490,4.9,78.0,24.0,,CIN @ TB,59.0,False,False,44.59845066020503,24.0,False,25.94839892893677
Matthew Golden,rec,3.5,Over,-104,0.96,2.27,24.0,,GB @ MIN,6.0,True,False,1.7414633114937201,24.0,False,25.94839892893677
Jordan Mason,rush_yds,69.5,Over,290,2.9,51.5,23.9,,GB @ MIN,59.0,False,False,25.369157396645704,23.9,False,25.858493465990552
Saquon Barkley,Rush Yards,125.0,Over,630,6.3,88.4,23.8,model,WAS @ PHI,83.0,False,False,51.35034859689341,23.799999999999997,False,25.768610677855186
Mike Gesicki,Rec Yards,29.5,Over,158,1.58,18.7,23.8,,CIN @ TB,78.0,True,False,15.152561881050518,23.799999999999997,False,25.768610677855186
Jordan Love,pass_td,3.0,Over,370,3.7,1.69,23.8,,GB @ MIN,2.0,False,False,1.8379496355718685,23.799999999999997,False,25.768610677855186
Cam Ward,Rush Yards,20.0,Over,290,2.9,12.1,23.7,"model (real historical SD, corrected)",NYJ @ TEN,21.0,True,False,11.033735456612629,23.7,False,25.67875048023631
MarShawn Lloyd,rush_yds,59.5,Over,194,1.94,40.7,23.7,,GB @ MIN,37.0,False,False,26.257497035989545,23.7,False,25.67875048023631
Jacoby Brissett,pass_yds,274.5,Over,290,2.9,229.8,23.6,,ARI @ LAC,277.0,True,False,62.14990879557712,23.599999999999998,False,25.588912785752093
Kyle Pitts,Rec Yards,69.5,Over,430,4.3,47.9,23.6,,PIT @ ATL,0.0,False,False,30.03217069316479,23.599999999999998,False,25.588912785752093
Justin Herbert,pass_yds,324.5,Over,640,6.4,266.3,23.6,,ARI @ LAC,209.0,False,False,80.92001547880511,23.599999999999998,False,25.588912785752093
Ashton Jeanty,rec_yds,39.5,Over,430,4.3,23.6,23.5,,MIA @ LV,45.0,True,False,22.00755849954133,23.499999999999986,False,25.49909750388747
Jaxson Dart,pass_yds,274.5,Over,350,3.5,215.1,23.4,,DAL @ NYG,230.0,False,False,81.8478292100326,23.4,False,25.40930454094765
Michael Pittman,Rec Yards,69.5,Over,400,4.0,51.5,23.4,,PIT @ ATL,58.0,False,False,24.802372487888665,23.4,False,25.40930454094765
Daniel Jones,Rush Yards,30.0,Over,630,6.3,16.7,23.4,"model (real historical SD, corrected)",IND @ BAL,4.0,False,False,18.326197449384402,23.4,False,25.40930454094765
Malik Washington,rec_yds,69.5,Over,700,7.0,42.9,23.3,,MIA @ LV,53.0,False,False,36.48820415935298,23.299999999999997,False,25.319533800010685
Kenny Gainwell,Receptions,4.5,Over,220,2.2,2.8,23.3,,CIN @ TB,1.0,False,False,2.331952897402258,23.299999999999997,False,25.319533800010685
Jalen Nailor,rec_yds,99.5,Over,1100,11.0,64.6,23.2,,MIA @ LV,27.0,False,False,47.65961228140272,23.2,False,25.229785180878984
Drake London,Receptions,7.5,Over,400,4.0,5.6,23.2,,PIT @ ATL,2.0,False,False,2.594649379216767,23.2,False,25.229785180878984
Gunnar Helm,Rec Yards,29.5,Over,162,1.62,19.7,23.2,,NYJ @ TEN,28.0,False,False,13.382928377012798,23.2,False,25.229785180878984
Jacory Croskey-Merritt,Rush Yards,70.0,Over,370,3.7,50.2,23.0,model,WAS @ PHI,63.0,False,False,26.798517205338374,23.0,False,25.05035389056598
Cooper Rush,Pass TDs,2.0,Over,235,2.35,0.9,23.0,ESTIMATE (not in model -- recent starter change),PIT @ ATL,1.0,False,False,1.4888065114076878,23.0,False,25.05035389056598
Javonte Williams,rush_yds,79.5,Over,108,1.08,55.8,23.0,,DAL @ NYG,41.0,False,False,32.077013018511096,23.0,False,25.05035389056598
Joe Burrow,Pass Yards,350.0,Over,490,4.9,283.3,22.9,model,CIN @ TB,254.0,False,False,89.87472259259039,22.9,False,24.960671002162403
Jaxson Dart,rush_yds,59.5,Over,490,4.9,40.1,22.8,,DAL @ NYG,59.0,False,False,26.0245647037337,22.799999999999997,False,24.87100980101581
DeVonta Smith,Rec Yards,109.5,Over,450,4.5,80.5,22.8,,WAS @ PHI,53.0,False,False,38.90269981485966,22.799999999999997,False,24.87100980101581
Tony Pollard,Rush Yards,90.0,Over,520,5.2,63.1,22.6,model,NYJ @ TEN,35.0,False,False,35.76723819414638,22.599999999999998,False,24.691751987563258
Rachaad White,Receptions,3.5,Over,280,2.8,2.3,22.6,,WAS @ PHI,2.0,False,False,1.595564529106902,22.599999999999998,False,24.691751987563258
Aaron Jones,rec_yds,24.5,Over,220,2.2,15.2,22.6,,GB @ MIN,0.0,False,False,12.365625100578491,22.599999999999998,False,24.691751987563258
Greg Dulcich,rec_yds,69.5,Over,800,8.0,44.7,22.6,,MIA @ LV,18.0,False,False,32.9750002682093,22.599999999999998,False,24.691751987563258
Dallas Goedert,Rec Yards,69.5,Over,490,4.9,48.5,22.6,,WAS @ PHI,77.0,True,False,27.922379259370782,22.599999999999998,False,24.691751987563258
Darnell Washington,Rec Yards,19.5,Over,116,1.16,12.9,22.6,,PIT @ ATL,18.0,False,False,8.77560491008796,22.599999999999998,False,24.691751987563258
Michael Mayer,rec_yds,59.5,Over,270,2.7,40.9,22.5,,MIA @ LV,32.0,False,False,24.622226658123747,22.499999999999996,False,24.60215512976901
Jonathan Taylor,Receptions,4.5,Over,320,3.2,2.5,22.5,,IND @ BAL,3.0,False,False,2.647551253561693,22.499999999999996,False,24.60215512976901
Stefon Diggs,Receptions,5.5,Over,270,2.7,4.3,22.5,,WAS @ PHI,4.0,False,False,1.5885307521370162,22.499999999999996,False,24.60215512976901
Alec Pierce,Rec Yards,69.5,Over,260,2.6,45.4,22.4,,IND @ BAL,61.0,False,False,31.762619330816406,22.4,False,24.512579468142913
Bucky Irving,Rush Yards,90.0,Over,350,3.5,62.5,22.4,model,CIN @ TB,45.0,False,False,36.243652763379714,22.4,False,24.512579468142913
Jauan Jennings,rec_yds,39.5,Over,240,2.4,24.8,22.3,,GB @ MIN,0.0,False,False,19.2887935505286,22.299999999999986,False,24.423024870662992
Ladd McConkey,rec,9.5,Over,1260,12.6,7.3,22.3,,ARI @ LAC,5.0,False,False,2.8867582184464573,22.299999999999986,False,24.423024870662992
Chris Godwin Jr.,Rec Yards,69.5,Over,240,2.4,49.3,22.2,,CIN @ TB,40.0,False,False,26.38949521380268,22.199999999999996,False,24.333491201490855
Kirk Cousins,pass_yds,299.5,Over,750,7.5,241.3,22.2,,MIA @ LV,160.0,False,False,76.03310007145126,22.199999999999996,False,24.333491201490855
Dak Prescott,rush_yds,19.5,Over,370,3.7,13.0,22.1,,DAL @ NYG,14.0,False,False,8.454511483774413,22.10000000000001,False,24.24397832091141
Tre Tucker,rec_yds,99.5,Over,800,8.0,64.6,22.0,,MIA @ LV,27.0,False,False,45.19594236096488,21.999999999999996,False,24.15448608527122
Justice Hill,Rec Yards,29.5,Over,390,3.9,15.9,21.8,,IND @ BAL,10.0,False,False,17.459051622379793,21.799999999999997,False,23.975562954124264
Cade Otton,Rec Yards,49.5,Over,250,2.5,32.3,21.8,,CIN @ TB,26.0,False,False,22.08056528712739,21.799999999999997,False,23.975562954124264
Breece Hall,Rush Yards,100.0,Over,370,3.7,66.6,21.8,model,NYJ @ TEN,102.0,True,False,42.87737677849156,21.799999999999997,False,23.975562954124264
Sam LaPorta,Rec Yards,69.5,Over,320,3.2,47.8,21.8,,DET @ NO,48.0,False,False,27.85745736806188,21.799999999999997,False,23.975562954124264
Mason Taylor,Rec Yards,29.5,Over,162,1.62,18.0,21.6,,NYJ @ TEN,-2.0,False,False,14.635254495162796,21.599999999999998,False,23.796720577631646
Tyler Warren,Rec Yards,69.5,Over,280,2.8,49.5,21.6,,IND @ BAL,13.0,False,False,25.452616513326603,21.599999999999998,False,23.796720577631646
De'Von Achane,rush_yds,124.5,Over,800,8.0,85.0,21.6,,MIA @ LV,36.0,False,False,50.268917613820044,21.599999999999998,False,23.796720577631646
Jaylen Warren,Rec Yards,29.5,Over,194,1.94,17.0,21.5,,PIT @ ATL,27.0,False,False,15.83899165417733,21.499999999999986,False,23.707329269565214
KaVontae Turpin,rec_yds,24.5,Over,360,3.6,14.1,21.5,,DAL @ NYG,8.0,False,False,13.178041056275537,21.499999999999986,False,23.707329269565214
Jahan Dotson,Rec Yards,24.5,Over,220,2.2,13.3,21.5,,PIT @ ATL,19.0,False,False,14.191736522142886,21.499999999999986,False,23.707329269565214
Isaac TeSlaa,Rec Yards,29.5,Over,194,1.94,16.2,21.4,,DET @ NO,0.0,False,False,16.779820742266672,21.4,False,23.617957658194612
Travis Etienne,Rush Yards,70.0,Over,164,1.64,49.9,21.3,model,DET @ NO,46.0,False,False,25.24950793497367,21.299999999999997,False,23.52860557045989
Geno Smith,Pass Yards,275.0,Over,370,3.7,217.2,21.2,model,NYJ @ TEN,215.0,False,False,72.29509920716103,21.199999999999996,False,23.439272828820435
Stefon Diggs,Rec Yards,69.5,Over,300,3.0,50.3,21.2,,WAS @ PHI,55.0,False,False,24.014981051513697,21.199999999999996,False,23.439272828820435
Quentin Johnston,rec,6.5,Over,880,8.8,4.56,21.2,,ARI @ LAC,2.0,False,False,2.426513710413363,21.199999999999996,False,23.439272828820435
Baker Mayfield,Rush Yards,40.0,Over,750,7.5,27.2,21.1,"model (real historical SD, corrected)",CIN @ TB,31.0,False,False,15.941091920395962,21.10000000000001,False,23.349959251180273
Travis Etienne,Rec Yards,39.5,Over,630,6.3,23.8,21.1,,DET @ NO,32.0,False,False,19.55274555861067,21.10000000000001,False,23.349959251180273
Garrett Wilson,Receptions,7.5,Over,280,2.8,5.6,21.1,,NYJ @ TEN,6.0,False,False,2.366255831933776,21.10000000000001,False,23.349959251180273
Tre Tucker,rec,8.5,Over,1200,12.0,5.98,21.0,,MIA @ LV,2.0,False,False,3.12491766470409,20.999999999999996,False,23.260664650812068
Jordan Addison,rec_yds,69.5,Over,290,2.9,44.5,21.0,,GB @ MIN,0.0,False,False,31.001167308572324,20.999999999999996,False,23.260664650812068
Rico Dowdle,Rush Yards,70.0,Over,280,2.8,48.9,21.0,model,PIT @ ATL,15.0,False,False,26.164985208435045,20.999999999999996,False,23.260664650812068
Aaron Rodgers,Pass Yards,250.0,Over,220,2.2,202.5,20.9,model,PIT @ ATL,221.0,False,False,58.64951179002977,20.900000000000006,False,23.17138883627917
Baker Mayfield,Pass Yards,325.0,Over,640,6.4,262.1,20.9,model,CIN @ TB,216.0,False,False,77.6643008756394,20.900000000000006,False,23.17138883627917
Bijan Robinson,Receptions,5.5,Over,188,1.88,3.8,20.8,,PIT @ ATL,8.0,True,False,2.090043016323595,20.799999999999997,False,23.08213161135605
Jeremiyah Love,rush_yds,89.5,Over,920,9.2,66.8,20.8,,ARI @ LAC,41.0,False,False,27.908221453262122,20.799999999999997,False,23.08213161135605
Jayden Reed,rec_yds,69.5,Over,290,2.9,45.8,20.7,,GB @ MIN,20.0,False,False,29.013015214748062,20.700000000000006,False,22.992892774946895
Malik Nabers,rec_yds,89.5,Over,320,3.2,62.6,20.7,,DAL @ NYG,69.0,False,False,32.93038435766763,20.700000000000006,False,22.992892774946895
Jared Goff,Pass Yards,350.0,Over,580,5.8,289.9,20.7,model,DET @ NO,206.0,False,False,73.5730892154582,20.700000000000006,False,22.992892774946895
Chase Brown,Rec Yards,39.5,Over,260,2.6,23.2,20.6,,CIN @ TB,22.0,False,False,19.868861952552177,20.599999999999994,False,22.90367212100255
Travis Etienne,Receptions,4.5,Over,430,4.3,2.8,20.5,,DET @ NO,7.0,True,False,2.063373155708741,20.500000000000007,False,22.814469438435392
De'Von Achane,rec,7.5,Over,680,6.8,5.02,20.2,,MIA @ LV,4.0,False,False,2.9718439303780047,20.199999999999996,False,22.54696703070349
Michael Wilson,rec_yds,69.5,Over,310,3.1,44.8,20.0,,ARI @ LAC,56.0,False,False,29.34811886237909,19.999999999999996,False,22.368717844371965
Ladd McConkey,rec_yds,124.5,Over,1000,10.0,87.3,20.0,,ARI @ LAC,82.0,False,False,44.200405736052716,19.999999999999996,False,22.368717844371965
Josh Downs,Receptions,4.5,Over,124,1.24,3.4,19.9,,IND @ BAL,2.0,False,False,1.3014693638021044,19.899999999999995,False,22.279618263862243
Ashton Jeanty,rec,6.5,Over,700,7.0,4.12,19.9,,MIA @ LV,6.0,False,False,2.8159064416809163,19.899999999999995,False,22.279618263862243
Michael Wilson,rec,5.5,Over,360,3.6,3.87,19.8,,ARI @ LAC,5.0,False,False,1.9203882754605033,19.799999999999997,False,22.190535028478063
Isaiah Likely,rec_yds,49.5,Over,174,1.74,31.1,19.7,,DAL @ NYG,78.0,True,False,21.586469464987264,19.700000000000006,False,22.101467883519987
Bucky Irving,Receptions,4.5,Over,700,7.0,2.9,19.7,,CIN @ TB,7.0,True,False,1.8770843013032403,19.699999999999996,False,22.101467883519987
Keenan Allen,Rec Yards,49.5,Over,360,3.6,34.6,19.6,,IND @ BAL,32.0,False,False,17.4066236904418,19.599999999999994,False,22.01241656839149
Joe Burrow,Rush Yards,20.0,Over,390,3.9,8.9,19.6,"model (real historical SD, corrected)",CIN @ TB,21.0,True,False,12.967350534490203,19.599999999999994,False,22.01241656839149
Jahmyr Gibbs,Rec Yards,49.5,Over,270,2.7,29.7,19.6,,DET @ NO,30.0,False,False,23.130949602063605,19.599999999999994,False,22.01241656839149
Jameson Williams,Receptions,6.5,Over,630,6.3,4.3,19.5,,DET @ NO,4.0,False,False,2.5592782225149207,19.500000000000007,False,21.92338081649188
Tucker Kraft,rec_yds,89.5,Over,640,6.4,60.2,19.3,,GB @ MIN,65.0,False,False,33.798820118590065,19.300000000000004,False,21.745354905296587
Theo Johnson,rec_yds,39.5,Over,490,4.9,24.5,19.3,,DAL @ NYG,9.0,False,False,17.303150231360103,19.300000000000004,False,21.745354905296587
Jalen Hurts,Pass Yards,300.0,Over,580,5.8,240.0,19.3,model,WAS @ PHI,203.0,False,False,69.21260092544041,19.300000000000004,False,21.745354905296587
Alec Pierce,Receptions,4.5,Over,360,3.6,2.9,19.2,,IND @ BAL,4.0,False,False,1.8379189157275504,19.199999999999996,False,21.656364181780607
Cam Skattebo,rush_yds,69.5,Over,235,2.35,45.3,19.2,,DAL @ NYG,81.0,True,False,27.798523600379202,19.199999999999996,False,21.656364181780607
Justin Herbert,rush_yds,29.5,Over,220,2.2,18.8,19.1,,ARI @ LAC,29.0,False,False,12.239521745874413,19.100000000000005,False,21.56738789282069
MarShawn Lloyd,rec_yds,24.5,Over,320,3.2,10.8,19.1,,GB @ MIN,0.0,False,False,15.67116335686724,19.100000000000005,False,21.56738789282069
Jahmyr Gibbs,Rush Yards,110.0,Over,235,2.35,77.8,19.0,model (corrected -- Pacheco share removed),DET @ NO,156.0,True,False,36.678591972097344,18.999999999999993,False,21.478425740100015
Cam Ward,Pass Yards,275.0,Over,490,4.9,221.1,19.0,model,NYJ @ TEN,140.0,False,False,61.39677351851077,18.999999999999993,False,21.478425740100025
Adonai Mitchell,Receptions,4.5,Over,410,4.1,2.5,19.0,,NYJ @ TEN,3.0,False,False,2.2781734144159835,18.999999999999993,False,21.478425740100015
Breece Hall,Receptions,6.5,Over,1200,12.0,4.0,18.9,,NYJ @ TEN,2.0,False,False,2.835793876259941,18.899999999999995,False,21.389477418600165
Jacoby Brissett,rush_yds,24.5,Over,410,4.1,15.6,18.9,,ARI @ LAC,17.0,False,False,10.09542619948539,18.899999999999995,False,21.389477418600165
Jake Ferguson,rec_yds,49.5,Over,300,3.0,30.6,18.9,,DAL @ NYG,6.0,False,False,21.43860170452515,18.899999999999995,False,21.389477418600165
Bijan Robinson,Rush Yards,100.0,Over,220,2.2,71.0,18.8,model,PIT @ ATL,83.0,False,False,32.75761083646405,18.799999999999994,False,21.300542616474438
CeeDee Lamb,rec_yds,124.5,Over,490,4.9,86.5,18.6,,DAL @ NYG,44.0,False,False,42.56590290152817,18.600000000000005,False,21.122712288037803
Terry McLaurin,Receptions,5.5,Over,265,2.65,4.0,18.6,,WAS @ PHI,2.0,False,False,1.6802330092708488,18.600000000000005,False,21.122712288037803
Chris Olave,Receptions,9.5,Over,520,5.2,7.1,18.5,,DET @ NO,10.0,True,False,2.677157064975408,18.500000000000007,False,21.033816102710958
Jake Ferguson,rec,4.5,Over,178,1.78,3.42,18.5,,DAL @ NYG,2.0,False,False,1.2047206792389336,18.500000000000007,False,21.033816102710958
Bucky Irving,Rec Yards,39.5,Over,630,6.3,20.6,18.4,,CIN @ TB,48.0,True,False,20.994728323992547,18.399999999999995,False,20.944932118450833
Juwan Johnson,Rec Yards,69.5,Over,320,3.2,43.1,18.3,,DET @ NO,54.0,False,False,29.203819987000085,18.300000000000004,False,20.8560599872614
Chris Godwin Jr.,Receptions,5.5,Over,210,2.1,4.2,18.3,,CIN @ TB,4.0,False,False,1.4380668932992464,18.300000000000004,False,20.8560599872614
Tyler Allgeier,rush_yds,39.5,Over,-106,0.94,28.6,18.3,,ARI @ LAC,61.0,True,False,12.057637797662913,18.300000000000004,False,20.8560599872614
Caleb Douglas,rec_yds,69.5,Over,550,5.5,40.4,18.3,,MIA @ LV,94.0,True,False,32.19057430385237,18.300000000000015,False,20.85605998726139
Chase Brown,Rush Yards,100.0,Over,550,5.5,65.8,18.3,model,CIN @ TB,56.0,False,False,37.83222134679557,18.300000000000004,False,20.8560599872614
Tyjae Spears,Rec Yards,24.5,Over,182,1.82,13.2,18.2,,NYJ @ TEN,12.0,False,False,12.448093517351758,18.199999999999996,False,20.767199353490863
Marvin Harrison Jr.,rec,5.5,Over,290,2.9,3.62,18.1,,ARI @ LAC,1.0,False,False,2.0623968625203064,18.100000000000005,False,20.67834985368162
Jameson Williams,Rec Yards,109.5,Over,550,5.5,66.1,18.1,,DET @ NO,45.0,False,False,47.61065097520283,18.100000000000005,False,20.67834985368162
Rico Dowdle,Receptions,3.5,Over,430,4.3,1.9,18.0,,PIT @ ATL,2.0,False,False,1.74793644770812,17.999999999999993,False,20.58951111641567
Cooper Rush,Pass Yards,225.0,Over,225,2.25,175.0,17.8,ESTIMATE (not in model -- recent starter change),PIT @ ATL,143.0,False,False,54.17036947633723,17.800000000000004,False,20.411864403087222
Quentin Johnston,rec_yds,89.5,Over,580,5.8,53.8,17.5,,ARI @ LAC,17.0,False,False,38.19859733144874,17.500000000000004,False,20.14546529110205
Aaron Jones,rush_yds,59.5,Over,520,5.2,39.8,17.5,,GB @ MIN,40.0,False,False,21.078777799146785,17.500000000000004,False,20.14546529110205
Jalen Nailor,rec_yds,109.5,Over,1400,14.0,64.6,17.4,,MIA @ LV,27.0,False,False,47.84354040919352,17.39999999999999,False,20.0566828630776
Tucker Kraft,rec,6.5,Over,450,4.5,4.63,17.4,,GB @ MIN,3.0,False,False,1.9925928856390176,17.39999999999999,False,20.0566828630776
Tony Pollard,Rec Yards,24.5,Over,370,3.7,12.7,17.4,,NYJ @ TEN,-1.0,False,False,12.573580775690058,17.39999999999999,False,20.0566828630776
Adonai Mitchell,Rec Yards,59.5,Over,310,3.1,29.3,17.4,,NYJ @ TEN,60.0,True,False,32.179842324223706,17.39999999999999,False,20.056682863077626
Kyle Pitts,Receptions,5.5,Over,200,2.0,3.8,17.3,,PIT @ ATL,0.0,False,False,1.8039502279449517,17.300000000000004,False,19.967908360956443
Lamar Jackson,Pass Yards,275.0,Over,300,3.0,220.1,17.3,model,IND @ BAL,324.0,True,False,58.25698089069285,17.300000000000004,False,19.967908360956443
Jalen Hurts,Rush Yards,50.0,Over,370,3.7,30.1,17.3,"model (real historical SD, corrected)",WAS @ PHI,48.0,False,False,21.11682913888502,17.300000000000004,False,19.967908360956443
Aaron Jones,rec,3.5,Over,188,1.88,2.26,17.3,,GB @ MIN,0.0,False,False,1.315822519206906,17.300000000000004,False,19.967908360956443
George Pickens,rec_yds,124.5,Over,640,6.4,83.5,17.3,,DAL @ NYG,28.0,False,False,43.5070349092606,17.300000000000004,False,19.967908360956443
Amon-Ra St. Brown,Receptions,10.5,Over,680,6.8,7.9,17.2,,DET @ NO,10.0,False,False,2.74756815448543,17.199999999999992,False,19.879141343579143
Emeka Egbuka,Rec Yards,99.5,Over,390,3.9,63.3,17.2,,CIN @ TB,63.0,False,False,38.254602766297154,17.199999999999992,False,19.879141343579143
Jayden Daniels,Pass Yards,250.0,Over,250,2.5,199.1,17.2,model,WAS @ PHI,164.0,False,False,53.78893040896478,17.199999999999992,False,19.879141343579143
Justin Herbert,pass_td,3.0,Over,188,1.88,1.42,17.2,,ARI @ LAC,1.0,False,False,1.6696760323411464,17.199999999999992,False,19.879141343579143
Jalen Hurts,Pass TDs,3.0,Over,410,4.1,1.413,17.2,model,WAS @ PHI,3.0,True,False,1.677073331218607,17.199999999999992,False,19.879141343579143
Drake London,Rec Yards,109.5,Over,700,7.0,71.5,17.1,,PIT @ ATL,29.0,False,False,39.99069936132298,17.100000000000005,False,19.790381360242225
Omarion Hampton,rush_yds,99.5,Over,310,3.1,63.1,17.1,,ARI @ LAC,43.0,False,False,38.30688044084622,17.100000000000005,False,19.790381360242225
Terry McLaurin,Rec Yards,79.5,Over,260,2.6,53.1,17.1,,WAS @ PHI,14.0,False,False,27.78301218786649,17.100000000000005,False,19.790381360242225
Samaje Perine,Rec Yards,24.5,Over,550,5.5,11.8,17.0,,CIN @ TB,30.0,True,False,13.310063385900873,17.000000000000004,False,19.701627950497514
Jalen Nailor,rec,7.5,Over,1500,15.0,5.02,17.0,,MIA @ LV,3.0,False,False,2.599130487955447,17.000000000000004,False,19.701627950497514
Jahmyr Gibbs,Receptions,6.5,Over,390,3.9,3.9,16.9,,DET @ NO,5.0,False,False,2.7136349126155657,16.900000000000006,False,19.612880643946305
Carnell Tate,Rec Yards,69.5,Over,360,3.6,40.9,16.9,,NYJ @ TEN,38.0,False,False,29.849984038771222,16.900000000000006,False,19.612880643946305
Gunnar Helm,Receptions,2.5,Over,-106,0.94,1.9,16.9,,NYJ @ TEN,4.0,True,False,0.6262234413728229,16.900000000000006,False,19.612880643946305
Marvin Harrison Jr.,rec_yds,79.5,Over,320,3.2,49.5,16.8,,ARI @ LAC,33.0,False,False,31.181830220630754,16.800000000000004,False,19.52413896002777
Tyler Shough,Pass Yards,325.0,Over,490,4.9,227.7,16.8,model,DET @ NO,410.0,True,False,101.13306934891243,16.800000000000004,False,19.52413896002777
Garrett Wilson,Rec Yards,99.5,Over,390,3.9,64.1,16.8,,NYJ @ TEN,79.0,False,False,36.7945596603443,16.800000000000004,False,19.52413896002777
Geno Smith,Rush Yards,25.0,Over,700,7.0,10.1,16.8,"model (real historical SD, corrected)",NYJ @ TEN,10.0,False,False,15.486975676246608,16.800000000000004,False,19.52413896002777
Andrei Iosivas,Receptions,3.5,Over,750,7.5,2.2,16.8,,CIN @ TB,2.0,False,False,1.3512126428939992,16.800000000000004,False,19.52413896002777
Makai Lemon,Rec Yards,69.5,Over,800,8.0,40.2,16.7,,WAS @ PHI,-5.0,False,False,30.32849076732509,16.700000000000003,False,19.43540240780155
Tyjae Spears,Receptions,4.5,Over,350,3.5,2.8,16.7,,NYJ @ TEN,2.0,False,False,1.7596735257492375,16.700000000000003,False,19.43540240780155
Lamar Jackson,Rush Yards,60.0,Over,270,2.7,33.1,16.6,"model (real historical SD, corrected)",IND @ BAL,43.0,False,False,27.729292273298437,16.600000000000005,False,19.346670485724093
Jonathan Taylor,Rec Yards,24.5,Over,132,1.32,12.9,16.5,,IND @ BAL,23.0,False,False,11.908258647354975,16.500000000000004,False,19.25794268141904
Dak Prescott,pass_yds,349.5,Over,580,5.8,273.0,16.4,,DAL @ NYG,175.0,False,False,78.20884078284915,16.39999999999999,False,19.169218471440786
Michael Mayer,rec,6.5,Over,290,2.9,4.61,16.3,,MIA @ LV,6.0,False,False,1.9242463994240224,16.300000000000004,False,19.080497321031654
Devaughn Vele,Rec Yards,69.5,Over,350,3.5,43.7,16.3,,DET @ NO,69.0,False,False,26.26749053181999,16.300000000000004,False,19.080497321031654
Joe Burrow,Pass TDs,4.0,Over,520,5.2,2.104,16.2,model,CIN @ TB,1.0,False,False,1.9223919447872073,16.200000000000003,False,18.991778683871807
T.J. Hockenson,rec_yds,49.5,Over,490,4.9,29.9,16.2,,GB @ MIN,36.0,False,False,19.872828121217967,16.200000000000003,False,18.991778683871797
Tre Tucker,rec_yds,109.5,Over,1100,11.0,64.6,16.2,,MIA @ LV,27.0,False,False,45.5249991144228,16.200000000000003,False,18.991778683871807
Jayden Daniels,Pass TDs,3.0,Over,920,9.2,1.38,16.2,model,WAS @ PHI,2.0,False,False,1.6425500794067913,16.200000000000003,False,18.991778683871807
Rashod Bateman,Receptions,2.5,Over,154,1.54,1.6,16.2,,IND @ BAL,0.0,False,False,0.9125278218926617,16.200000000000003,False,18.991778683871807
Malik Washington,rec_yds,79.5,Over,1000,10.0,42.9,16.2,,MIA @ LV,53.0,False,False,37.109464756968244,16.200000000000003,False,18.991778683871797
Rashod Bateman,Rec Yards,39.5,Over,188,1.88,22.7,16.1,,IND @ BAL,0.0,False,False,16.96359188926103,16.1,False,18.903062001822214
Ja'Marr Chase,Rec Yards,174.5,Over,1280,12.8,117.8,16.1,,CIN @ TB,12.0,False,False,57.25212262625597,16.1,False,18.903062001822214
DK Metcalf,Rec Yards,79.5,Over,310,3.1,53.4,16.1,,PIT @ ATL,40.0,False,False,26.354151685101954,16.1,False,18.903062001822214
Cade Otton,Receptions,4.5,Over,220,2.2,3.2,16.0,,CIN @ TB,3.0,False,False,1.3072449039310408,16.000000000000004,False,18.814346704660135
Tre Harris,rec_yds,59.5,Over,490,4.9,35.3,16.0,,ARI @ LAC,20.0,False,False,24.334866673177842,16.000000000000004,False,18.814346704660135
Tre Harris,rec,5.5,Over,1000,10.0,3.54,16.0,,ARI @ LAC,3.0,False,False,1.9709230859268003,16.000000000000004,False,18.814346704660135
Jack Bech,rec_yds,49.5,Over,520,5.2,26.6,15.9,,MIA @ LV,23.0,False,False,22.93264988750564,15.900000000000002,False,18.725632209806786
Christian Watson,rec_yds,79.5,Over,225,2.25,46.5,15.8,,GB @ MIN,147.0,True,False,32.910757051107254,15.800000000000002,False,18.636917922047104
Jaylen Warren,Receptions,4.5,Over,360,3.6,2.6,15.8,,PIT @ ATL,5.0,True,False,1.8948617696092054,15.800000000000002,False,18.636917922047104
Matthew Golden,rec_yds,49.5,Over,148,1.48,25.3,15.7,,GB @ MIN,95.0,True,False,24.035016942777563,15.700000000000003,False,18.548203233241367
Josh Downs,Rec Yards,59.5,Over,200,2.0,36.6,15.6,,IND @ BAL,37.0,False,False,22.650071676683808,15.600000000000003,False,18.459487522028017
DeVonta Smith,Receptions,8.5,Over,630,6.3,6.1,15.6,,WAS @ PHI,3.0,False,False,2.373806638604417,15.600000000000003,False,18.459487522028017
Breece Hall,Rush Yards,110.0,Over,550,5.5,66.6,15.5,model,NYJ @ TEN,102.0,False,False,42.74926920417046,15.500000000000004,False,18.370770153517803
Kendrick Bourne,rec,3.5,Over,350,3.5,2.36,15.5,,ARI @ LAC,8.0,True,False,1.1229070712616203,15.500000000000004,False,18.370770153517803
Joe Burrow,Pass Yards,375.0,Over,850,8.5,283.3,15.5,model,CIN @ TB,254.0,False,False,90.32506880236014,15.500000000000004,False,18.370770153517803
Bucky Irving,Rush Yards,100.0,Over,520,5.2,62.5,15.5,model,CIN @ TB,45.0,False,False,36.93773260729014,15.500000000000004,False,18.370770153517803
Trey McBride,rec_yds,89.5,Over,370,3.7,59.9,15.4,,ARI @ LAC,95.0,True,False,29.035901588841245,15.400000000000013,False,18.28205047897864
Malik Willis,pass_td,3.0,Over,920,9.2,1.33,15.4,,MIA @ LV,0.0,False,False,1.638174177478543,15.400000000000013,False,18.28205047897864
Bijan Robinson,Rec Yards,49.5,Over,240,2.4,28.6,15.4,,PIT @ ATL,90.0,True,False,20.501700784012904,15.400000000000013,False,18.28205047897864
Wan'Dale Robinson,Rec Yards,69.5,Over,350,3.5,44.1,15.4,,NYJ @ TEN,38.0,False,False,24.915942579613766,15.400000000000013,False,18.28205047897864
De'Von Achane,rec_yds,59.5,Over,550,5.5,33.7,15.4,,MIA @ LV,30.0,False,False,25.30831962811162,15.400000000000013,False,18.28205047897864
Mark Andrews,Rec Yards,69.5,Over,430,4.3,43.3,15.4,,IND @ BAL,49.0,False,False,25.700696676609482,15.400000000000013,False,18.28205047897864
Jayden Daniels,Rush Yards,70.0,Over,520,5.2,42.8,15.3,"model (real historical SD, corrected)",WAS @ PHI,31.0,False,False,26.571548038806625,15.300000000000002,False,18.193327835510985
Ashton Jeanty,rush_yds,124.5,Over,1100,11.0,78.0,15.3,,MIA @ LV,102.0,False,False,45.4256244045775,15.300000000000002,False,18.193327835510985
Rachaad White,Rec Yards,39.5,Over,580,5.8,18.0,15.1,,WAS @ PHI,5.0,False,False,20.830225795488992,15.100000000000001,False,18.015870917337363
Michael Pittman,Receptions,6.5,Over,410,4.1,4.7,15.1,,PIT @ ATL,3.0,False,False,1.7439258805525666,15.100000000000001,False,18.015870917337363
Tony Pollard,Rush Yards,100.0,Over,750,7.5,63.1,15.0,model,NYJ @ TEN,35.0,False,False,35.60286688372953,14.999999999999991,False,17.927135242932557
Jonathan Taylor,Rush Yards,125.0,Over,490,4.9,79.7,15.0,model,IND @ BAL,98.0,False,False,43.707584548318366,14.999999999999991,False,17.927135242932557
Malik Nabers,rec,7.5,Over,360,3.6,5.62,15.0,,DAL @ NYG,6.0,False,False,1.8139130011222633,14.999999999999991,False,17.927135242932557
Tee Higgins,Rec Yards,124.5,Over,750,7.5,78.0,15.0,,CIN @ TB,59.0,False,False,44.865401357545345,14.999999999999991,False,17.927135242932557
Jordan Love,pass_yds,274.5,Over,182,1.82,215.9,14.9,,GB @ MIN,387.0,True,False,56.30652885912848,14.900000000000002,False,17.838393799479803
Jaxson Dart,pass_yds,299.5,Over,580,5.8,215.1,14.9,,DAL @ NYG,230.0,False,False,81.09677535342055,14.900000000000002,False,17.838393799479803
Justin Herbert,pass_yds,349.5,Over,1100,11.0,266.3,14.9,,ARI @ LAC,209.0,False,False,79.94374063275579,14.900000000000002,False,17.838393799479803
Tee Higgins,Receptions,8.5,Over,800,8.0,5.9,14.8,,CIN @ TB,3.0,False,False,2.48791995332844,14.800000000000002,False,17.749645848013383
Kyle Pitts,Rec Yards,79.5,Over,680,6.8,47.9,14.8,,PIT @ ATL,0.0,False,False,30.23779635583797,14.800000000000002,False,17.749645848013383
Isaiah Likely,rec,4.5,Over,198,1.98,3.07,14.8,,DAL @ NYG,8.0,True,False,1.3683559743306424,14.800000000000002,False,17.749645848013383
Jared Goff,Pass TDs,4.0,Over,630,6.3,2.042,14.8,model,DET @ NO,2.0,False,False,1.8735951033142642,14.800000000000002,False,17.749645848013383
Dontayvion Wicks,Rec Yards,29.5,Over,-108,0.93,16.2,14.7,,WAS @ PHI,73.0,True,False,12.67406488426878,14.700000000000003,False,17.660890633231308
Javonte Williams,rush_yds,89.5,Over,164,1.64,55.8,14.7,,DAL @ NYG,41.0,False,False,32.11398395487654,14.700000000000003,False,17.660890633231308
Derrick Henry,Rec Yards,24.5,Over,390,3.9,10.0,14.6,,IND @ BAL,19.0,False,False,13.760454002627638,14.600000000000001,False,17.57212738309302
Trey McBride,rec,8.5,Over,350,3.5,6.31,14.3,,ARI @ LAC,9.0,True,False,2.0526035767424595,14.300000000000024,False,17.3057814402495
Chris Olave,Rec Yards,124.5,Over,450,4.5,85.0,14.3,,DET @ NO,182.0,True,False,37.02184533393933,14.300000000000024,False,17.3057814402495
Samaje Perine,Rush Yards,40.0,Over,430,4.3,16.7,14.3,model,CIN @ TB,20.0,False,False,21.838202437488267,14.300000000000024,False,17.3057814402495
Rico Dowdle,Rec Yards,24.5,Over,310,3.1,11.4,14.2,,PIT @ ATL,6.0,False,False,12.227256468823981,14.200000000000014,False,17.216977978702996
Saquon Barkley,Receptions,5.5,Over,880,8.8,3.0,14.2,,WAS @ PHI,1.0,False,False,2.333445890996943,14.200000000000014,False,17.216977978702996
Breece Hall,Rec Yards,59.5,Over,920,9.2,31.7,14.2,,NYJ @ TEN,16.0,False,False,25.947918307886006,14.200000000000014,False,17.216977978702996
Greg Dulcich,rec_yds,79.5,Over,1200,12.0,44.7,14.2,,MIA @ LV,18.0,False,False,32.48156680267744,14.200000000000014,False,17.216977978702996
Dallas Goedert,Receptions,5.5,Over,350,3.5,3.8,14.2,,WAS @ PHI,4.0,False,False,1.5867432058779214,14.200000000000014,False,17.216977978702996
George Pickens,rec,8.5,Over,750,7.5,6.03,14.1,,DAL @ NYG,3.0,False,False,2.2958860599629003,14.100000000000001,False,17.12816235551806
DK Metcalf,Receptions,5.5,Over,320,3.2,3.8,14.0,,PIT @ ATL,4.0,False,False,1.573608780083099,14.000000000000012,False,17.039333689023174
Alec Pierce,Rec Yards,79.5,Over,360,3.6,45.4,14.0,,IND @ BAL,61.0,False,False,31.564740824019804,14.000000000000012,False,17.039333689023174
Kirk Cousins,pass_yds,324.5,Over,1200,12.0,241.3,13.9,,MIA @ LV,160.0,False,False,76.6945300639383,13.900000000000002,False,16.950491077604333
MarShawn Lloyd,rec,3.5,Over,430,4.3,1.58,13.8,,GB @ MIN,0.0,False,False,1.7625205060847253,13.8,False,16.861633599184877
Greg Dulcich,rec,4.5,Over,450,4.5,2.95,13.7,,MIA @ LV,2.0,False,False,1.4169519620017859,13.700000000000012,False,16.77276031068775
Jacory Croskey-Merritt,Rush Yards,80.0,Over,550,5.5,50.2,13.7,model,WAS @ PHI,63.0,False,False,27.2420441726795,13.700000000000012,False,16.77276031068775
Daniel Jones,Pass Yards,275.0,Over,225,2.25,211.0,13.6,model,IND @ BAL,166.0,False,False,58.262940303917524,13.600000000000001,False,16.683870247479437
Andrei Iosivas,Rec Yards,49.5,Over,800,8.0,24.0,13.5,,CIN @ TB,12.0,False,False,23.117455901916966,13.5,False,16.594962422795025
MarShawn Lloyd,rush_yds,69.5,Over,300,3.0,40.7,13.5,,GB @ MIN,37.0,False,False,26.109126665694454,13.5,False,16.594962422795025
Jordan Mason,rush_yds,79.5,Over,410,4.1,51.5,13.5,,GB @ MIN,59.0,False,False,25.383873147202944,13.5,False,16.594962422795025
Dallas Goedert,Rec Yards,79.5,Over,750,7.5,48.5,13.4,,WAS @ PHI,77.0,False,False,27.986419743168597,13.400000000000013,False,16.50603582714325
Jaylen Warren,Rush Yards,60.0,Over,225,2.25,36.1,13.4,model,PIT @ ATL,46.0,False,False,21.576626834249335,13.400000000000013,False,16.50603582714325
Malik Nabers,rec_yds,99.5,Over,430,4.3,62.6,13.3,,DAL @ NYG,69.0,False,False,33.173866012527455,13.3,False,16.417089427690932
Devaughn Vele,Receptions,6.5,Over,750,7.5,4.0,13.3,,DET @ NO,7.0,True,False,2.247551897867714,13.3,False,16.417089427690932
Rachaad White,Rush Yards,50.0,Over,450,4.5,29.5,13.2,model,WAS @ PHI,22.0,False,False,18.3529485967756,13.199999999999989,False,16.328122167625903
Kirk Cousins,rush_yds,4.5,Over,225,2.25,2.6,13.2,,MIA @ LV,0.0,False,False,1.701004991896275,13.199999999999989,False,16.328122167625903
Emeka Egbuka,Receptions,6.5,Over,350,3.5,4.5,13.1,,CIN @ TB,5.0,False,False,1.7830452454050607,13.100000000000001,False,16.23913296549746
DeVonta Smith,Rec Yards,124.5,Over,750,7.5,80.5,13.0,,WAS @ PHI,53.0,False,False,39.062807639072176,13.0,False,16.150120714533255
Michael Pittman,Rec Yards,79.5,Over,630,6.3,51.5,13.0,,PIT @ ATL,58.0,False,False,24.858150315773205,13.0,False,16.150120714533255
Jordan Addison,rec_yds,79.5,Over,410,4.1,44.5,13.0,,GB @ MIN,0.0,False,False,31.072687894716505,13.0,False,16.150120714533255
Sam LaPorta,Rec Yards,79.5,Over,520,5.2,47.8,13.0,,DET @ NO,48.0,False,False,28.142977321786095,13.0,False,16.150120714533255
Tyjae Spears,Rush Yards,50.0,Over,490,4.9,25.3,13.0,model,NYJ @ TEN,12.0,False,False,21.92843974284279,13.0,False,16.150120714533255
Kendrick Bourne,rec_yds,49.5,Over,580,5.8,28.2,12.9,,ARI @ LAC,75.0,True,False,18.830711798438124,12.9,False,16.061084281931926
Kenny Gainwell,Receptions,5.5,Over,410,4.1,2.8,12.9,,CIN @ TB,1.0,False,False,2.386991636421734,12.9,False,16.061084281931926
Baker Mayfield,Pass TDs,4.0,Over,1200,12.0,1.905,12.9,model,CIN @ TB,0.0,False,False,1.8521286956679748,12.9,False,16.061084281931926
Chig Okonkwo,Rec Yards,49.5,Over,390,3.9,27.7,12.9,,WAS @ PHI,16.0,False,False,19.27274728666437,12.9,False,16.061084281931926
Jaxson Dart,rush_yds,69.5,Over,800,8.0,40.1,12.9,,DAL @ NYG,59.0,False,False,25.991686707703323,12.9,False,16.061084281931926
Jayden Reed,rec_yds,79.5,Over,430,4.3,45.8,12.8,,GB @ MIN,20.0,False,False,29.668203284775387,12.79999999999999,False,15.972022508130014
Baker Mayfield,Pass Yards,350.0,Over,1000,10.0,262.1,12.8,model,CIN @ TB,216.0,False,False,77.38382993269305,12.79999999999999,False,15.972022508130014
Jonathan Taylor,Receptions,5.5,Over,640,6.4,2.5,12.7,,IND @ BAL,3.0,False,False,2.6299929316590975,12.700000000000012,False,15.882934206042364
CeeDee Lamb,rec,9.5,Over,630,6.3,6.89,12.7,,DAL @ NYG,5.0,False,False,2.288093850543415,12.700000000000012,False,15.882934206042364
Juwan Johnson,Receptions,6.5,Over,400,4.0,4.0,12.7,,DET @ NO,3.0,False,False,2.1916607763825815,12.700000000000012,False,15.882934206042364
Drake London,Receptions,8.5,Over,680,6.8,5.6,12.7,,PIT @ ATL,2.0,False,False,2.5423265006037945,12.700000000000012,False,15.882934206042364
Braelon Allen,Rush Yards,25.0,Over,162,1.62,12.2,12.7,model,NYJ @ TEN,40.0,True,False,11.221303175078816,12.700000000000012,False,15.882934206042364
Mark Andrews,Receptions,5.5,Over,490,4.9,3.5,12.6,,IND @ BAL,4.0,False,False,1.7459547473045773,12.6,False,15.793818160274508
Carnell Tate,Receptions,6.5,Over,750,7.5,4.1,12.6,,NYJ @ TEN,4.0,False,False,2.095145696765493,12.6,False,15.793818160274508
Jacoby Brissett,pass_yds,299.5,Over,520,5.2,229.8,12.6,,ARI @ LAC,277.0,False,False,60.84652294356451,12.6,False,15.793818160274508
Jahan Dotson,Rec Yards,29.5,Over,300,3.0,13.3,12.6,,PIT @ ATL,19.0,False,False,14.142233453167075,12.6,False,15.793818160274508
Saquon Barkley,Rec Yards,39.5,Over,520,5.2,18.4,12.6,,WAS @ PHI,-3.0,False,False,18.41982258406329,12.6,False,15.793818160274508
Geno Smith,Pass Yards,300.0,Over,640,6.4,217.2,12.6,model,NYJ @ TEN,215.0,False,False,72.28252653840951,12.6,False,15.793818160274508
Chris Godwin Jr.,Rec Yards,79.5,Over,360,3.6,49.3,12.5,,CIN @ TB,40.0,False,False,26.2528936992418,12.5,False,15.704673126306224
Tucker Kraft,rec_yds,99.5,Over,880,8.8,60.2,12.5,,GB @ MIN,65.0,False,False,34.163533853649085,12.5,False,15.704673126306211
Tyler Shough,Rush Yards,40.0,Over,640,6.4,19.7,12.5,"model (real historical SD, corrected)",DET @ NO,8.0,False,False,17.646812652139353,12.5,False,15.704673126306224
Michael Mayer,rec_yds,69.5,Over,430,4.3,40.9,12.5,,MIA @ LV,32.0,False,False,24.862011913851504,12.5,False,15.704673126306224
Jordan Addison,rec,5.5,Over,430,4.3,3.48,12.5,,GB @ MIN,0.0,False,False,1.7559882540552458,12.5,False,15.704673126306224
Javonte Williams,rec_yds,39.5,Over,920,9.2,19.8,12.4,,DAL @ NYG,31.0,False,False,17.053016362868142,12.4,False,15.615497829644308
Kenny Gainwell,Rec Yards,39.5,Over,265,2.65,16.8,12.4,,CIN @ TB,3.0,False,False,19.649922407974966,12.4,False,15.615497829644308
Jared Goff,Pass Yards,375.0,Over,880,8.8,289.9,12.3,model,DET @ NO,206.0,False,False,73.35448796905234,12.299999999999988,False,15.526290964943968
Daniel Jones,Pass TDs,3.0,Over,490,4.9,1.22,12.3,model,IND @ BAL,1.0,False,False,1.5343241901869935,12.299999999999988,False,15.526290964943968
Cam Ward,Rush Yards,25.0,Over,470,4.7,12.1,12.2,"model (real historical SD, corrected)",NYJ @ TEN,21.0,False,False,11.072515409483408,12.2,False,15.437051195096707
Jeremiyah Love,rush_yds,99.5,Over,1280,12.8,66.8,12.2,,ARI @ LAC,41.0,False,False,28.067539061248638,12.2,False,15.437051195096707
Aaron Jones,rec_yds,29.5,Over,310,3.1,15.2,12.2,,GB @ MIN,0.0,False,False,12.27418374849711,12.2,False,15.437051195096707
Chase Brown,Rush Yards,110.0,Over,750,7.5,65.8,12.2,model,CIN @ TB,56.0,False,False,37.938386131718346,12.2,False,15.437051195096707
KaVontae Turpin,rec_yds,29.5,Over,520,5.2,14.1,12.1,,DAL @ NYG,8.0,False,False,13.162366078288345,12.1,False,15.347777150283326
Tyler Warren,Rec Yards,79.5,Over,430,4.3,49.5,12.1,,IND @ BAL,13.0,False,False,25.64097287978249,12.1,False,15.347777150283326
MarShawn Lloyd,rec_yds,29.5,Over,470,4.7,10.8,12.1,,GB @ MIN,0.0,False,False,15.982873095064418,12.1,False,15.347777150283326
Kenyon Sadiq,Rec Yards,49.5,Over,640,6.4,24.8,11.9,,NYJ @ TEN,21.0,False,False,20.932193804522555,11.899999999999999,False,15.169120586991024
Ashton Jeanty,rec_yds,49.5,Over,750,7.5,23.6,11.9,,MIA @ LV,45.0,False,False,21.94914249138195,11.899999999999999,False,15.169120586991024
Quentin Johnston,rec_yds,99.5,Over,750,7.5,53.8,11.9,,ARI @ LAC,17.0,False,False,38.72879582456198,11.899999999999999,False,15.169120586991024
De'Von Achane,rec,8.5,Over,1100,11.0,5.02,11.8,,MIA @ LV,4.0,False,False,2.9365995054917695,11.799999999999988,False,15.07973515627896
Michael Wilson,rec_yds,79.5,Over,430,4.3,44.8,11.8,,ARI @ LAC,56.0,False,False,29.281610011656436,11.799999999999988,False,15.07973515627896
Ashton Jeanty,rec,7.5,Over,1200,12.0,4.12,11.8,,MIA @ LV,6.0,False,False,2.8522144622305112,11.799999999999988,False,15.07973515627896
Caleb Douglas,rec,5.5,Over,1100,11.0,3.39,11.8,,MIA @ LV,5.0,False,False,1.7805244128125381,11.799999999999988,False,15.07973515627896
Travis Etienne,Rush Yards,80.0,Over,240,2.4,49.9,11.7,model,DET @ NO,46.0,False,False,25.291608849183067,11.7,False,14.990309623969955
Bijan Robinson,Rush Yards,110.0,Over,310,3.1,71.0,11.6,model,PIT @ ATL,83.0,False,False,32.62990013719191,11.599999999999987,False,14.900842441152362
Saquon Barkley,Rush Yards,150.0,Over,1200,12.0,88.4,11.6,model,WAS @ PHI,83.0,False,False,51.538508934641584,11.6,False,14.900842441152374
Kirk Cousins,pass_td,3.0,Over,550,5.5,1.18,11.6,,MIA @ LV,3.0,True,False,1.522728673068956,11.6,False,14.900842441152374
Omarion Hampton,rush_yds,109.5,Over,430,4.3,63.1,11.5,,ARI @ LAC,43.0,False,False,38.65510692037326,11.5,False,14.811332019694623
Rico Dowdle,Rush Yards,80.0,Over,430,4.3,48.9,11.5,model,PIT @ ATL,15.0,False,False,25.908918647060524,11.5,False,14.811332019694623
Jayden Reed,rec,5.5,Over,320,3.2,3.61,11.5,,GB @ MIN,3.0,False,False,1.5745291396445142,11.5,False,14.811332019694623
Malik Washington,rec,6.5,Over,1200,12.0,4.37,11.4,,MIA @ LV,3.0,False,False,1.76686242654747,11.399999999999999,False,14.72177673100379
Christian Watson,rec,5.5,Over,265,2.65,3.23,11.4,,GB @ MIN,6.0,True,False,1.8829942292313413,11.399999999999999,False,14.72177673100379
Emeka Egbuka,Rec Yards,109.5,Over,550,5.5,63.3,11.3,,CIN @ TB,63.0,False,False,38.15888712552081,11.299999999999999,False,14.632174904733475
Amon-Ra St. Brown,Rec Yards,149.5,Over,920,9.2,95.0,11.3,,DET @ NO,67.0,False,False,45.01427160911005,11.299999999999999,False,14.632174904733475
Caleb Douglas,rec_yds,79.5,Over,800,8.0,40.4,11.3,,MIA @ LV,94.0,True,False,32.294642567269776,11.299999999999999,False,14.632174904733475
Tyler Warren,Receptions,6.5,Over,280,2.8,4.5,11.2,,IND @ BAL,3.0,False,False,1.6447903793458993,11.199999999999989,False,14.542524827438763
Stefon Diggs,Rec Yards,79.5,Over,430,4.3,50.3,11.2,,WAS @ PHI,55.0,False,False,24.013939538450135,11.199999999999989,False,14.542524827438763
Tyler Shough,Pass Yards,350.0,Over,800,8.0,227.7,11.2,model,DET @ NO,410.0,True,False,100.57893169700176,11.199999999999989,False,14.542524827438763
Lamar Jackson,Pass TDs,4.0,Over,1100,11.0,1.823,11.2,model,IND @ BAL,1.0,False,False,1.7903543279180116,11.199999999999989,False,14.542524827438763
Aaron Rodgers,Pass TDs,3.0,Over,390,3.9,1.144,11.1,model,PIT @ ATL,1.0,False,False,1.5197826959670886,11.099999999999998,False,14.452824741175018
Jameson Williams,Rec Yards,124.5,Over,850,8.5,66.1,11.1,,DET @ NO,45.0,False,False,47.82074862310236,11.099999999999998,False,14.452824741175018
Cade Otton,Rec Yards,59.5,Over,410,4.1,32.3,11.1,,CIN @ TB,26.0,False,False,22.27267744089699,11.099999999999998,False,14.452824741175018
Garrett Wilson,Rec Yards,109.5,Over,550,5.5,64.1,11.1,,NYJ @ TEN,79.0,False,False,37.17571896385012,11.099999999999998,False,14.452824741175018
Quentin Johnston,rec,7.5,Over,1500,15.0,4.56,11.1,,ARI @ LAC,2.0,False,False,2.40741439986166,11.099999999999998,False,14.452824741175018
Cam Skattebo,rush_yds,79.5,Over,370,3.7,45.3,11.0,,DAL @ NYG,81.0,True,False,27.883584111368904,10.999999999999988,False,14.363072842038083
Derrick Henry,Rush Yards,150.0,Over,920,9.2,95.1,11.0,model,IND @ BAL,144.0,False,False,44.760490284039555,10.999999999999988,False,14.363072842038083
Garrett Wilson,Receptions,8.5,Over,470,4.7,5.6,11.0,,NYJ @ TEN,6.0,False,False,2.3643974831277728,10.999999999999988,False,14.363072842038083
Jalen Hurts,Pass Yards,325.0,Over,920,9.2,240.0,11.0,model,WAS @ PHI,203.0,False,False,69.30130553995194,10.999999999999988,False,14.363072842038083
Jameson Williams,Receptions,7.5,Over,1100,11.0,4.3,10.8,,DET @ NO,4.0,False,False,2.5864132818183996,10.799999999999986,False,14.18340615053606
Adonai Mitchell,Rec Yards,69.5,Over,470,4.7,29.3,10.7,,NYJ @ TEN,60.0,False,False,32.35044269328006,10.7,False,14.093487506543035
Joe Burrow,Rush Yards,25.0,Over,630,6.3,8.9,10.7,"model (real historical SD, corrected)",CIN @ TB,21.0,False,False,12.95627182492062,10.7,False,14.093487506543035
Aaron Rodgers,Pass Yards,275.0,Over,370,3.7,202.5,10.6,model,PIT @ ATL,221.0,False,False,58.089001126856026,10.599999999999998,False,14.003509343039289
Chris Olave,Receptions,10.5,Over,850,8.5,7.1,10.5,,DET @ NO,10.0,False,False,2.712263672607744,10.499999999999998,False,13.913469602148876
Jauan Jennings,rec_yds,49.5,Over,390,3.9,24.8,10.4,,GB @ MIN,0.0,False,False,19.617436472841103,10.399999999999988,False,13.823366169861895
Theo Johnson,rec,3.5,Over,580,5.8,2.18,10.4,,DAL @ NYG,1.0,False,False,1.0483812204109415,10.399999999999988,False,13.823366169861895
Tyler Shough,Pass TDs,3.0,Over,490,4.9,1.111,10.4,model,DET @ NO,3.0,True,False,1.5002970646638398,10.399999999999988,False,13.823366169861895
Geno Smith,Pass TDs,3.0,Over,880,8.8,1.123,10.4,model,NYJ @ TEN,0.0,False,False,1.4907663262964677,10.399999999999988,False,13.823366169861895
Juwan Johnson,Rec Yards,79.5,Over,490,4.9,43.1,10.3,,DET @ NO,54.0,False,False,28.782868889499007,10.299999999999997,False,13.733196874067865
Keenan Allen,Receptions,4.5,Over,240,2.4,3.1,10.2,,IND @ BAL,6.0,True,False,1.1021559866589186,10.20000000000001,False,13.642959482500427
Chig Okonkwo,Receptions,4.5,Over,350,3.5,2.8,10.2,,WAS @ PHI,2.0,False,False,1.3383322695144015,10.20000000000001,False,13.642959482500427
De'Von Achane,rush_yds,149.5,Over,1500,15.0,85.0,10.2,,MIA @ LV,36.0,False,False,50.77790081392875,10.20000000000001,False,13.642959482500427
Darnell Mooney,rec_yds,39.5,Over,210,2.1,19.6,10.1,,DAL @ NYG,27.0,False,False,15.597149252813589,10.100000000000009,False,13.55265170058837
Malik Washington,rec_yds,89.5,Over,1400,14.0,42.9,10.1,,MIA @ LV,53.0,False,False,36.52397764729213,10.100000000000009,False,13.55265170058837
Cam Ward,Pass Yards,300.0,Over,850,8.5,221.1,10.1,model,NYJ @ TEN,140.0,False,False,61.83995357020062,10.100000000000009,False,13.55265170058837
Dak Prescott,pass_td,4.0,Over,850,8.5,1.75,10.0,,DAL @ NYG,2.0,False,False,1.755684328662853,10.000000000000009,False,13.462271169207597
Jahmyr Gibbs,Rec Yards,59.5,Over,430,4.3,29.7,9.9,,DET @ NO,30.0,False,False,23.14975643352855,9.899999999999999,False,13.371815462328662
Matthew Golden,rec,4.5,Over,205,2.05,2.27,9.9,,GB @ MIN,6.0,True,False,1.7323475451935795,9.899999999999999,False,13.371815462328662
Bucky Irving,Rush Yards,110.0,Over,700,7.0,62.5,9.9,model,CIN @ TB,45.0,False,False,36.89977955008745,9.899999999999986,False,13.371815462328652
Jahmyr Gibbs,Rush Yards,125.0,Over,400,4.0,77.8,9.8,model (corrected -- Pacheco share removed),DET @ NO,156.0,True,False,36.50335093858087,9.800000000000008,False,13.281282084553736
Bijan Robinson,Receptions,6.5,Over,320,3.2,3.8,9.8,,PIT @ ATL,8.0,True,False,2.0881154138594993,9.800000000000008,False,13.281282084553736
Jordan Love,rush_yds,19.5,Over,280,2.8,10.6,9.7,,GB @ MIN,0.0,False,False,6.852285942915544,9.699999999999998,False,13.19066846853676
Tyjae Spears,Rec Yards,29.5,Over,265,2.65,13.2,9.7,,NYJ @ TEN,12.0,False,False,12.549692232530717,9.699999999999998,False,13.19066846853676
Amon-Ra St. Brown,Receptions,11.5,Over,1000,10.0,7.9,9.7,,DET @ NO,10.0,False,False,2.771711167920894,9.699999999999998,False,13.19066846853676
Dak Prescott,pass_yds,374.5,Over,920,9.2,273.0,9.7,,DAL @ NYG,175.0,False,False,78.14685653999187,9.699999999999998,False,13.19066846853676
Makai Lemon,Rec Yards,79.5,Over,1200,12.0,40.2,9.6,,WAS @ PHI,-5.0,False,False,30.122204513778886,9.599999999999998,False,13.099971972279867
Joe Burrow,Pass Yards,400.0,Over,1280,12.8,283.3,9.6,model,CIN @ TB,254.0,False,False,89.44685157145028,9.599999999999998,False,13.099971972279867
Derrick Henry,Receptions,2.5,Over,520,5.2,1.2,9.6,,IND @ BAL,1.0,False,False,0.9964088007102431,9.599999999999998,False,13.099971972279867
Darnell Mooney,rec,2.5,Over,230,2.3,1.52,9.6,,DAL @ NYG,2.0,False,False,0.7511389420738755,9.599999999999998,False,13.099971972279867
Carnell Tate,Rec Yards,79.5,Over,520,5.2,40.9,9.5,,NYJ @ TEN,38.0,False,False,29.452628720858307,9.500000000000009,False,13.009189876299088
Marvin Harrison Jr.,rec_yds,89.5,Over,450,4.5,49.5,9.5,,ARI @ LAC,33.0,False,False,30.520858778091508,9.500000000000009,False,13.009189876299088
Tony Pollard,Rush Yards,110.0,Over,1000,10.0,63.1,9.5,model,NYJ @ TEN,35.0,False,False,35.78570691731229,9.500000000000009,False,13.009189876299088
Chase Brown,Rec Yards,49.5,Over,430,4.3,23.2,9.5,,CIN @ TB,22.0,False,False,20.067464646595166,9.500000000000009,False,13.009189876299088
Jahmyr Gibbs,Receptions,7.5,Over,680,6.8,3.9,9.5,,DET @ NO,5.0,False,False,2.7468772900282357,9.500000000000009,False,13.009189876299088
Terry McLaurin,Rec Yards,89.5,Over,370,3.7,53.1,9.4,,WAS @ PHI,14.0,False,False,27.648676384740657,9.399999999999986,False,12.918319380650988
Isaiah Likely,rec_yds,59.5,Over,280,2.8,31.1,9.4,,DAL @ NYG,78.0,True,False,21.572044212270182,9.399999999999986,False,12.918319380650988
Lamar Jackson,Rush Yards,70.0,Over,430,4.3,33.1,9.4,"model (real historical SD, corrected)",IND @ BAL,43.0,False,False,28.02846589552006,9.399999999999986,False,12.918319380650988
Tre Tucker,rec_yds,124.5,Over,1700,17.0,64.6,9.3,,MIA @ LV,27.0,False,False,45.29282974864316,9.299999999999997,False,12.827357601812551
Adonai Mitchell,Receptions,5.5,Over,850,8.5,2.5,9.3,,NYJ @ TEN,3.0,False,False,2.2684221910839644,9.299999999999997,False,12.827357601812551
Christian Watson,rec_yds,89.5,Over,310,3.1,46.5,9.2,,GB @ MIN,147.0,True,False,32.366373404241585,9.199999999999998,False,12.736301569404985
Samaje Perine,Rec Yards,29.5,Over,750,7.5,11.8,9.2,,CIN @ TB,30.0,True,False,13.32290254081572,9.200000000000008,False,12.736301569404985
Darnell Washington,Rec Yards,24.5,Over,178,1.78,12.9,9.2,,PIT @ ATL,18.0,False,False,8.731393755562845,9.200000000000008,False,12.736301569404985
Pat Freiermuth,Rec Yards,39.5,Over,220,2.2,21.3,9.1,,PIT @ ATL,46.0,True,False,13.636817084029712,9.099999999999998,False,12.645148222751946
Travis Etienne,Receptions,5.5,Over,850,8.5,2.8,9.1,,DET @ NO,7.0,True,False,2.023044292685727,9.099999999999998,False,12.645148222751946
Jaxson Dart,pass_yds,324.5,Over,920,9.2,215.1,9.1,,DAL @ NYG,230.0,False,False,81.97075763696981,9.099999999999998,False,12.645148222751946
Tony Pollard,Rec Yards,29.5,Over,520,5.2,12.7,9.1,,NYJ @ TEN,-1.0,False,False,12.587831154488965,9.099999999999998,False,12.645148222751946
Wan'Dale Robinson,Receptions,6.5,Over,350,3.5,4.4,9.1,,NYJ @ TEN,5.0,False,False,1.5734788943111204,9.099999999999998,False,12.645148222751946
Jack Bech,rec,3.5,Over,520,5.2,2.06,9.0,,MIA @ LV,3.0,False,False,1.0740216995767133,8.999999999999986,False,12.553894407261923
Kenyon Sadiq,Receptions,4.5,Over,850,8.5,2.6,9.0,,NYJ @ TEN,3.0,False,False,1.4171119647192745,8.999999999999986,False,12.553894407261923
Drake London,Rec Yards,124.5,Over,1100,11.0,71.5,9.0,,PIT @ ATL,29.0,False,False,39.52996533164293,9.000000000000007,False,12.553894407261923
Jordan Love,pass_td,4.0,Over,1200,12.0,1.69,9.0,,GB @ MIN,2.0,False,False,1.7229098097376445,8.999999999999986,False,12.553894407261923
Javonte Williams,rush_yds,99.5,Over,230,2.3,55.8,9.0,,DAL @ NYG,41.0,False,False,32.59357518854332,8.999999999999986,False,12.553894407261923
Justin Herbert,pass_yds,374.5,Over,1500,15.0,266.3,9.0,,ARI @ LAC,209.0,False,False,80.70079714875027,8.999999999999986,False,12.553894407261923
Sam LaPorta,Receptions,5.5,Over,240,2.4,3.8,8.9,,DET @ NO,5.0,False,False,1.262121352113347,8.899999999999997,False,12.462536870623953
Dak Prescott,rush_yds,24.5,Over,630,6.3,13.0,8.8,,DAL @ NYG,14.0,False,False,8.498536541914158,8.799999999999997,False,12.371072258804416
Jake Ferguson,rec_yds,59.5,Over,490,4.9,30.6,8.8,,DAL @ NYG,6.0,False,False,21.35719183141906,8.799999999999997,False,12.371072258804416
Trey McBride,rec_yds,99.5,Over,550,5.5,59.9,8.8,,ARI @ LAC,95.0,False,False,29.264525831287017,8.799999999999997,False,12.371072258804416
Bucky Irving,Rec Yards,49.5,Over,920,9.2,20.6,8.7,,CIN @ TB,48.0,False,False,21.258397920355293,8.699999999999996,False,12.279497111832448
Justice Hill,Rec Yards,39.5,Over,680,6.8,15.9,8.7,,IND @ BAL,10.0,False,False,17.35979899378495,8.699999999999996,False,12.279497111832448
Cooper Rush,Pass Yards,250.0,Over,400,4.0,175.0,8.7,ESTIMATE (not in model -- recent starter change),PIT @ ATL,143.0,False,False,55.16885273448606,8.699999999999996,False,12.279497111832448
DK Metcalf,Rec Yards,89.5,Over,430,4.3,53.4,8.6,,PIT @ ATL,40.0,False,False,26.431287870882244,8.599999999999996,False,12.187807859360223
Jacoby Brissett,rush_yds,29.5,Over,640,6.4,15.6,8.6,,ARI @ LAC,17.0,False,False,10.177144083248288,8.599999999999996,False,12.187807859360223
Lamar Jackson,Pass Yards,300.0,Over,520,5.2,220.1,8.5,model,IND @ BAL,324.0,True,False,58.22750197603786,8.499999999999996,False,12.096000815983288
Breece Hall,Rush Yards,125.0,Over,880,8.8,66.6,8.5,model,NYJ @ TEN,102.0,False,False,42.559275536928794,8.499999999999996,False,12.096000815983288
Jonathan Taylor,Rec Yards,29.5,Over,194,1.94,12.9,8.5,,IND @ BAL,23.0,False,False,12.09732832042839,8.499999999999996,False,12.096000815983288
T.J. Hockenson,rec,4.5,Over,270,2.7,2.92,8.5,,GB @ MIN,4.0,False,False,1.1514324545949914,8.499999999999996,False,12.096000815983288
Greg Dulcich,rec_yds,89.5,Over,1700,17.0,44.7,8.5,,MIA @ LV,18.0,False,False,32.64821137079469,8.499999999999996,False,12.096000815983288
Michael Wilson,rec,6.5,Over,680,6.8,3.87,8.5,,ARI @ LAC,5.0,False,False,1.9166249085979918,8.499999999999996,False,12.096000815983288
Mike Gesicki,Rec Yards,39.5,Over,290,2.9,18.7,8.4,,CIN @ TB,78.0,True,False,15.087127487141643,8.400000000000007,False,12.004072176304813
Devaughn Vele,Rec Yards,79.5,Over,520,5.2,43.7,8.4,,DET @ NO,69.0,False,False,25.967267501907248,8.400000000000007,False,12.004072176304813
Isaac TeSlaa,Rec Yards,39.5,Over,310,3.1,16.2,8.3,,DET @ NO,0.0,False,False,16.821020487166813,8.299999999999997,False,11.91201800972702
Jaxson Dart,pass_td,3.0,Over,550,5.5,1.01,8.3,,DAL @ NYG,3.0,True,False,1.4366450974018006,8.299999999999997,False,11.91201800972702
Kyle Pitts,Rec Yards,89.5,Over,920,9.2,47.9,8.3,,PIT @ ATL,0.0,False,False,30.03237992558538,8.299999999999997,False,11.91201800972702
Jauan Jennings,rec,3.5,Over,310,3.1,2.02,8.2,,GB @ MIN,0.0,False,False,1.0634141297487645,8.199999999999985,False,11.819834254950711
Jaylen Warren,Rec Yards,39.5,Over,350,3.5,17.0,8.2,,PIT @ ATL,27.0,False,False,16.166768864423787,8.199999999999996,False,11.819834254950724
Tre Harris,rec_yds,69.5,Over,750,7.5,35.3,8.2,,ARI @ LAC,20.0,False,False,24.573488673924157,8.199999999999996,False,11.819834254950724
Cam Ward,Pass TDs,3.0,Over,750,7.5,1.005,8.1,model,NYJ @ TEN,1.0,False,False,1.426654286355452,8.099999999999996,False,11.727516714163123
Rachaad White,Receptions,4.5,Over,580,5.8,2.3,8.1,,WAS @ PHI,2.0,False,False,1.5732528471087692,8.099999999999996,False,11.727516714163123
Jayden Daniels,Rush Yards,80.0,Over,800,8.0,42.8,8.1,"model (real historical SD, corrected)",WAS @ PHI,31.0,False,False,26.60227541474828,8.099999999999996,False,11.727516714163123
Malik Nabers,rec_yds,109.5,Over,630,6.3,62.6,8.0,,DAL @ NYG,69.0,False,False,33.37908283451751,8.000000000000007,False,11.63506104689228
Alec Pierce,Rec Yards,89.5,Over,520,5.2,45.4,8.0,,IND @ BAL,61.0,False,False,31.386301769770196,7.999999999999985,False,11.63506104689228
Marvin Harrison Jr.,rec,6.5,Over,550,5.5,3.62,8.0,,ARI @ LAC,1.0,False,False,2.049717666597237,7.999999999999985,False,11.63506104689228
Stefon Diggs,Receptions,6.5,Over,520,5.2,4.3,7.9,,WAS @ PHI,4.0,False,False,1.5582611782109026,7.899999999999996,False,11.54246276350419
Aaron Jones,rush_yds,69.5,Over,750,7.5,39.8,7.9,,GB @ MIN,40.0,False,False,21.036525905847185,7.899999999999996,False,11.54246276350419
Matthew Golden,rec_yds,59.5,Over,230,2.3,25.3,7.9,,GB @ MIN,95.0,True,False,24.22387831582403,7.899999999999996,False,11.54246276350419
Jayden Daniels,Pass Yards,275.0,Over,430,4.3,199.1,7.9,model,WAS @ PHI,164.0,False,False,53.760010648276136,7.899999999999996,False,11.54246276350419
Mark Andrews,Rec Yards,79.5,Over,640,6.4,43.3,7.9,,IND @ BAL,49.0,False,False,25.640479386924852,7.899999999999996,False,11.54246276350419
Jalen Hurts,Rush Yards,60.0,Over,640,6.4,30.1,7.8,"model (real historical SD, corrected)",WAS @ PHI,48.0,False,False,21.076320366204513,7.799999999999995,False,11.449717218317668
Tucker Kraft,rec,7.5,Over,800,8.0,4.63,7.8,,GB @ MIN,3.0,False,False,2.02304479769254,7.799999999999995,False,11.449717218317668
Alec Pierce,Receptions,5.5,Over,750,7.5,2.9,7.8,,IND @ BAL,4.0,False,False,1.8327235101047403,7.799999999999995,False,11.449717218317668
De'Von Achane,rec_yds,69.5,Over,850,8.5,33.7,7.7,,MIA @ LV,30.0,False,False,25.113219282456722,7.699999999999996,False,11.356819602308754
Wan'Dale Robinson,Rec Yards,79.5,Over,520,5.2,44.1,7.6,,NYJ @ TEN,38.0,False,False,24.711994947969476,7.599999999999996,False,11.263764935374754
Derrick Henry,Rec Yards,29.5,Over,550,5.5,10.0,7.6,,IND @ BAL,19.0,False,False,13.612539589983188,7.599999999999996,False,11.263764935374754
Keenan Allen,Rec Yards,59.5,Over,580,5.8,34.6,7.6,,IND @ BAL,32.0,False,False,17.38216593797853,7.599999999999996,False,11.263764935374754
DeVonta Smith,Receptions,9.5,Over,920,9.2,6.1,7.5,,WAS @ PHI,3.0,False,False,2.3618795897414313,7.499999999999996,False,11.170548058125384
KaVontae Turpin,rec,2.5,Over,520,5.2,1.38,7.4,,DAL @ NYG,1.0,False,False,0.7742120649928309,7.400000000000007,False,11.077163623164966
Jordan Addison,rec_yds,89.5,Over,630,6.3,44.5,7.4,,GB @ MIN,0.0,False,False,31.10673475417624,7.400000000000007,False,11.077163623164966
Breece Hall,Rec Yards,69.5,Over,1280,12.8,31.7,7.3,,NYJ @ TEN,16.0,False,False,26.000711695569816,7.299999999999985,False,10.983606085827214
Baker Mayfield,Pass Yards,375.0,Over,1700,17.0,262.1,7.3,model,CIN @ TB,216.0,False,False,77.65821032883153,7.299999999999985,False,10.983606085827214
Tyler Shough,Pass Yards,375.0,Over,1260,12.6,227.7,7.3,model,DET @ NO,410.0,True,False,101.32023367083161,7.299999999999985,False,10.983606085827214
Josh Downs,Rec Yards,69.5,Over,310,3.1,36.6,7.2,,IND @ BAL,37.0,False,False,22.517955464035072,7.200000000000006,False,10.889869694320275
Jacory Croskey-Merritt,Rush Yards,90.0,Over,800,8.0,50.2,7.2,model,WAS @ PHI,63.0,False,False,27.2405661844558,7.200000000000006,False,10.889869694320275
Jack Bech,rec_yds,59.5,Over,750,7.5,26.6,7.2,,MIA @ LV,23.0,False,False,22.517955464035072,7.200000000000006,False,10.889869694320275
Tucker Kraft,rec_yds,109.5,Over,1200,12.0,60.2,7.2,,GB @ MIN,65.0,False,False,33.74271137923797,7.200000000000006,False,10.889869694320275
Quentin Johnston,rec_yds,109.5,Over,920,9.2,53.8,7.2,,ARI @ LAC,17.0,False,False,38.12310393151227,7.200000000000006,False,10.889869694320275
Theo Johnson,rec_yds,49.5,Over,800,8.0,24.5,7.1,,DAL @ NYG,9.0,False,False,17.025521549521695,7.099999999999995,False,10.795948479235218
Baker Mayfield,Rush Yards,50.0,Over,1280,12.8,27.2,7.1,"model (real historical SD, corrected)",CIN @ TB,31.0,False,False,15.527275653163786,7.099999999999995,False,10.795948479235218
Tee Higgins,Receptions,9.5,Over,1260,12.6,5.9,7.1,,CIN @ TB,3.0,False,False,2.451675103131124,7.099999999999995,False,10.795948479235218
Kyle Pitts,Receptions,6.5,Over,370,3.7,3.8,7.1,,PIT @ ATL,0.0,False,False,1.8387563273483432,7.099999999999995,False,10.795948479235218
Gunnar Helm,Rec Yards,39.5,Over,300,3.0,19.7,7.0,,NYJ @ TEN,28.0,False,False,13.416533656820796,7.000000000000006,False,10.701836242368213
Mason Taylor,Rec Yards,39.5,Over,300,3.0,18.0,7.0,,NYJ @ TEN,-2.0,False,False,14.56845826371955,7.000000000000006,False,10.701836242368213
Michael Mayer,rec,7.5,Over,520,5.2,4.61,7.0,,MIA @ LV,6.0,False,False,1.9582718317278835,7.000000000000006,False,10.701836242368213
MarShawn Lloyd,rush_yds,79.5,Over,450,4.5,40.7,7.0,,GB @ MIN,37.0,False,False,26.290985145689234,7.000000000000006,False,10.701836242368213
Geno Smith,Pass Yards,325.0,Over,1100,11.0,217.2,6.9,model,NYJ @ TEN,215.0,False,False,72.67676416162767,6.899999999999995,False,10.607526544799962
Jared Goff,Pass Yards,400.0,Over,1400,14.0,289.9,6.9,model,DET @ NO,206.0,False,False,74.22738157880526,6.899999999999995,False,10.607526544799962
Rico Dowdle,Rec Yards,29.5,Over,430,4.3,11.4,6.8,,PIT @ ATL,6.0,False,False,12.140697766350984,6.800000000000006,False,10.513012694172785
Jayden Reed,rec_yds,89.5,Over,640,6.4,45.8,6.8,,GB @ MIN,20.0,False,False,29.312071402736905,6.800000000000006,False,10.513012694172785
T.J. Hockenson,rec_yds,59.5,Over,880,8.8,29.9,6.8,,GB @ MIN,36.0,False,False,19.854400767071223,6.800000000000006,False,10.513012694172785
Dallas Goedert,Rec Yards,89.5,Over,1100,11.0,48.5,6.8,,WAS @ PHI,77.0,False,False,27.501028089524326,6.800000000000006,False,10.513012694172785
CeeDee Lamb,rec_yds,149.5,Over,1000,10.0,86.5,6.8,,DAL @ NYG,44.0,False,False,42.257677308293474,6.800000000000006,False,10.513012694172785
Jordan Mason,rush_yds,89.5,Over,630,6.3,51.5,6.8,,GB @ MIN,59.0,False,False,25.48875774151035,6.800000000000006,False,10.513012694172785
De'Von Achane,rec,9.5,Over,1500,15.0,5.02,6.7,,MIA @ LV,4.0,False,False,2.989630251498632,6.699999999999983,False,10.418287731097331
Jordan Love,pass_yds,299.5,Over,320,3.2,215.9,6.7,,GB @ MIN,387.0,True,False,55.78863594314411,6.699999999999983,False,10.418287731097331
Sam LaPorta,Rec Yards,89.5,Over,750,7.5,47.8,6.7,,DET @ NO,48.0,False,False,27.82758515345825,6.699999999999983,False,10.418287731097331
Rachaad White,Rec Yards,49.5,Over,920,9.2,18.0,6.6,,WAS @ PHI,5.0,False,False,20.912700305125636,6.600000000000006,False,10.323344414616864
Samaje Perine,Rush Yards,50.0,Over,750,7.5,16.7,6.6,model,CIN @ TB,20.0,False,False,22.107711751132815,6.600000000000006,False,10.323344414616864
Saquon Barkley,Receptions,6.5,Over,1500,15.0,3.0,6.6,,WAS @ PHI,1.0,False,False,2.323633367236182,6.600000000000006,False,10.323344414616864
Jonathan Taylor,Receptions,6.5,Over,1100,11.0,2.5,6.6,,IND @ BAL,3.0,False,False,2.655580991127065,6.600000000000006,False,10.323344414616864
Jaxson Dart,rush_yds,79.5,Over,1200,12.0,40.1,6.5,,DAL @ NYG,59.0,False,False,26.022026867657537,6.499999999999995,False,10.228175206647306
Terry McLaurin,Receptions,6.5,Over,490,4.9,4.0,6.5,,WAS @ PHI,2.0,False,False,1.6511438367803006,6.499999999999995,False,10.228175206647306
George Pickens,rec,9.5,Over,1200,12.0,6.03,6.5,,DAL @ NYG,3.0,False,False,2.291787645451057,6.499999999999995,False,10.228175206647306
Rico Dowdle,Receptions,4.5,Over,880,8.8,1.9,6.5,,PIT @ ATL,2.0,False,False,1.7171895902515126,6.499999999999995,False,10.228175206647306
Tyjae Spears,Receptions,5.5,Over,640,6.4,2.8,6.4,,NYJ @ TEN,2.0,False,False,1.7739393622590076,6.400000000000006,False,10.132772255304856
Caleb Douglas,rec_yds,89.5,Over,1100,11.0,40.4,6.4,,MIA @ LV,94.0,True,False,32.25941580996936,6.400000000000016,False,10.132772255304856
Bijan Robinson,Rec Yards,59.5,Over,400,4.0,28.6,6.4,,PIT @ ATL,90.0,True,False,20.301750479186417,6.400000000000006,False,10.132772255304856
Jacoby Brissett,pass_yds,324.5,Over,880,8.8,229.8,6.4,,ARI @ LAC,277.0,False,False,62.219280594788145,6.400000000000006,False,10.132772255304856
George Pickens,rec_yds,149.5,Over,1200,12.0,83.5,6.4,,DAL @ NYG,28.0,False,False,43.36296218855352,6.400000000000006,False,10.132772255304856
Cooper Rush,Pass TDs,3.0,Over,920,9.2,0.9,6.3,ESTIMATE (not in model -- recent starter change),PIT @ ATL,1.0,False,False,1.3724883895853304,6.2999999999999945,False,10.037127377022392
Michael Wilson,rec_yds,89.5,Over,640,6.4,44.8,6.3,,ARI @ LAC,56.0,False,False,29.214395721173464,6.2999999999999945,False,10.037127377022392
Michael Pittman,Rec Yards,89.5,Over,880,8.8,51.5,6.3,,PIT @ ATL,58.0,False,False,24.835504192496455,6.2999999999999945,False,10.037127377022392
Chris Godwin Jr.,Rec Yards,89.5,Over,550,5.5,49.3,6.3,,CIN @ TB,40.0,False,False,26.27334917206204,6.2999999999999945,False,10.037127377022392
Drake London,Receptions,9.5,Over,1100,11.0,5.6,6.3,,PIT @ ATL,2.0,False,False,2.5489070092298993,6.2999999999999945,False,10.037127377022392
Joe Burrow,Pass TDs,5.0,Over,1400,14.0,2.104,6.3,model,CIN @ TB,1.0,False,False,1.8927268458281508,6.2999999999999945,False,10.037127377022392
Daniel Jones,Pass Yards,300.0,Over,400,4.0,211.0,6.2,model,IND @ BAL,166.0,False,False,57.859879106870416,6.2000000000000055,False,9.941232037346337
Jaylen Warren,Receptions,5.5,Over,680,6.8,2.6,6.1,,PIT @ ATL,5.0,False,False,1.8752831650216844,6.099999999999994,False,9.845077330293384
Adonai Mitchell,Rec Yards,79.5,Over,640,6.4,29.3,6.1,,NYJ @ TEN,60.0,False,False,32.46179823589261,6.099999999999994,False,9.845077330293384
Braelon Allen,Rush Yards,30.0,Over,230,2.3,12.2,6.0,model,NYJ @ TEN,40.0,True,False,11.448612236442997,6.000000000000005,False,9.7486539561341
Trey McBride,rec,9.5,Over,550,5.5,6.31,6.0,,ARI @ LAC,9.0,False,False,2.0517456760816386,6.000000000000005,False,9.7486539561341
Jaylen Warren,Rush Yards,70.0,Over,370,3.7,36.1,6.0,model,PIT @ ATL,46.0,False,False,21.803817686259414,6.000000000000005,False,9.7486539561341
Michael Mayer,rec_yds,79.5,Over,700,7.0,40.9,5.9,,MIA @ LV,32.0,False,False,24.692564034186464,5.900000000000006,False,9.65195219745465
Chase Brown,Rush Yards,125.0,Over,1200,12.0,65.8,5.9,model,CIN @ TB,56.0,False,False,37.870460902171985,5.900000000000006,False,9.65195219745465
Kenny Gainwell,Receptions,6.5,Over,750,7.5,2.8,5.9,,CIN @ TB,1.0,False,False,2.366903806385749,5.900000000000006,False,9.65195219745465
Isaac TeSlaa,Receptions,2.5,Over,310,3.1,1.1,5.9,,DET @ NO,0.0,False,False,0.8955852240378509,5.900000000000006,False,9.65195219745465
CeeDee Lamb,rec,10.5,Over,920,9.2,6.89,5.9,,DAL @ NYG,5.0,False,False,2.3093304705547446,5.900000000000006,False,9.65195219745465
Devaughn Vele,Receptions,7.5,Over,1260,12.6,4.0,5.8,,DET @ NO,7.0,False,False,2.2267650824122085,5.800000000000005,False,9.554961893332015
Cam Skattebo,rush_yds,89.5,Over,550,5.5,45.3,5.8,,DAL @ NYG,81.0,False,False,28.12086189789132,5.800000000000005,False,9.554961893332015
Tyjae Spears,Rush Yards,60.0,Over,800,8.0,25.3,5.8,model,NYJ @ TEN,12.0,False,False,22.076785245629612,5.800000000000005,False,9.554961893332015
Rico Dowdle,Rush Yards,90.0,Over,640,6.4,48.9,5.8,model,PIT @ ATL,15.0,False,False,26.148584253469078,5.800000000000005,False,9.554961893332015
Jalen Hurts,Pass Yards,350.0,Over,1500,15.0,240.0,5.8,model,WAS @ PHI,203.0,False,False,69.98404544724085,5.800000000000005,False,9.554961893332026
Chris Godwin Jr.,Receptions,6.5,Over,390,3.9,4.2,5.7,,CIN @ TB,4.0,False,False,1.4552662373066174,5.700000000000005,False,9.45767241143891
Justin Herbert,pass_td,4.0,Over,580,5.8,1.42,5.7,,ARI @ LAC,1.0,False,False,1.6324290835874231,5.700000000000005,False,9.45767241143891
Tyler Warren,Rec Yards,89.5,Over,640,6.4,49.5,5.7,,IND @ BAL,13.0,False,False,25.308978040115086,5.700000000000005,False,9.45767241143891
Omarion Hampton,rush_yds,124.5,Over,700,7.0,63.1,5.6,,ARI @ LAC,43.0,False,False,38.634149251694886,5.600000000000005,False,9.360072617872373
Michael Pittman,Receptions,7.5,Over,750,7.5,4.7,5.6,,PIT @ ATL,3.0,False,False,1.7618178811847829,5.600000000000005,False,9.360072617872373
Jalen Hurts,Pass TDs,4.0,Over,1280,12.8,1.413,5.6,model,WAS @ PHI,3.0,False,False,1.6277938780803691,5.600000000000005,False,9.360072617872373
Travis Etienne,Rush Yards,90.0,Over,350,3.5,49.9,5.6,model,DET @ NO,46.0,False,False,25.2317489412535,5.600000000000005,False,9.360072617872373
Rashod Bateman,Rec Yards,49.5,Over,290,2.9,22.7,5.6,,IND @ BAL,0.0,False,False,16.863114005625782,5.600000000000005,False,9.360072617872373
Emeka Egbuka,Rec Yards,124.5,Over,850,8.5,63.3,5.5,,CIN @ TB,63.0,False,False,38.29324408372543,5.499999999999994,False,9.262150844477068
Dak Prescott,pass_yds,399.5,Over,1400,14.0,273.0,5.5,,DAL @ NYG,175.0,False,False,79.1518852384194,5.499999999999994,False,9.262150844477068
Jonathan Taylor,Rush Yards,150.0,Over,920,9.2,79.7,5.5,model,IND @ BAL,98.0,False,False,43.98717416807022,5.499999999999994,False,9.262150844477068
Juwan Johnson,Rec Yards,89.5,Over,750,7.5,43.1,5.4,,DET @ NO,54.0,False,False,28.86922436410366,5.400000000000005,False,9.163894853404852
Tee Higgins,Rec Yards,149.5,Over,1400,14.0,78.0,5.4,,CIN @ TB,59.0,False,False,44.48598150934077,5.400000000000005,False,9.163894853404852
Juwan Johnson,Receptions,7.5,Over,700,7.0,4.0,5.4,,DET @ NO,3.0,False,False,2.1776354584991986,5.400000000000005,False,9.163894853404852
Malik Nabers,rec,8.5,Over,580,5.8,5.62,5.4,,DAL @ NYG,6.0,False,False,1.7918828915650546,5.400000000000005,False,9.163894853404852
Josh Downs,Receptions,5.5,Over,240,2.4,3.4,5.4,,IND @ BAL,2.0,False,False,1.3065812750995192,5.400000000000005,False,9.163894853404852
Carnell Tate,Receptions,7.5,Over,1260,12.6,4.1,5.3,,NYJ @ TEN,4.0,False,False,2.103392413556417,5.300000000000004,False,9.065291798621688
Ashton Jeanty,rec_yds,59.5,Over,1200,12.0,23.6,5.3,,MIA @ LV,45.0,False,False,22.20934930784569,5.300000000000004,False,9.065291798621688
Marvin Harrison Jr.,rec_yds,99.5,Over,640,6.4,49.5,5.3,,ARI @ LAC,33.0,False,False,30.93224137582966,5.300000000000004,False,9.065291798621688
Garrett Wilson,Receptions,9.5,Over,750,7.5,5.6,5.3,,NYJ @ TEN,6.0,False,False,2.4127148273147134,5.300000000000004,False,9.065291798621688
Garrett Wilson,Rec Yards,124.5,Over,880,8.8,64.1,5.3,,NYJ @ TEN,79.0,False,False,37.36614758200223,5.300000000000004,False,9.065291798621688
Christian Watson,rec_yds,99.5,Over,430,4.3,46.5,5.3,,GB @ MIN,147.0,True,False,32.78817585837944,5.300000000000004,False,9.0652917986217
Kenyon Sadiq,Rec Yards,59.5,Over,920,9.2,24.8,5.2,,NYJ @ TEN,21.0,False,False,21.34381933670998,5.200000000000005,False,8.966328184035754
Stefon Diggs,Rec Yards,89.5,Over,640,6.4,50.3,5.2,,WAS @ PHI,55.0,False,False,24.111749798242975,5.200000000000005,False,8.966328184035754
Chris Olave,Receptions,11.5,Over,1200,12.0,7.1,5.2,,DET @ NO,10.0,False,False,2.70642089572115,5.200000000000005,False,8.966328184035754
Carnell Tate,Rec Yards,89.5,Over,750,7.5,40.9,5.1,,NYJ @ TEN,38.0,False,False,29.72051678392291,5.100000000000005,False,8.866989817879167
Cam Ward,Rush Yards,30.0,Over,750,7.5,12.1,5.1,"model (real historical SD, corrected)",NYJ @ TEN,21.0,False,False,10.946445482144446,5.100000000000005,False,8.866989817879167
Makai Lemon,Rec Yards,89.5,Over,1500,15.0,40.2,5.1,,WAS @ PHI,-5.0,False,False,30.148590070934144,5.100000000000005,False,8.866989817879167
Joe Burrow,Rush Yards,30.0,Over,920,9.2,8.9,5.1,"model (real historical SD, corrected)",CIN @ TB,21.0,False,False,12.903351937052951,5.100000000000005,False,8.866989817879167
Jaxson Dart,pass_yds,349.5,Over,1500,15.0,215.1,5.0,,DAL @ NYG,230.0,False,False,81.70939820894178,5.000000000000004,False,8.767261762927703
MarShawn Lloyd,rec,4.5,Over,880,8.8,1.58,5.0,,GB @ MIN,0.0,False,False,1.7752339491823659,5.000000000000004,False,8.767261762927703
Rachaad White,Rush Yards,60.0,Over,750,7.5,29.5,4.9,model,WAS @ PHI,22.0,False,False,18.43314739021519,4.900000000000004,False,8.667128282087521
Bijan Robinson,Rush Yards,125.0,Over,520,5.2,71.0,4.9,model,PIT @ ATL,83.0,False,False,32.63573636300394,4.900000000000004,False,8.667128282087521
Kendrick Bourne,rec_yds,59.5,Over,880,8.8,28.2,4.8,,ARI @ LAC,75.0,True,False,18.803735641070563,4.800000000000004,False,8.566572778813297
Cade Otton,Rec Yards,69.5,Over,640,6.4,32.3,4.8,,CIN @ TB,26.0,False,False,22.348209771496006,4.800000000000004,False,8.566572778813297
Javonte Williams,rush_yds,109.5,Over,320,3.2,55.8,4.8,,DAL @ NYG,41.0,False,False,32.260722170143424,4.800000000000004,False,8.566572778813297
Aaron Rodgers,Pass Yards,300.0,Over,680,6.8,202.5,4.8,model,PIT @ ATL,221.0,False,False,58.57393690109839,4.800000000000004,False,8.566572778813297
Chig Okonkwo,Rec Yards,59.5,Over,640,6.4,27.7,4.7,,WAS @ PHI,16.0,False,False,18.988873659688995,4.700000000000005,False,8.465577731748697
Amon-Ra St. Brown,Receptions,12.5,Over,1500,15.0,7.9,4.7,,DET @ NO,10.0,False,False,2.7468182023449486,4.700000000000005,False,8.465577731748697
Trey McBride,rec_yds,109.5,Over,800,8.0,59.9,4.6,,ARI @ LAC,95.0,False,False,29.43723657576697,4.600000000000004,False,8.3641246228927
Terry McLaurin,Rec Yards,99.5,Over,520,5.2,53.1,4.6,,WAS @ PHI,14.0,False,False,27.53806002249168,4.600000000000004,False,8.3641246228927
Saquon Barkley,Rec Yards,49.5,Over,880,8.8,18.4,4.6,,WAS @ PHI,-3.0,False,False,18.45762212714421,4.600000000000004,False,8.3641246228927
Kenny Gainwell,Rec Yards,49.5,Over,450,4.5,16.8,4.6,,CIN @ TB,3.0,False,False,19.407210403781853,4.600000000000004,False,8.3641246228927
Lamar Jackson,Rush Yards,80.0,Over,680,6.8,33.1,4.6,"model (real historical SD, corrected)",IND @ BAL,43.0,False,False,27.834806358940945,4.600000000000004,False,8.3641246228927
Emeka Egbuka,Receptions,7.5,Over,640,6.4,4.5,4.6,,CIN @ TB,5.0,False,False,1.7804780186955829,4.600000000000004,False,8.3641246228927
Justin Herbert,rush_yds,39.5,Over,470,4.7,18.8,4.5,,ARI @ LAC,29.0,False,False,12.209524570301177,4.5000000000000036,False,8.262193858494992
Cam Ward,Pass Yards,325.0,Over,1280,12.8,221.1,4.5,model,NYJ @ TEN,140.0,False,False,61.28355569344408,4.5000000000000036,False,8.262193858494992
Kyle Pitts,Rec Yards,99.5,Over,1280,12.8,47.9,4.5,,PIT @ ATL,0.0,False,False,30.435336610026127,4.5000000000000036,False,8.262193858494992
Bucky Irving,Rush Yards,125.0,Over,1100,11.0,62.5,4.5,model,CIN @ TB,45.0,False,False,36.86450655284172,4.5000000000000036,False,8.262193858494992
Alec Pierce,Rec Yards,99.5,Over,700,7.0,45.4,4.4,,IND @ BAL,61.0,False,False,31.71079944311705,4.400000000000004,False,8.15976468176489
Jahmyr Gibbs,Receptions,8.5,Over,1000,10.0,3.9,4.4,,DET @ NO,5.0,False,False,2.6962971800062556,4.400000000000004,False,8.15976468176489
Jordan Addison,rec,6.5,Over,800,8.0,3.48,4.3,,GB @ MIN,0.0,False,False,1.758998540135937,4.300000000000015,False,8.056815076340207
Jahmyr Gibbs,Rec Yards,69.5,Over,680,6.8,29.7,4.3,,DET @ NO,30.0,False,False,23.181503939539827,4.300000000000004,False,8.056815076340207
Mike Gesicki,Receptions,3.5,Over,290,2.9,1.9,4.3,,CIN @ TB,5.0,True,False,0.9319197563634103,4.300000000000015,False,8.056815076340207
Mark Andrews,Receptions,6.5,Over,880,8.8,3.5,4.3,,IND @ BAL,4.0,False,False,1.7473495431813941,4.300000000000015,False,8.056815076340207
Jake Ferguson,rec,5.5,Over,350,3.5,3.42,4.3,,DAL @ NYG,2.0,False,False,1.2114956832724333,4.300000000000015,False,8.056815076340207
DK Metcalf,Receptions,6.5,Over,630,6.3,3.8,4.2,,PIT @ ATL,4.0,False,False,1.5625593895651975,4.200000000000004,False,7.953321659297696
Tony Pollard,Rush Yards,125.0,Over,1500,15.0,63.1,4.2,model,NYJ @ TEN,35.0,False,False,35.82312082003175,4.200000000000004,False,7.953321659297696
Dallas Goedert,Receptions,6.5,Over,640,6.4,3.8,4.2,,WAS @ PHI,4.0,False,False,1.5625593895651975,4.200000000000004,False,7.953321659297696
Tyler Shough,Rush Yards,50.0,Over,1200,12.0,19.7,4.2,"model (real historical SD, corrected)",DET @ NO,8.0,False,False,17.535388705120546,4.200000000000004,False,7.953321659297696
Chris Olave,Rec Yards,149.5,Over,880,8.8,85.0,4.2,,DET @ NO,182.0,True,False,37.32780763961305,4.200000000000004,False,7.953321659297696
Jameson Williams,Rec Yards,149.5,Over,1500,15.0,66.1,4.2,,DET @ NO,45.0,False,False,48.26572336656943,4.200000000000004,False,7.953321659297696
Aaron Jones,rec,4.5,Over,370,3.7,2.26,4.2,,GB @ MIN,0.0,False,False,1.296345567639275,4.200000000000004,False,7.953321659297696
Tyler Allgeier,rush_yds,49.5,Over,168,1.68,28.6,4.1,,ARI @ LAC,61.0,True,False,12.017035450983151,4.100000000000003,False,7.849259562294286
Christian Watson,rec,6.5,Over,490,4.9,3.23,4.1,,GB @ MIN,6.0,False,False,1.8801773169720053,4.100000000000003,False,7.849259562294286
Devaughn Vele,Rec Yards,89.5,Over,700,7.0,43.7,4.1,,DET @ NO,69.0,False,False,26.333981993063556,4.100000000000003,False,7.849259562294286
Bijan Robinson,Receptions,7.5,Over,580,5.8,3.8,4.1,,PIT @ ATL,8.0,True,False,2.12741775926496,4.100000000000003,False,7.849259562294286
Adonai Mitchell,Receptions,6.5,Over,1500,15.0,2.5,4.1,,NYJ @ TEN,3.0,False,False,2.299911091097254,4.100000000000003,False,7.849259562294286
Cade Otton,Receptions,5.5,Over,430,4.3,3.2,4.0,,CIN @ TB,3.0,False,False,1.3137706626950751,4.0000000000000036,False,7.744602299197534
DK Metcalf,Rec Yards,99.5,Over,630,6.3,53.4,4.0,,PIT @ ATL,40.0,False,False,26.332533717496943,4.0000000000000036,False,7.744602299197534
Dontayvion Wicks,Receptions,2.5,Over,-122,0.82,1.2,4.0,,WAS @ PHI,2.0,False,False,0.7425660267406947,4.0000000000000036,False,7.744602299197534
Isaiah Likely,rec_yds,69.5,Over,410,4.1,31.1,3.9,,DAL @ NYG,78.0,True,False,21.78834295656068,3.9000000000000035,False,7.639321618289974
DeVonta Smith,Rec Yards,149.5,Over,1400,14.0,80.5,3.8,,WAS @ PHI,53.0,False,False,38.88678057283944,3.8000000000000034,False,7.533387336803776
Jordan Addison,rec_yds,99.5,Over,850,8.5,44.5,3.8,,GB @ MIN,0.0,False,False,30.996709152263325,3.8000000000000034,False,7.533387336803776
Jauan Jennings,rec_yds,59.5,Over,630,6.3,24.8,3.8,,GB @ MIN,0.0,False,False,19.556105592427954,3.8000000000000034,False,7.533387336803776
Mark Andrews,Rec Yards,89.5,Over,920,9.2,43.3,3.7,,IND @ BAL,49.0,False,False,25.858980399622943,3.7000000000000033,False,7.426767155147374
Greg Dulcich,rec,5.5,Over,880,8.8,2.95,3.7,,MIA @ LV,2.0,False,False,1.4272813856934738,3.7000000000000033,False,7.426767155147374
Isaiah Likely,rec,5.5,Over,370,3.7,3.07,3.7,,DAL @ NYG,8.0,True,False,1.3601152028373107,3.7000000000000033,False,7.426767155147374
Jayden Daniels,Rush Yards,90.0,Over,1100,11.0,42.8,3.7,"model (real historical SD, corrected)",WAS @ PHI,31.0,False,False,26.418698590090973,3.7000000000000033,False,7.426767155147374
Jayden Reed,rec_yds,99.5,Over,880,8.8,45.8,3.6,,GB @ MIN,20.0,False,False,29.84795706068471,3.600000000000003,False,7.319426447709054
De'Von Achane,rec_yds,79.5,Over,1200,12.0,33.7,3.6,,MIA @ LV,30.0,False,False,25.456916822706884,3.600000000000003,False,7.319426447709054
Daniel Jones,Pass TDs,4.0,Over,1500,15.0,1.22,3.6,model,IND @ BAL,1.0,False,False,1.5452015014656144,3.600000000000003,False,7.319426447709054
Tre Harris,rec_yds,79.5,Over,1000,10.0,35.3,3.5,,ARI @ LAC,20.0,False,False,24.39413855208101,3.500000000000003,False,7.211328026543362
Tyler Warren,Receptions,7.5,Over,520,5.2,4.5,3.5,,IND @ BAL,3.0,False,False,1.655710761453462,3.500000000000003,False,7.211328026543362
Dontayvion Wicks,Rec Yards,39.5,Over,168,1.68,16.2,3.5,,WAS @ PHI,73.0,True,False,12.85935358062189,3.500000000000003,False,7.211328026543362
Lamar Jackson,Pass Yards,325.0,Over,880,8.8,220.1,3.5,model,IND @ BAL,324.0,False,False,57.89468629215607,3.500000000000003,False,7.211328026543362
Wan'Dale Robinson,Rec Yards,89.5,Over,750,7.5,44.1,3.5,,NYJ @ TEN,38.0,False,False,25.056422856662394,3.500000000000003,False,7.211328026543362
Chase Brown,Rec Yards,59.5,Over,700,7.0,23.2,3.4,,CIN @ TB,22.0,False,False,19.89033661649421,3.400000000000003,False,7.102431873540316
Cooper Rush,Pass Yards,275.0,Over,680,6.8,175.0,3.4,ESTIMATE (not in model -- recent starter change),PIT @ ATL,143.0,False,False,54.794315747917935,3.400000000000003,False,7.102431873540316
Dallas Goedert,Rec Yards,99.5,Over,1500,15.0,48.5,3.4,,WAS @ PHI,77.0,False,False,27.945101031438146,3.400000000000003,False,7.102431873540316
MarShawn Lloyd,rec_yds,39.5,Over,880,8.8,10.8,3.4,,GB @ MIN,0.0,False,False,15.725968619652447,3.400000000000003,False,7.102431873540316
Jayden Reed,rec,6.5,Over,640,6.4,3.61,3.3,,GB @ MIN,3.0,False,False,1.571998907728649,3.300000000000003,False,6.992694835811042
Jahan Dotson,Rec Yards,39.5,Over,550,5.5,13.3,3.3,,PIT @ ATL,19.0,False,False,14.25133957871647,3.300000000000003,False,6.992694835811042
Mason Taylor,Receptions,3.5,Over,240,2.4,2.1,3.3,,NYJ @ TEN,2.0,False,False,0.7615219622214907,3.300000000000003,False,6.992694835811042
Quentin Johnston,rec_yds,124.5,Over,1400,14.0,53.8,3.3,,ARI @ LAC,17.0,False,False,38.45685909218528,3.299999999999992,False,6.992694835811042
Caleb Douglas,rec_yds,99.5,Over,1400,14.0,40.4,3.3,,MIA @ LV,94.0,False,False,32.14710569092151,3.300000000000003,False,6.992694835811042
Matthew Golden,rec_yds,69.5,Over,350,3.5,25.3,3.3,,GB @ MIN,95.0,True,False,24.042336235849923,3.300000000000003,False,6.992694835811042
Adonai Mitchell,Rec Yards,89.5,Over,880,8.8,29.3,3.2,,NYJ @ TEN,60.0,False,False,32.50224308130029,3.200000000000003,False,6.882070277954433
Sam LaPorta,Rec Yards,99.5,Over,1100,11.0,47.8,3.2,,DET @ NO,48.0,False,False,27.913055935269522,3.200000000000003,False,6.882070277954433
Michael Wilson,rec_yds,99.5,Over,880,8.8,44.8,3.2,,ARI @ LAC,56.0,False,False,29.532769045633326,3.200000000000003,False,6.882070277954433
Geno Smith,Pass Yards,350.0,Over,1700,17.0,217.2,3.2,model,NYJ @ TEN,215.0,False,False,71.69930035210432,3.200000000000003,False,6.882070277954444
Matthew Golden,rec,5.5,Over,410,4.1,2.27,3.2,,GB @ MIN,6.0,True,False,1.7438911154916936,3.200000000000003,False,6.882070277954433
DeVonta Smith,Receptions,10.5,Over,1500,15.0,6.1,3.2,,WAS @ PHI,3.0,False,False,2.3755792285335766,3.200000000000003,False,6.882070277954433
Jacory Croskey-Merritt,Rush Yards,100.0,Over,1100,11.0,50.2,3.2,model,WAS @ PHI,63.0,False,False,26.887237632039113,3.200000000000003,False,6.882070277954433
MarShawn Lloyd,rush_yds,89.5,Over,640,6.4,40.7,3.1,,GB @ MIN,37.0,False,False,26.148052992703732,3.1000000000000028,False,6.770507683543581
Jake Ferguson,rec_yds,69.5,Over,800,8.0,30.6,3.1,,DAL @ NYG,6.0,False,False,20.84342748803638,3.1000000000000028,False,6.770507683543581
Malik Nabers,rec_yds,124.5,Over,880,8.8,62.6,3.1,,DAL @ NYG,69.0,False,False,33.16730492312215,3.1000000000000028,False,6.770507683543581
Jayden Daniels,Pass Yards,300.0,Over,750,7.5,199.1,3.1,model,WAS @ PHI,164.0,False,False,54.06431448696326,3.1000000000000028,False,6.770507683543581
Jalen Hurts,Rush Yards,70.0,Over,1000,10.0,30.1,3.1,"model (real historical SD, corrected)",WAS @ PHI,48.0,False,False,21.379248246083584,3.1000000000000028,False,6.770507683543581
Jordan Mason,rush_yds,99.5,Over,850,8.5,51.5,3.0,,GB @ MIN,59.0,False,False,25.521141603188553,3.0000000000000027,False,6.657952196514005
Aaron Jones,rush_yds,79.5,Over,1200,12.0,39.8,2.9,,GB @ MIN,40.0,False,False,20.94215512796591,2.9000000000000026,False,6.544344091052934
Jonathan Taylor,Receptions,7.5,Over,1700,17.0,2.5,2.9,,IND @ BAL,3.0,False,False,2.6375510236732884,2.9000000000000026,False,6.544344091052934
Aaron Rodgers,Pass TDs,4.0,Over,1200,12.0,1.144,2.9,model,PIT @ ATL,1.0,False,False,1.5065691447221823,2.9000000000000026,False,6.544344091052934
Jaxson Dart,rush_yds,89.5,Over,1700,17.0,40.1,2.9,,DAL @ NYG,59.0,False,False,26.05900411389209,2.9000000000000026,False,6.544344091052934
Marvin Harrison Jr.,rec,7.5,Over,920,9.2,3.62,2.9,,ARI @ LAC,1.0,False,False,2.046739594370472,2.9000000000000026,False,6.544344091052934
Darnell Washington,Rec Yards,29.5,Over,240,2.4,12.9,2.9,,PIT @ ATL,18.0,False,False,8.756669398595319,2.9000000000000026,False,6.544344091052934
KaVontae Turpin,rec_yds,39.5,Over,880,8.8,14.1,2.9,,DAL @ NYG,8.0,False,False,13.398759200260304,2.9000000000000026,False,6.544344091052934
Christian Watson,rec_yds,109.5,Over,630,6.3,46.5,2.8,,GB @ MIN,147.0,True,False,32.96641801569573,2.8000000000000025,False,6.429618155951644
Tyler Shough,Pass TDs,4.0,Over,1500,15.0,1.111,2.8,model,DET @ NO,3.0,False,False,1.5117457404340473,2.8000000000000025,False,6.429618155951644
Chris Godwin Jr.,Rec Yards,99.5,Over,750,7.5,49.3,2.8,,CIN @ TB,40.0,False,False,26.268479117268665,2.8000000000000025,False,6.429618155951644
Jahan Dotson,Receptions,2.5,Over,260,2.6,1.1,2.8,,PIT @ ATL,1.0,False,False,0.7325870670154606,2.8000000000000025,False,6.429618155951644
Kendrick Bourne,rec,4.5,Over,750,7.5,2.36,2.7,,ARI @ LAC,8.0,True,False,1.1106287007906475,2.7000000000000024,False,6.313702976017277
Josh Downs,Rec Yards,79.5,Over,470,4.7,36.6,2.7,,IND @ BAL,37.0,False,False,22.26447255323307,2.7000000000000024,False,6.313702976017277
Darnell Mooney,rec_yds,49.5,Over,320,3.2,19.6,2.7,,DAL @ NYG,27.0,False,False,15.517662688616989,2.7000000000000024,False,6.313702976017277
Michael Wilson,rec,7.5,Over,1200,12.0,3.87,2.7,,ARI @ LAC,5.0,False,False,1.8839169083504905,2.7000000000000024,False,6.313702976017277
Marvin Harrison Jr.,rec_yds,109.5,Over,880,8.8,49.5,2.7,,ARI @ LAC,33.0,False,False,31.139122452074226,2.7000000000000024,False,6.313702976017277
Jacoby Brissett,pass_yds,349.5,Over,1280,12.8,229.8,2.7,,ARI @ LAC,277.0,False,False,62.12254929188807,2.7000000000000024,False,6.313702976017277
Jordan Love,pass_yds,324.5,Over,550,5.5,215.9,2.6,,GB @ MIN,387.0,True,False,55.88910178634838,2.6000000000000023,False,6.196520088810709
Breece Hall,Rush Yards,150.0,Over,1700,17.0,66.6,2.6,model,NYJ @ TEN,102.0,False,False,42.92035993537252,2.6000000000000023,False,6.196520088810709
Michael Pittman,Rec Yards,99.5,Over,1200,12.0,51.5,2.6,,PIT @ ATL,58.0,False,False,24.702365430430223,2.6000000000000023,False,6.196520088810709
Tucker Kraft,rec,8.5,Over,1280,12.8,4.63,2.6,,GB @ MIN,3.0,False,False,1.9916282128284366,2.6000000000000023,False,6.196520088810709
Juwan Johnson,Rec Yards,99.5,Over,1000,10.0,43.1,2.6,,DET @ NO,54.0,False,False,29.02527938075551,2.6000000000000023,False,6.196520088810709
Rico Dowdle,Rush Yards,100.0,Over,880,8.8,48.9,2.6,model,PIT @ ATL,15.0,False,False,26.297726531145507,2.6000000000000023,False,6.196520088810709
Tyler Warren,Rec Yards,99.5,Over,920,9.2,49.5,2.5,,IND @ BAL,13.0,False,False,25.510672846232698,2.500000000000002,False,6.077982989359921
Cam Skattebo,rush_yds,99.5,Over,750,7.5,45.3,2.5,,DAL @ NYG,81.0,False,False,27.653569365316248,2.500000000000002,False,6.077982989359921
Dak Prescott,rush_yds,29.5,Over,880,8.8,13.0,2.5,,DAL @ NYG,14.0,False,False,8.418522039256791,2.500000000000002,False,6.077982989359921
Wan'Dale Robinson,Receptions,7.5,Over,630,6.3,4.4,2.5,,NYJ @ TEN,5.0,False,False,1.581661716466427,2.500000000000002,False,6.077982989359921
Travis Etienne,Rush Yards,100.0,Over,520,5.2,49.9,2.5,model,DET @ NO,46.0,False,False,25.561694191925163,2.500000000000002,False,6.077982989359921
CeeDee Lamb,rec,11.5,Over,1400,14.0,6.89,2.4,,DAL @ NYG,5.0,False,False,2.3313814129411266,2.400000000000002,False,5.957995948139116
Alec Pierce,Receptions,6.5,Over,1280,12.8,2.9,2.4,,IND @ BAL,4.0,False,False,1.8206015372208364,2.400000000000002,False,5.957995948139116
Isaac TeSlaa,Rec Yards,49.5,Over,490,4.9,16.2,2.4,,DET @ NO,0.0,False,False,16.840564219292734,2.400000000000002,False,5.957995948139116
Carnell Tate,Rec Yards,99.5,Over,1000,10.0,40.9,2.4,,NYJ @ TEN,38.0,False,False,29.63534724476139,2.400000000000002,False,5.957995948139116
Aaron Jones,rec_yds,39.5,Over,580,5.8,15.2,2.4,,GB @ MIN,0.0,False,False,12.289060376240645,2.400000000000002,False,5.957995948139116
Daniel Jones,Pass Yards,325.0,Over,680,6.8,211.0,2.4,model,IND @ BAL,166.0,False,False,57.65238201199315,2.400000000000002,False,5.957995948139116
Kyle Pitts,Receptions,7.5,Over,640,6.4,3.8,2.3,,PIT @ ATL,0.0,False,False,1.8542710257401875,2.300000000000002,False,5.836452597870467
Jaylen Warren,Rush Yards,80.0,Over,580,5.8,36.1,2.3,model,PIT @ ATL,46.0,False,False,22.000675143241683,2.300000000000002,False,5.836452597870467
Jahmyr Gibbs,Rush Yards,150.0,Over,880,8.8,77.8,2.3,model (corrected -- Pacheco share removed),DET @ NO,156.0,True,False,36.18334271849771,2.300000000000002,False,5.836452597870467
T.J. Hockenson,rec_yds,69.5,Over,1280,12.8,29.9,2.3,,GB @ MIN,36.0,False,False,19.845711518732816,2.300000000000002,False,5.836452597870467
Bijan Robinson,Rec Yards,69.5,Over,630,6.3,28.6,2.2,,PIT @ ATL,90.0,True,False,20.30692943731658,2.200000000000002,False,5.713234231688336
Michael Mayer,rec,8.5,Over,880,8.8,4.61,2.2,,MIA @ LV,6.0,False,False,1.931392555285122,2.200000000000002,False,5.713234231688336
Keenan Allen,Rec Yards,69.5,Over,880,8.8,34.6,2.2,,IND @ BAL,32.0,False,False,17.327917783920505,2.200000000000002,False,5.713234231688336
Pat Freiermuth,Receptions,3.5,Over,178,1.78,2.0,2.2,,PIT @ ATL,5.0,True,False,0.7447529133490188,2.200000000000002,False,5.713234231688336
Jaylen Warren,Rec Yards,49.5,Over,630,6.3,17.0,2.2,,PIT @ ATL,27.0,False,False,16.136313122562076,2.200000000000002,False,5.713234231688336
Jordan Love,rush_yds,24.5,Over,450,4.5,10.6,2.2,,GB @ MIN,0.0,False,False,6.901376997034242,2.200000000000002,False,5.713234231688336
Darnell Washington,Receptions,2.5,Over,182,1.82,1.3,2.1,,PIT @ ATL,2.0,False,False,0.5901097171035075,2.100000000000002,False,5.588207737595885
Terry McLaurin,Rec Yards,109.5,Over,700,7.0,53.1,2.1,,WAS @ PHI,14.0,False,False,27.735156703864853,2.100000000000002,False,5.588207737595885
Garrett Wilson,Receptions,10.5,Over,1200,12.0,5.6,2.1,,NYJ @ TEN,6.0,False,False,2.4096146781726557,2.100000000000002,False,5.588207737595885
Mike Gesicki,Rec Yards,49.5,Over,520,5.2,18.7,2.1,,CIN @ TB,78.0,True,False,15.146149405656692,2.100000000000002,False,5.588207737595885
Lamar Jackson,Rush Yards,90.0,Over,920,9.2,33.1,2.1,"model (real historical SD, corrected)",IND @ BAL,43.0,False,False,27.98103575265798,2.100000000000002,False,5.588207737595885
Chig Okonkwo,Receptions,5.5,Over,640,6.4,2.8,2.1,,WAS @ PHI,2.0,False,False,1.327746863482892,2.100000000000002,False,5.588207737595885
Stefon Diggs,Receptions,7.5,Over,880,8.8,4.3,2.1,,WAS @ PHI,4.0,False,False,1.5736259122760201,2.100000000000002,False,5.588207737595885
Alec Pierce,Rec Yards,109.5,Over,880,8.8,45.4,2.1,,IND @ BAL,61.0,False,False,31.52169405527902,2.100000000000002,False,5.588207737595885
Jahmyr Gibbs,Receptions,9.5,Over,1500,15.0,3.9,2.0,,DET @ NO,5.0,False,False,2.726720862034296,2.0000000000000018,False,5.461223070018195
Jaxson Dart,pass_td,4.0,Over,1500,15.0,1.01,2.0,,DAL @ NYG,3.0,False,False,1.4558741745504546,2.0000000000000018,False,5.461223070018195
Stefon Diggs,Rec Yards,99.5,Over,880,8.8,50.3,2.0,,WAS @ PHI,55.0,False,False,23.95619043072989,2.0000000000000018,False,5.461223070018195
Pat Freiermuth,Rec Yards,49.5,Over,390,3.9,21.3,2.0,,PIT @ ATL,46.0,False,False,13.730987198101277,2.0000000000000018,False,5.461223070018195
Trey McBride,rec,10.5,Over,850,8.5,6.31,2.0,,ARI @ LAC,9.0,False,False,2.0401715021292324,2.0000000000000018,False,5.461223070018195
Juwan Johnson,Receptions,8.5,Over,1200,12.0,4.0,2.0,,DET @ NO,3.0,False,False,2.1911149784204165,2.0000000000000018,False,5.461223070018195
Tyjae Spears,Rec Yards,39.5,Over,490,4.9,13.2,1.9,,NYJ @ TEN,12.0,False,False,12.675586181550276,1.9000000000000017,False,5.332110125744904
Rashod Bateman,Receptions,3.5,Over,370,3.7,1.6,1.9,,IND @ BAL,0.0,False,False,0.9157267583629476,1.9000000000000017,False,5.332110125744904
Jaylen Warren,Receptions,6.5,Over,1200,12.0,2.6,1.9,,PIT @ ATL,5.0,False,False,1.8796496619028924,1.9000000000000017,False,5.332110125744904
Aaron Rodgers,Pass Yards,325.0,Over,1200,12.0,202.5,1.8,model,PIT @ ATL,221.0,False,False,58.41880758306364,1.8000000000000016,False,5.200674844308317
Ashton Jeanty,rec_yds,69.5,Over,1700,17.0,23.6,1.8,,MIA @ LV,45.0,False,False,21.88916953520507,1.8000000000000016,False,5.200674844308317
Jordan Addison,rec_yds,109.5,Over,1100,11.0,44.5,1.8,,GB @ MIN,0.0,False,False,30.99773463591132,1.8000000000000016,False,5.200674844308317
Cade Otton,Rec Yards,79.5,Over,920,9.2,32.3,1.8,,CIN @ TB,26.0,False,False,22.509124227923298,1.8000000000000016,False,5.200674844308317
Keenan Allen,Receptions,5.5,Over,490,4.9,3.1,1.7,,IND @ BAL,6.0,True,False,1.1320371908234361,1.7000000000000015,False,5.066694285121354
Sam LaPorta,Receptions,6.5,Over,450,4.5,3.8,1.7,,DET @ NO,5.0,False,False,1.2735418396763658,1.7000000000000015,False,5.066694285121354
Devaughn Vele,Rec Yards,99.5,Over,920,9.2,43.7,1.7,,DET @ NO,69.0,False,False,26.31986468664489,1.7000000000000015,False,5.066694285121354
Terry McLaurin,Receptions,7.5,Over,880,8.8,4.0,1.7,,WAS @ PHI,2.0,False,False,1.6508875699508445,1.7000000000000015,False,5.066694285121354
Jayden Daniels,Rush Yards,100.0,Over,1500,15.0,42.8,1.6,"model (real historical SD, corrected)",WAS @ PHI,31.0,False,False,26.673995848648424,1.6000000000000014,False,4.929910334861964
Javonte Williams,rush_yds,124.5,Over,550,5.5,55.8,1.6,,DAL @ NYG,41.0,False,False,32.036774734303265,1.6000000000000014,False,4.929910334861964
Justin Herbert,pass_td,5.0,Over,1500,15.0,1.42,1.6,,ARI @ LAC,1.0,False,False,1.6694563835342893,1.6000000000000014,False,4.929910334861964
Tony Pollard,Rec Yards,39.5,Over,920,9.2,12.7,1.6,,NYJ @ TEN,-1.0,False,False,12.49760644656954,1.6000000000000014,False,4.929910334861964
Rashod Bateman,Rec Yards,59.5,Over,430,4.3,22.7,1.6,,IND @ BAL,0.0,False,False,17.160892434095487,1.6000000000000014,False,4.929910334861964
Derrick Henry,Rec Yards,39.5,Over,920,9.2,10.0,1.6,,IND @ BAL,19.0,False,False,13.756693663201546,1.6000000000000014,False,4.929910334861964
Michael Pittman,Receptions,8.5,Over,1200,12.0,4.7,1.6,,PIT @ ATL,3.0,False,False,1.77204867525986,1.6000000000000014,False,4.929910334861964
DK Metcalf,Rec Yards,109.5,Over,880,8.8,53.4,1.6,,PIT @ ATL,40.0,False,False,26.161034390020568,1.6000000000000014,False,4.929910334861964
Malik Nabers,rec,9.5,Over,880,8.8,5.62,1.6,,DAL @ NYG,6.0,False,False,1.8093549631600676,1.6000000000000014,False,4.929910334861964
Trey McBride,rec_yds,124.5,Over,1280,12.8,59.9,1.5,,ARI @ LAC,95.0,False,False,29.76834544186295,1.5000000000000013,False,4.790021551413237
MarShawn Lloyd,rec,5.5,Over,1500,15.0,1.58,1.5,,GB @ MIN,0.0,False,False,1.806376379753913,1.5000000000000013,False,4.790021551413237
Adonai Mitchell,Rec Yards,99.5,Over,1200,12.0,29.3,1.5,,NYJ @ TEN,60.0,False,False,32.34888312722569,1.5000000000000013,False,4.790021551413237
Mason Taylor,Rec Yards,49.5,Over,520,5.2,18.0,1.5,,NYJ @ TEN,-2.0,False,False,14.515524480165373,1.5000000000000013,False,4.790021551413237
Mark Andrews,Rec Yards,99.5,Over,1280,12.8,43.3,1.5,,IND @ BAL,49.0,False,False,25.897538913818856,1.5000000000000013,False,4.790021551413237
Jahmyr Gibbs,Rec Yards,79.5,Over,920,9.2,29.7,1.5,,DET @ NO,30.0,False,False,22.948352987690015,1.5000000000000013,False,4.790021551413237
Jayden Reed,rec_yds,109.5,Over,1200,12.0,45.8,1.5,,GB @ MIN,20.0,False,False,29.35361617100109,1.5000000000000013,False,4.790021551413237
Michael Wilson,rec_yds,109.5,Over,1200,12.0,44.8,1.5,,ARI @ LAC,56.0,False,False,29.81442647195872,1.5000000000000013,False,4.790021551413237
Sam LaPorta,Rec Yards,109.5,Over,1400,14.0,47.8,1.4,,DET @ NO,48.0,False,False,28.080090358690324,1.4000000000000012,False,4.646672426560105
Chig Okonkwo,Rec Yards,69.5,Over,920,9.2,27.7,1.4,,WAS @ PHI,16.0,False,False,19.023464781090038,1.4000000000000012,False,4.646672426560105
Kenny Gainwell,Rec Yards,59.5,Over,750,7.5,16.8,1.4,,CIN @ TB,3.0,False,False,19.433060912740306,1.4000000000000012,False,4.646672426560105
Tre Harris,rec_yds,89.5,Over,1400,14.0,35.3,1.4,,ARI @ LAC,20.0,False,False,24.66678926160479,1.4000000000000012,False,4.646672426560105
Jacory Croskey-Merritt,Rush Yards,110.0,Over,1400,14.0,50.2,1.3,model,WAS @ PHI,63.0,False,False,26.861775157330115,1.3000000000000012,False,4.499438999736816
Wan'Dale Robinson,Rec Yards,99.5,Over,1000,10.0,44.1,1.3,,NYJ @ TEN,38.0,False,False,24.885323473513182,1.3000000000000012,False,4.499438999736816
T.J. Hockenson,rec,5.5,Over,520,5.2,2.92,1.3,,GB @ MIN,4.0,False,False,1.158919396419928,1.3000000000000012,False,4.499438999736816
Gunnar Helm,Rec Yards,49.5,Over,550,5.5,19.7,1.3,,NYJ @ TEN,28.0,False,False,13.385968222214673,1.3000000000000012,False,4.499438999736816
Omarion Hampton,rush_yds,149.5,Over,1500,15.0,63.1,1.3,,ARI @ LAC,43.0,False,False,38.810323973132476,1.3000000000000012,False,4.499438999736816
Matthew Golden,rec_yds,79.5,Over,520,5.2,25.3,1.3,,GB @ MIN,95.0,True,False,24.346291196108567,1.3000000000000012,False,4.499438999736816
Jonathan Taylor,Rec Yards,39.5,Over,370,3.7,12.9,1.3,,IND @ BAL,23.0,False,False,11.94854881580236,1.3000000000000012,False,4.499438999736816
Isaiah Likely,rec_yds,79.5,Over,640,6.4,31.1,1.3,,DAL @ NYG,78.0,False,False,21.740968521986247,1.3000000000000012,False,4.499438999736816
De'Von Achane,rec_yds,89.5,Over,1700,17.0,33.7,1.3,,MIA @ LV,30.0,False,False,25.06500089931472,1.3000000000000012,False,4.499438999736816
Emeka Egbuka,Receptions,8.5,Over,1000,10.0,4.5,1.2,,CIN @ TB,5.0,False,False,1.772162586511741,1.200000000000001,False,4.3478091931245855
Bijan Robinson,Receptions,8.5,Over,880,8.8,3.8,1.2,,PIT @ ATL,8.0,False,False,2.0822910391512957,1.200000000000001,False,4.3478091931245855
Lamar Jackson,Pass Yards,350.0,Over,1280,12.8,220.1,1.2,model,IND @ BAL,324.0,False,False,57.550979996968785,1.200000000000001,False,4.3478091931245855
Christian Watson,rec,7.5,Over,880,8.8,3.23,1.2,,GB @ MIN,6.0,False,False,1.8917835611012832,1.200000000000001,False,4.3478091931245855
Saquon Barkley,Rec Yards,59.5,Over,1280,12.8,18.4,1.2,,WAS @ PHI,-3.0,False,False,18.208970576408138,1.200000000000001,False,4.3478091931245855
MarShawn Lloyd,rush_yds,99.5,Over,880,8.8,40.7,1.2,,GB @ MIN,37.0,False,False,26.05079002172259,1.200000000000001,False,4.3478091931245855
Jordan Mason,rush_yds,109.5,Over,1100,11.0,51.5,1.2,,GB @ MIN,59.0,False,False,25.69635750442024,1.200000000000001,False,4.3478091931245855
Emeka Egbuka,Rec Yards,149.5,Over,1500,15.0,63.3,1.2,,CIN @ TB,63.0,False,False,38.190103739328016,1.200000000000001,False,4.3478091931245855
Jauan Jennings,rec_yds,69.5,Over,880,8.8,24.8,1.1,,GB @ MIN,0.0,False,False,19.516515417539697,1.100000000000001,False,4.191155306213146
Mark Andrews,Receptions,7.5,Over,1500,15.0,3.5,1.1,,IND @ BAL,4.0,False,False,1.7464443326657446,1.100000000000001,False,4.191155306213146
Juwan Johnson,Rec Yards,109.5,Over,1400,14.0,43.1,1.1,,DET @ NO,54.0,False,False,28.990975922251362,1.100000000000001,False,4.191155306213146
Chase Brown,Rec Yards,69.5,Over,1100,11.0,23.2,1.1,,CIN @ TB,22.0,False,False,20.21509315060599,1.100000000000001,False,4.191155306213146
Chris Godwin Jr.,Rec Yards,109.5,Over,1000,10.0,49.3,1.1,,CIN @ TB,40.0,False,False,26.283987206619457,1.100000000000001,False,4.191155306213146
Jordan Addison,rec,7.5,Over,1280,12.8,3.48,1.1,,GB @ MIN,0.0,False,False,1.7551765543290732,1.100000000000001,False,4.191155306213146
Cam Skattebo,rush_yds,109.5,Over,1000,10.0,45.3,1.1,,DAL @ NYG,81.0,False,False,28.0304315392852,1.100000000000001,False,4.191155306213146
Chris Godwin Jr.,Receptions,7.5,Over,680,6.8,4.2,1.1,,CIN @ TB,4.0,False,False,1.4408165744492392,1.100000000000001,False,4.191155306213146
Carnell Tate,Rec Yards,109.5,Over,1280,12.8,40.9,1.1,,NYJ @ TEN,38.0,False,False,29.951520305217517,1.100000000000001,False,4.191155306213146
Jauan Jennings,rec,4.5,Over,640,6.4,2.02,1.0,,GB @ MIN,0.0,False,False,1.0660486454643032,1.0000000000000009,False,4.028694503355301
Rico Dowdle,Rec Yards,39.5,Over,800,8.0,11.4,1.0,,PIT @ ATL,6.0,False,False,12.079018926430212,1.0000000000000009,False,4.028694503355301
Rico Dowdle,Rush Yards,110.0,Over,1200,12.0,48.9,1.0,model,PIT @ ATL,15.0,False,False,26.264343644301988,1.0000000000000009,False,4.028694503355301
Garrett Wilson,Rec Yards,149.5,Over,1700,17.0,64.1,1.0,,NYJ @ TEN,79.0,False,False,36.709900936553026,1.0000000000000009,False,4.028694503355301
Michael Pittman,Rec Yards,109.5,Over,1700,17.0,51.5,1.0,,PIT @ ATL,58.0,False,False,24.93178283747161,1.0000000000000009,False,4.028694503355301
DK Metcalf,Receptions,7.5,Over,1100,11.0,3.8,1.0,,PIT @ ATL,4.0,False,False,1.5904758017007752,1.0000000000000009,False,4.028694503355301
Josh Downs,Rec Yards,89.5,Over,680,6.8,36.6,1.0,,IND @ BAL,37.0,False,False,22.739505381073243,1.0000000000000009,False,4.028694503355301
Jake Ferguson,rec_yds,79.5,Over,1200,12.0,30.6,1.0,,DAL @ NYG,6.0,False,False,21.020072081937272,1.0000000000000009,False,4.028694503355301
Dallas Goedert,Receptions,7.5,Over,1100,11.0,3.8,0.9,,WAS @ PHI,4.0,False,False,1.5640732364967445,0.9000000000000008,False,3.859430244221951
Jalen Hurts,Rush Yards,80.0,Over,1500,15.0,30.1,0.9,"model (real historical SD, corrected)",WAS @ PHI,48.0,False,False,21.093852567888526,0.9000000000000008,False,3.859430244221951
Tyler Warren,Rec Yards,109.5,Over,1280,12.8,49.5,0.9,,IND @ BAL,13.0,False,False,25.363349781028287,0.9000000000000008,False,3.859430244221951
Aaron Jones,rush_yds,89.5,Over,1500,15.0,39.8,0.9,,GB @ MIN,40.0,False,False,21.009308068618434,0.9000000000000008,False,3.859430244221951
Marvin Harrison Jr.,rec,8.5,Over,1500,15.0,3.62,0.9,,ARI @ LAC,1.0,False,False,2.0628857821903006,0.9000000000000008,False,3.859430244221951
Jordan Love,pass_yds,349.5,Over,880,8.8,215.9,0.9,,GB @ MIN,387.0,True,False,56.47572551242298,0.9000000000000008,False,3.859430244221951
Chris Olave,Rec Yards,174.5,Over,1500,15.0,85.0,0.9,,DET @ NO,182.0,True,False,37.8336634233672,0.9000000000000008,False,3.859430244221951
Jayden Daniels,Pass Yards,325.0,Over,1260,12.6,199.1,0.9,model,WAS @ PHI,164.0,False,False,53.22076229052436,0.9000000000000008,False,3.859430244221951
Travis Etienne,Rush Yards,110.0,Over,680,6.8,49.9,0.9,model,DET @ NO,46.0,False,False,25.405622030663334,0.9000000000000008,False,3.859430244221951
Lamar Jackson,Rush Yards,100.0,Over,1400,14.0,33.1,0.9,"model (real historical SD, corrected)",IND @ BAL,43.0,False,False,28.280135005846542,0.9000000000000008,False,3.859430244221951
Josh Downs,Receptions,6.5,Over,450,4.5,3.4,0.9,,IND @ BAL,2.0,False,False,1.3104397386864617,0.9000000000000008,False,3.859430244221951
Bijan Robinson,Rush Yards,150.0,Over,1000,10.0,71.0,0.8,model,PIT @ ATL,83.0,False,False,32.79484004212239,0.8000000000000007,False,3.682062154723531
Christian Watson,rec_yds,124.5,Over,880,8.8,46.5,0.8,,GB @ MIN,147.0,True,False,32.37971548462717,0.8000000000000007,False,3.682062154723531
Daniel Jones,Pass Yards,350.0,Over,1100,11.0,211.0,0.8,model,IND @ BAL,166.0,False,False,57.702313491835596,0.8000000000000007,False,3.682062154723531
Tyler Warren,Receptions,8.5,Over,880,8.8,4.5,0.8,,IND @ BAL,3.0,False,False,1.6604982299808806,0.8000000000000007,False,3.682062154723531
Braelon Allen,Rush Yards,40.0,Over,430,4.3,12.2,0.8,model,NYJ @ TEN,40.0,True,False,11.54046269836712,0.8000000000000007,False,3.682062154723531
Matthew Golden,rec,6.5,Over,750,7.5,2.27,0.8,,GB @ MIN,6.0,False,False,1.7559768782047813,0.8000000000000007,False,3.682062154723531
Marvin Harrison Jr.,rec_yds,124.5,Over,1280,12.8,49.5,0.8,,ARI @ LAC,33.0,False,False,31.13434181214151,0.8000000000000007,False,3.682062154723531
Jaylen Warren,Rush Yards,90.0,Over,850,8.5,36.1,0.8,model,PIT @ ATL,46.0,False,False,22.375213648992364,0.8000000000000007,False,3.682062154723531
Adonai Mitchell,Rec Yards,109.5,Over,1500,15.0,29.3,0.7,,NYJ @ TEN,60.0,False,False,32.637933857507626,0.7000000000000006,False,3.4948408791245833
MarShawn Lloyd,rec_yds,49.5,Over,1280,12.8,10.8,0.7,,GB @ MIN,0.0,False,False,15.74922743498186,0.7000000000000006,False,3.4948408791245833
Stefon Diggs,Rec Yards,109.5,Over,1200,12.0,50.3,0.7,,WAS @ PHI,55.0,False,False,24.09184145092832,0.7000000000000006,False,3.4948408791245833
Jayden Reed,rec,7.5,Over,1100,11.0,3.61,0.7,,GB @ MIN,3.0,False,False,1.5830618791234994,0.7000000000000006,False,3.4948408791245833
Aaron Jones,rec,5.5,Over,680,6.8,2.26,0.7,,GB @ MIN,0.0,False,False,1.3185399713008068,0.7000000000000006,False,3.4948408791245833
Bijan Robinson,Rec Yards,79.5,Over,880,8.8,28.6,0.6,,PIT @ ATL,90.0,True,False,20.261574716900164,0.6000000000000005,False,3.2953207310547294
Greg Dulcich,rec,6.5,Over,1500,15.0,2.95,0.6,,MIA @ LV,2.0,False,False,1.413135368271033,0.6000000000000005,False,3.2953207310547294
Justin Herbert,rush_yds,49.5,Over,880,8.8,18.8,0.6,,ARI @ LAC,29.0,False,False,12.220635438287527,0.6000000000000005,False,3.2953207310547294
Isaiah Likely,rec,6.5,Over,640,6.4,3.07,0.6,,DAL @ NYG,8.0,True,False,1.365367412160463,0.6000000000000005,False,3.2953207310547294
Devaughn Vele,Rec Yards,109.5,Over,1280,12.8,43.7,0.6,,DET @ NO,69.0,False,False,26.19276260062929,0.6000000000000005,False,3.2953207310547294
Alec Pierce,Rec Yards,124.5,Over,1280,12.8,45.4,0.6,,IND @ BAL,61.0,False,False,31.487044402884145,0.6000000000000005,False,3.2953207310547294
Cade Otton,Receptions,6.5,Over,800,8.0,3.2,0.6,,CIN @ TB,3.0,False,False,1.3136187930406786,0.6000000000000005,False,3.2953207310547294
Jahan Dotson,Rec Yards,49.5,Over,850,8.5,13.3,0.6,,PIT @ ATL,19.0,False,False,14.410000093355325,0.6000000000000005,False,3.2953207310547294
Jahmyr Gibbs,Rec Yards,89.5,Over,1400,14.0,29.7,0.5,,DET @ NO,30.0,False,False,23.215824091141968,0.5000000000000004,False,3.0799065503153367
Isaac TeSlaa,Rec Yards,59.5,Over,750,7.5,16.2,0.5,,DET @ NO,0.0,False,False,16.810120119505804,0.5000000000000004,False,3.0799065503153367
Cade Otton,Rec Yards,89.5,Over,1280,12.8,32.3,0.5,,CIN @ TB,26.0,False,False,22.206440435005362,0.5000000000000004,False,3.0799065503153367
Keenan Allen,Rec Yards,79.5,Over,1260,12.6,34.6,0.5,,IND @ BAL,32.0,False,False,17.43127929251295,0.5000000000000004,False,3.0799065503153367
Jordan Addison,rec_yds,124.5,Over,1500,15.0,44.5,0.5,,GB @ MIN,0.0,False,False,31.057958650357147,0.5000000000000004,False,3.0799065503153367
Kyle Pitts,Receptions,8.5,Over,1000,10.0,3.8,0.5,,PIT @ ATL,0.0,False,False,1.8246550707084825,0.5000000000000004,False,3.0799065503153367
Darnell Mooney,rec,3.5,Over,580,5.8,1.52,0.5,,DAL @ NYG,2.0,False,False,0.7686844765963394,0.5000000000000004,False,3.0799065503153367
Terry McLaurin,Rec Yards,124.5,Over,1100,11.0,53.1,0.5,,WAS @ PHI,14.0,False,False,27.719228095443757,0.5000000000000004,False,3.0799065503153367
Trey McBride,rec,11.5,Over,1260,12.6,6.31,0.5,,ARI @ LAC,9.0,False,False,2.01488506744192,0.5000000000000004,False,3.0799065503153367
Wan'Dale Robinson,Receptions,8.5,Over,920,9.2,4.4,0.5,,NYJ @ TEN,5.0,False,False,1.5917203808308038,0.5000000000000004,False,3.0799065503153367
Dontayvion Wicks,Rec Yards,49.5,Over,270,2.7,16.2,0.5,,WAS @ PHI,73.0,True,False,12.927875288211162,0.5000000000000004,False,3.0799065503153367
Gunnar Helm,Receptions,3.5,Over,225,2.25,1.9,0.5,,NYJ @ TEN,4.0,True,False,0.621159173007143,0.5000000000000004,False,3.0799065503153367
Darnell Mooney,rec_yds,59.5,Over,490,4.9,19.6,0.5,,DAL @ NYG,27.0,False,False,15.490156876865628,0.5000000000000004,False,3.0799065503153367
Jake Ferguson,rec,6.5,Over,640,6.4,3.42,0.5,,DAL @ NYG,2.0,False,False,1.1957314080387502,0.5000000000000004,False,3.0799065503153367
Tyler Allgeier,rush_yds,59.5,Over,280,2.8,28.6,0.5,,ARI @ LAC,61.0,True,False,11.996136528700449,0.5000000000000004,False,3.0799065503153367
Chig Okonkwo,Rec Yards,79.5,Over,1400,14.0,27.7,0.4,,WAS @ PHI,16.0,False,False,19.531914222489544,0.40000000000000036,False,2.842939603023853
Mike Gesicki,Rec Yards,59.5,Over,850,8.5,18.7,0.4,,CIN @ TB,78.0,True,False,15.384210430068983,0.40000000000000036,False,2.842939603023853
Wan'Dale Robinson,Rec Yards,109.5,Over,1400,14.0,44.1,0.4,,NYJ @ TEN,38.0,False,False,24.659984365845872,0.40000000000000036,False,2.842939603023853
Isaac TeSlaa,Receptions,3.5,Over,750,7.5,1.1,0.4,,DET @ NO,0.0,False,False,0.9049535547099402,0.40000000000000036,False,2.842939603023853
Malik Nabers,rec,10.5,Over,1280,12.8,5.62,0.4,,DAL @ NYG,6.0,False,False,1.8400722279102117,0.40000000000000036,False,2.842939603023853
Jahmyr Gibbs,Rush Yards,175.0,Over,1700,17.0,77.8,0.4,model (corrected -- Pacheco share removed),DET @ NO,156.0,False,False,36.65061896575258,0.40000000000000036,False,2.842939603023853
Stefon Diggs,Receptions,8.5,Over,1400,14.0,4.3,0.4,,WAS @ PHI,4.0,False,False,1.5836687207423954,0.40000000000000036,False,2.842939603023853
Isaiah Likely,rec_yds,89.5,Over,880,8.8,31.1,0.4,,DAL @ NYG,78.0,False,False,22.02053649794188,0.40000000000000036,False,2.842939603023853
Matthew Golden,rec_yds,89.5,Over,750,7.5,25.3,0.4,,GB @ MIN,95.0,True,False,24.207507588490902,0.40000000000000036,False,2.842939603023853
Malik Nabers,rec_yds,149.5,Over,1700,17.0,62.6,0.4,,DAL @ NYG,69.0,False,False,32.76685996012242,0.40000000000000036,False,2.842939603023853
MarShawn Lloyd,rush_yds,109.5,Over,1200,12.0,40.7,0.4,,GB @ MIN,37.0,False,False,25.94200190168495,0.40000000000000036,False,2.842939603023853
Jaylen Warren,Rec Yards,59.5,Over,920,9.2,17.0,0.4,,PIT @ ATL,27.0,False,False,16.025219197988523,0.40000000000000036,False,2.842939603023853
Emeka Egbuka,Receptions,9.5,Over,1700,17.0,4.5,0.3,,CIN @ TB,5.0,False,False,1.8196498551467803,0.30000000000000027,False,2.574585715891786
Christian Watson,rec,8.5,Over,1400,14.0,3.23,0.3,,GB @ MIN,6.0,False,False,1.9179109473247062,0.30000000000000027,False,2.574585715891786
Jordan Love,rush_yds,29.5,Over,700,7.0,10.6,0.3,,GB @ MIN,0.0,False,False,6.878276452454829,0.30000000000000027,False,2.574585715891786
Aaron Jones,rec_yds,49.5,Over,920,9.2,15.2,0.3,,GB @ MIN,0.0,False,False,12.482798006306911,0.30000000000000027,False,2.574585715891786
Jordan Love,pass_yds,374.5,Over,1400,14.0,215.9,0.3,,GB @ MIN,387.0,True,False,57.71929340525587,0.30000000000000027,False,2.574585715891786
Rashod Bateman,Rec Yards,69.5,Over,640,6.4,22.7,0.3,,IND @ BAL,0.0,False,False,17.03192264417386,0.30000000000000027,False,2.574585715891786
Chig Okonkwo,Receptions,6.5,Over,1200,12.0,2.8,0.3,,WAS @ PHI,2.0,False,False,1.3465408928086176,0.30000000000000027,False,2.574585715891786
DK Metcalf,Rec Yards,124.5,Over,1280,12.8,53.4,0.3,,PIT @ ATL,40.0,False,False,25.87542094018721,0.30000000000000027,False,2.574585715891786
Mike Gesicki,Receptions,4.5,Over,630,6.3,1.9,0.3,,CIN @ TB,5.0,True,False,0.9462179246763258,0.30000000000000027,False,2.574585715891786
Chris Godwin Jr.,Rec Yards,124.5,Over,1500,15.0,49.3,0.3,,CIN @ TB,40.0,False,False,27.367533821407577,0.30000000000000027,False,2.574585715891786
Terry McLaurin,Receptions,8.5,Over,1400,14.0,4.0,0.3,,WAS @ PHI,2.0,False,False,1.6376848696321022,0.30000000000000027,False,2.574585715891786
Bijan Robinson,Receptions,9.5,Over,1280,12.8,3.8,0.3,,PIT @ ATL,8.0,False,False,2.0744008348673297,0.30000000000000027,False,2.5745857158917973
Javonte Williams,rush_yds,149.5,Over,1200,12.0,55.8,0.2,,DAL @ NYG,41.0,False,False,32.55550191194155,0.20000000000000018,False,2.2548220878240266
Cam Skattebo,rush_yds,124.5,Over,1500,15.0,45.3,0.2,,DAL @ NYG,81.0,False,False,27.51756404936788,0.20000000000000018,False,2.2548220878240266
Tyjae Spears,Rec Yards,49.5,Over,880,8.8,13.2,0.2,,NYJ @ TEN,12.0,False,False,12.612216855960277,0.20000000000000018,False,2.2548220878240266
Josh Downs,Rec Yards,99.5,Over,920,9.2,36.6,0.2,,IND @ BAL,37.0,False,False,21.854227003854035,0.20000000000000018,False,2.2548220878240266
Chase Brown,Rec Yards,79.5,Over,1500,15.0,23.2,0.2,,CIN @ TB,22.0,False,False,19.561096666406712,0.20000000000000018,False,2.2548220878240266
Pat Freiermuth,Rec Yards,59.5,Over,640,6.4,21.3,0.2,,PIT @ ATL,46.0,False,False,13.27236043795269,0.20000000000000018,False,2.2548220878240266
Sam LaPorta,Receptions,7.5,Over,800,8.0,3.8,0.2,,DET @ NO,5.0,False,False,1.2855427649325903,0.20000000000000018,False,2.2548220878240266
Jauan Jennings,rec_yds,79.5,Over,1260,12.6,24.8,0.2,,GB @ MIN,0.0,False,False,19.005186281571,0.20000000000000018,False,2.2548220878240266
Daniel Jones,Pass Yards,375.0,Over,1700,17.0,211.0,0.2,model,IND @ BAL,166.0,False,False,56.98081444566076,0.20000000000000018,False,2.2548220878240266
Mason Taylor,Rec Yards,59.5,Over,880,8.8,18.0,0.2,,NYJ @ TEN,-2.0,False,False,14.418925606676352,0.20000000000000018,False,2.2548220878240266
Jaylen Warren,Rush Yards,100.0,Over,1200,12.0,36.1,0.2,model,PIT @ ATL,46.0,False,False,22.201670994376357,0.20000000000000018,False,2.2548220878240266
Travis Etienne,Rush Yards,125.0,Over,1100,11.0,49.9,0.2,model,DET @ NO,46.0,False,False,26.09304368822636,0.20000000000000018,False,2.2548220878240266
Jordan Mason,rush_yds,124.5,Over,1500,15.0,51.5,0.2,,GB @ MIN,59.0,False,False,25.363411308129486,0.20000000000000018,False,2.2548220878240266
Kyle Pitts,Receptions,9.5,Over,1700,17.0,3.8,0.1,,PIT @ ATL,0.0,False,False,,,,
Cade Otton,Receptions,7.5,Over,1280,12.8,3.2,0.1,,CIN @ TB,3.0,False,False,,,,
Jahan Dotson,Receptions,3.5,Over,630,6.3,1.1,0.1,,PIT @ ATL,1.0,False,False,,,,
Mason Taylor,Receptions,4.5,Over,550,5.5,2.1,0.1,,NYJ @ TEN,2.0,False,False,,,,
Chris Godwin Jr.,Receptions,8.5,Over,1100,11.0,4.2,0.1,,CIN @ TB,4.0,False,False,,,,
Josh Downs,Receptions,7.5,Over,800,8.0,3.4,0.1,,IND @ BAL,2.0,False,False,,,,
Jonathan Taylor,Rec Yards,49.5,Over,640,6.4,12.9,0.1,,IND @ BAL,23.0,False,False,,,,
T.J. Hockenson,rec,6.5,Over,880,8.8,2.92,0.1,,GB @ MIN,4.0,False,False,,,,
Aaron Jones,rec,6.5,Over,1200,12.0,2.26,0.1,,GB @ MIN,0.0,False,False,,,,
Matthew Golden,rec,7.5,Over,1280,12.8,2.27,0.1,,GB @ MIN,6.0,False,False,,,,
Isaiah Likely,rec_yds,99.5,Over,1200,12.0,31.1,0.1,,DAL @ NYG,78.0,False,False,,,,
Josh Downs,Rec Yards,109.5,Over,1260,12.6,36.6,0.1,,IND @ BAL,37.0,False,False,,,,
Tyler Warren,Receptions,9.5,Over,1280,12.8,4.5,0.1,,IND @ BAL,3.0,False,False,,,,
Gunnar Helm,Rec Yards,59.5,Over,850,8.5,19.7,0.1,,NYJ @ TEN,28.0,False,False,,,,
Keenan Allen,Receptions,6.5,Over,880,8.8,3.1,0.1,,IND @ BAL,6.0,False,False,,,,
Matthew Golden,rec_yds,99.5,Over,920,9.2,25.3,0.1,,GB @ MIN,95.0,False,False,,,,
Isaiah Likely,rec,7.5,Over,1100,11.0,3.07,0.1,,DAL @ NYG,8.0,True,False,,,,
Bijan Robinson,Rec Yards,89.5,Over,1280,12.8,28.6,0.1,,PIT @ ATL,90.0,True,False,,,,
Isaac TeSlaa,Rec Yards,69.5,Over,1000,10.0,16.2,0.1,,DET @ NO,0.0,False,False,,,,
Rashod Bateman,Receptions,4.5,Over,850,8.5,1.6,0.1,,IND @ BAL,0.0,False,False,,,,
Dontayvion Wicks,Receptions,3.5,Over,200,2.0,1.2,0.1,,WAS @ PHI,2.0,False,False,,,,
Darnell Washington,Rec Yards,39.5,Over,450,4.5,12.9,0.1,,PIT @ ATL,18.0,False,False,,,,
Isaac TeSlaa,Rec Yards,79.5,Over,1400,14.0,16.2,0.0,,DET @ NO,0.0,False,False,,,,
Dontayvion Wicks,Rec Yards,79.5,Over,880,8.8,16.2,0.0,,WAS @ PHI,73.0,False,False,,,,
Pat Freiermuth,Rec Yards,79.5,Over,1400,14.0,21.3,0.0,,PIT @ ATL,46.0,False,False,,,,
Jonathan Taylor,Rec Yards,59.5,Over,920,9.2,12.9,0.0,,IND @ BAL,23.0,False,False,,,,
Gunnar Helm,Receptions,5.5,Over,880,8.8,1.9,0.0,,NYJ @ TEN,4.0,False,False,,,,
Aaron Jones,rec_yds,59.5,Over,1400,14.0,15.2,0.0,,GB @ MIN,0.0,False,False,,,,
Jake Ferguson,rec,7.5,Over,1100,11.0,3.42,0.0,,DAL @ NYG,2.0,False,False,,,,
Isaiah Likely,rec_yds,109.5,Over,1700,17.0,31.1,0.0,,DAL @ NYG,78.0,False,False,,,,
Pat Freiermuth,Receptions,6.5,Over,1280,12.8,2.0,0.0,,PIT @ ATL,5.0,False,False,,,,
Darnell Washington,Rec Yards,49.5,Over,800,8.0,12.9,0.0,,PIT @ ATL,18.0,False,False,,,,
Darnell Washington,Receptions,3.5,Over,430,4.3,1.3,0.0,,PIT @ ATL,2.0,False,False,,,,
Sam LaPorta,Receptions,8.5,Over,1280,12.8,3.8,0.0,,DET @ NO,5.0,False,False,,,,
Pat Freiermuth,Receptions,5.5,Over,750,7.5,2.0,0.0,,PIT @ ATL,5.0,False,False,,,,
Dontayvion Wicks,Receptions,6.5,Over,1500,15.0,1.2,0.0,,WAS @ PHI,2.0,False,False,,,,
Pat Freiermuth,Rec Yards,69.5,Over,920,9.2,21.3,0.0,,PIT @ ATL,46.0,False,False,,,,
Darnell Washington,Receptions,4.5,Over,920,9.2,1.3,0.0,,PIT @ ATL,2.0,False,False,,,,
Wan'Dale Robinson,Receptions,9.5,Over,1500,15.0,4.4,0.0,,NYJ @ TEN,5.0,False,False,,,,
Jaylen Warren,Rush Yards,110.0,Over,1500,15.0,36.1,0.0,model,PIT @ ATL,46.0,False,False,,,,
Darnell Washington,Receptions,5.5,Over,1700,17.0,1.3,0.0,,PIT @ ATL,2.0,False,False,,,,
Dontayvion Wicks,Rec Yards,59.5,Over,410,4.1,16.2,0.0,,WAS @ PHI,73.0,True,False,,,,
Gunnar Helm,Rec Yards,69.5,Over,1260,12.6,19.7,0.0,,NYJ @ TEN,28.0,False,False,,,,
Rashod Bateman,Rec Yards,79.5,Over,880,8.8,22.7,0.0,,IND @ BAL,0.0,False,False,,,,
Braelon Allen,Rush Yards,50.0,Over,750,7.5,12.2,0.0,model,NYJ @ TEN,40.0,False,False,,,,
Rashod Bateman,Rec Yards,89.5,Over,1200,12.0,22.7,0.0,,IND @ BAL,0.0,False,False,,,,
Rashod Bateman,Receptions,5.5,Over,1500,15.0,1.6,0.0,,IND @ BAL,0.0,False,False,,,,
Dontayvion Wicks,Rec Yards,69.5,Over,640,6.4,16.2,0.0,,WAS @ PHI,73.0,True,False,,,,
Dontayvion Wicks,Rec Yards,89.5,Over,1260,12.6,16.2,0.0,,WAS @ PHI,73.0,False,False,,,,
Isaac TeSlaa,Receptions,4.5,Over,1500,15.0,1.1,0.0,,DET @ NO,0.0,False,False,,,,
Josh Downs,Receptions,8.5,Over,1280,12.8,3.4,0.0,,IND @ BAL,2.0,False,False,,,,
Matthew Golden,rec_yds,109.5,Over,1280,12.8,25.3,0.0,,GB @ MIN,95.0,False,False,,,,
Keenan Allen,Receptions,7.5,Over,1400,14.0,3.1,0.0,,IND @ BAL,6.0,False,False,,,,
Kirk Cousins,rush_yds,14.5,Over,850,8.5,2.6,0.0,,MIA @ LV,0.0,False,False,,,,
Kirk Cousins,rush_yds,9.5,Over,450,4.5,2.6,0.0,,MIA @ LV,0.0,False,False,,,,
Justin Herbert,rush_yds,59.5,Over,1400,14.0,18.8,0.0,,ARI @ LAC,29.0,False,False,,,,
Darnell Mooney,rec,4.5,Over,1100,11.0,1.52,0.0,,DAL @ NYG,2.0,False,False,,,,
Darnell Mooney,rec_yds,69.5,Over,640,6.4,19.6,0.0,,DAL @ NYG,27.0,False,False,,,,
Jauan Jennings,rec,5.5,Over,1200,12.0,2.02,0.0,,GB @ MIN,0.0,False,False,,,,
Isaiah Likely,rec,8.5,Over,1700,17.0,3.07,0.0,,DAL @ NYG,8.0,False,False,,,,
Darnell Mooney,rec_yds,99.5,Over,1500,15.0,19.6,0.0,,DAL @ NYG,27.0,False,False,,,,
Pat Freiermuth,Receptions,4.5,Over,370,3.7,2.0,0.0,,PIT @ ATL,5.0,True,False,,,,
Darnell Washington,Rec Yards,59.5,Over,1260,12.6,12.9,0.0,,PIT @ ATL,18.0,False,False,,,,
Rashod Bateman,Rec Yards,99.5,Over,1500,15.0,22.7,0.0,,IND @ BAL,0.0,False,False,,,,
Jake Ferguson,rec,8.5,Over,1700,17.0,3.42,0.0,,DAL @ NYG,2.0,False,False,,,,
Darnell Mooney,rec_yds,79.5,Over,880,8.8,19.6,0.0,,DAL @ NYG,27.0,False,False,,,,
T.J. Hockenson,rec,7.5,Over,1500,15.0,2.92,0.0,,GB @ MIN,4.0,False,False,,,,
Darnell Mooney,rec_yds,89.5,Over,1200,12.0,19.6,0.0,,DAL @ NYG,27.0,False,False,,,,
Jaylen Warren,Rec Yards,69.5,Over,1280,12.8,17.0,0.0,,PIT @ ATL,27.0,False,False,,,,
Tyjae Spears,Rec Yards,59.5,Over,1260,12.6,13.2,0.0,,NYJ @ TEN,12.0,False,False,,,,
Jonathan Taylor,Rec Yards,69.5,Over,1400,14.0,12.9,0.0,,IND @ BAL,23.0,False,False,,,,
Dontayvion Wicks,Receptions,4.5,Over,430,4.3,1.2,0.0,,WAS @ PHI,2.0,False,False,,,,
Dontayvion Wicks,Receptions,5.5,Over,880,8.8,1.2,0.0,,WAS @ PHI,2.0,False,False,,,,
Gunnar Helm,Receptions,6.5,Over,1500,15.0,1.9,0.0,,NYJ @ TEN,4.0,False,False,,,,
Gunnar Helm,Receptions,4.5,Over,490,4.9,1.9,0.0,,NYJ @ TEN,4.0,False,False,,,,
Tyler Allgeier,rush_yds,69.5,Over,430,4.3,28.6,0.0,,ARI @ LAC,61.0,False,False,,,,
Tyler Allgeier,rush_yds,79.5,Over,640,6.4,28.6,0.0,,ARI @ LAC,61.0,False,False,,,,
Tyler Allgeier,rush_yds,89.5,Over,920,9.2,28.6,0.0,,ARI @ LAC,61.0,False,False,,,,
Tyler Allgeier,rush_yds,99.5,Over,1280,12.8,28.6,0.0,,ARI @ LAC,61.0,False,False,,,,
Rashee Rice,rec,2.5,,-1100,0.09,5.3,91.8,,DEN @ KC,2.0,False,False,2.0118645697949606,91.8,False,88.18016574504928
Rashee Rice,rec_yds,19.5,,-1200,0.08,60.4,87.8,,DEN @ KC,19.0,False,False,35.105882189757466,87.8,False,84.5629488049033
J.K. Dobbins,rush_yds,20.0,,-1450,0.07,55.3,86.1,,DEN @ KC,36.0,True,False,32.53986672183921,86.1,False,83.04950892239566
Noah Gray,rec,0.5,,-390,0.26,1.8,86.0,,DEN @ KC,1.0,True,False,1.2033478906517814,85.99999999999999,False,82.96066631097683
Rashee Rice,rec_yds,24.5,,-670,0.15,60.4,84.7,,DEN @ KC,19.0,False,False,35.070535830630796,84.7,False,81.80667216448902
Travis Kelce,rec_yds,14.5,,-1100,0.09,42.2,83.0,,DEN @ KC,71.0,True,False,29.030610692083012,83.0,False,80.29837204950249
Jaylen Waddle,rec_yds,19.5,,-1600,0.06,57.0,82.9,,DEN @ KC,2.0,False,False,39.464505948673974,82.9,False,80.20961863975778
J.K. Dobbins,rush_yds,25.0,,-700,0.14,55.3,82.4,,DEN @ KC,36.0,True,False,32.55554767286642,82.4,False,79.76574392315995
Patrick Mahomes,pass_yds,150.0,,-850,0.12,222.2,81.6,,DEN @ KC,184.0,True,False,80.20208386202447,81.60000000000001,False,79.05506788154915
Rashee Rice,rec,3.5,,-360,0.28,5.3,81.3,,DEN @ KC,2.0,False,False,2.024733854958489,81.3,False,78.78837898508141
Pat Bryant,rec_yds,4.5,,-1400,0.07,28.0,81.1,,DEN @ KC,42.0,True,False,26.65646243684345,81.1,False,78.61052258139983
Rashee Rice,rec_yds,29.5,,-440,0.23,60.4,81.1,,DEN @ KC,19.0,False,False,35.050412310572874,81.1,False,78.61052258139983
Courtland Sutton,rec,1.5,,-1400,0.07,3.3,81.0,,DEN @ KC,2.0,True,False,2.050356072974385,81.0,False,78.52157425989998
Bo Nix,rush_yds,5.0,,-800,0.12,24.2,80.8,,DEN @ KC,3.0,False,False,22.055026988730614,80.8,False,78.34363581821938
Patrick Mahomes,rush_yds,5.0,,-490,0.2,23.8,80.7,,DEN @ KC,27.0,True,False,21.686614956637985,80.7,False,78.25464509470343
Courtland Sutton,rec_yds,14.5,,-1000,0.1,42.8,80.3,,DEN @ KC,11.0,False,False,33.20092857930107,80.3,False,77.89853211648001
RJ Harvey,rush_yds,5.0,,-1200,0.08,25.2,80.2,,DEN @ KC,18.0,True,False,23.79867678791544,80.2,False,77.80946497152193
Evan Engram,rec_yds,4.5,,-1200,0.08,15.7,80.1,,DEN @ KC,43.0,True,False,13.251324431439611,80.1,False,77.72038173613774
Bo Nix,pass_yds,150.0,,-1100,0.09,220.4,79.6,,DEN @ KC,131.0,False,False,85.08392700329432,79.60000000000001,False,77.27471548896767
Jaylen Waddle,rec_yds,24.5,,-900,0.11,57.0,79.5,,DEN @ KC,2.0,False,False,39.446839741490635,79.5,False,77.1855305615646
Patrick Mahomes,pass_td,1.0,,-470,0.21,1.55,78.8,,DEN @ KC,2.0,True,False,0.6879291447048197,78.8,False,76.56072717117956
Travis Kelce,rec,2.5,,-440,0.23,3.9,78.8,,DEN @ KC,3.0,True,False,1.751092368339541,78.79999999999998,False,76.56072717117956
Xavier Worthy,rec_yds,9.5,,-1100,0.09,32.4,78.7,,DEN @ KC,18.0,True,False,28.76685232392522,78.7,False,76.47139442954011
Travis Kelce,rec_yds,19.5,,-600,0.17,42.2,78.3,,DEN @ KC,71.0,True,False,29.014584262830635,78.3,False,76.11386824895393
J.K. Dobbins,rush_yds,30.0,,-440,0.23,55.3,78.2,,DEN @ KC,36.0,True,False,32.47897103280947,78.2,False,76.02443704587574
Jaylen Waddle,rec,2.5,,-800,0.12,4.2,76.4,,DEN @ KC,1.0,False,False,2.3636430638138957,76.4,False,74.4110872142479
Noah Gray,rec_yds,4.5,,-235,0.43,16.3,76.1,,DEN @ KC,5.0,True,False,16.630892071134415,76.1,False,74.14150653400944
Courtland Sutton,rec_yds,19.5,,-550,0.18,42.8,75.9,,DEN @ KC,11.0,False,False,33.13945282159856,75.9,False,73.96167285205459
Kenneth Walker III,rush_yds,30.0,,-1400,0.07,60.3,75.9,,DEN @ KC,173.0,True,False,43.09551160920328,75.9,False,73.96167285205459
Jaylen Waddle,rec_yds,29.5,,-600,0.17,57.0,75.7,,DEN @ KC,2.0,False,False,39.472650155724885,75.69999999999999,False,73.78174783579436
Pat Bryant,rec_yds,9.5,,-500,0.2,28.0,75.6,,DEN @ KC,42.0,True,False,26.67653568581295,75.6,False,73.69175089086183
Xavier Worthy,rec,1.5,,-700,0.14,2.7,75.5,,DEN @ KC,3.0,True,False,1.738352398804641,75.49999999999999,False,73.60173089442122
Cyrus Allen,rec,0.5,,-360,0.28,0.9,75.5,,DEN @ KC,0.0,False,False,0.579450799601547,75.49999999999999,False,73.60173089442122
RJ Harvey,rec_yds,4.5,,-650,0.15,16.5,74.8,,DEN @ KC,23.0,True,False,17.958445063433842,74.8,False,72.97094022271644
Bo Nix,pass_td,1.0,,-440,0.23,1.35,74.1,,DEN @ KC,1.0,True,False,0.541434081267416,74.1,False,72.33899810860937
Bo Nix,rush_yds,10.0,,-310,0.32,24.2,74.0,,DEN @ KC,3.0,False,False,22.072124679786107,74.0,False,72.24862583245397
RJ Harvey,rush_yds,10.0,,-360,0.28,25.2,73.9,,DEN @ KC,18.0,True,False,23.740151204850733,73.9,False,72.15822975209178
Patrick Mahomes,rush_yds,10.0,,-205,0.49,23.8,73.8,,DEN @ KC,27.0,True,False,21.65753344271464,73.8,False,72.06780984116448
Xavier Worthy,rec_yds,14.5,,-580,0.17,32.4,73.3,,DEN @ KC,18.0,True,False,28.782225845601644,73.3,False,71.61535206073901
Tyquan Thornton,rec,0.5,,-400,0.25,1.0,73.3,,DEN @ KC,0.0,False,False,0.8039727889832863,73.3,False,71.61535206073901
Travis Kelce,rec_yds,24.5,,-400,0.25,42.2,72.9,,DEN @ KC,71.0,True,False,29.026319555321002,72.9,False,71.2529550046338
Rashee Rice,rec_yds,39.5,,-225,0.44,60.4,72.4,,DEN @ KC,19.0,False,False,35.1398791850417,72.4,False,70.79941927515499
Patrick Mahomes,pass_yds,175.0,,-400,0.25,222.2,72.2,,DEN @ KC,184.0,True,False,80.16396766330422,72.2,False,70.61783715715615
Courtland Sutton,rec_yds,24.5,,-350,0.29,42.8,71.0,,DEN @ KC,11.0,False,False,33.069218128562625,71.0,False,69.52633595422878
Tyquan Thornton,rec_yds,4.5,,-340,0.29,12.0,70.5,,DEN @ KC,0.0,False,False,13.918891051372869,70.5,False,69.0705330971815
Bo Nix,pass_yds,175.0,,-470,0.21,220.4,70.3,,DEN @ KC,131.0,False,False,85.17048462080649,70.30000000000001,False,68.88804677087884
Pat Bryant,rec_yds,14.5,,-300,0.33,28.0,69.4,,DEN @ KC,42.0,True,False,26.61563506576814,69.4,False,68.065700629091
Kenneth Walker III,rec_yds,4.5,,-900,0.11,13.7,69.1,,DEN @ KC,18.0,True,False,18.448450644126186,69.10000000000001,False,67.79116814414905
RJ Harvey,rec,1.5,,-310,0.32,2.9,68.4,,DEN @ KC,4.0,True,False,2.9232822119731563,68.40000000000002,False,67.149793042208
Patrick Mahomes,rush_yds,13.5,,-113,0.88,23.8,68.3,,DEN @ KC,27.0,True,False,21.63391038711414,68.3,False,67.0580775463315
Cyrus Allen,rec_yds,4.5,,-240,0.42,9.0,68.2,,DEN @ KC,0.0,False,False,9.507735405615051,68.2,False,66.96633961829781
J.K. Dobbins,rush_yds,40.0,,-215,0.47,55.3,68.1,,DEN @ KC,36.0,False,False,32.5188068015163,68.1,False,66.87457932371368
Kenneth Walker III,rush_yds,40.0,,-500,0.2,60.3,68.1,,DEN @ KC,173.0,True,False,43.14586784776346,68.1,False,66.87457932371368
Evan Engram,rec_yds,9.5,,-440,0.23,15.7,68.0,,DEN @ KC,43.0,True,False,13.256394952773935,68.0,False,66.78279672931095
Pat Bryant,rec,1.5,,-330,0.3,2.2,67.4,,DEN @ KC,4.0,True,False,1.5521563351394878,67.40000000000002,False,66.23163674229203
Xavier Worthy,rec_yds,19.5,,-350,0.29,32.4,67.3,,DEN @ KC,18.0,False,False,28.781005192622846,67.3,False,66.1397000095458
Jaylen Waddle,rec_yds,39.5,,-300,0.33,57.0,67.2,,DEN @ KC,2.0,False,False,39.286776077313256,67.2,False,66.04774154985934
Travis Kelce,rec_yds,29.5,,-270,0.37,42.2,66.9,,DEN @ KC,71.0,True,False,29.05157752941511,66.9,False,65.7717365772793
RJ Harvey,rush_yds,15.0,,-182,0.55,25.2,66.6,,DEN @ KC,18.0,True,False,23.782072055265452,66.6,False,65.4955388691838
Bo Nix,rush_yds,15.0,,-148,0.68,24.2,66.2,,DEN @ KC,3.0,False,False,22.013378447158242,66.2,False,65.1269792489737
Noah Gray,rec_yds,9.5,,-114,0.88,16.3,65.9,,DEN @ KC,5.0,False,False,16.596073141305688,65.9,False,64.85034048448186
Patrick Mahomes,rush_yds,15.0,,100,1.0,23.8,65.8,,DEN @ KC,27.0,True,False,21.621043842282933,65.8,False,64.75808630334181
Courtland Sutton,rec_yds,29.5,,-250,0.4,42.8,65.6,,DEN @ KC,11.0,False,False,33.11994661146656,65.6,False,64.57351658689974
Rashee Rice,rec,4.5,,-172,0.58,5.3,65.2,,DEN @ KC,2.0,False,False,2.047472177020641,65.2,False,64.20413429544001
RJ Harvey,rec_yds,9.5,,-260,0.38,16.5,65.2,,DEN @ KC,23.0,True,False,17.915381548930615,65.2,False,64.20413429544001
Courtland Sutton,rec,2.5,,-340,0.29,3.3,64.8,,DEN @ KC,2.0,False,False,2.1056706215548284,64.8,False,63.834433186978124
Bo Nix,rush_yds,16.5,,-113,0.88,24.2,63.7,,DEN @ KC,3.0,False,False,21.971666389053038,63.7,False,62.81616234195846
Pat Bryant,rec_yds,19.5,,-198,0.51,28.0,62.5,,DEN @ KC,42.0,True,False,26.675925705620998,62.5,False,61.70278567821441
Rashee Rice,rec_yds,49.5,,-130,0.77,60.4,62.2,,DEN @ KC,19.0,False,False,35.077811299996206,62.2,False,61.42404926315888
Jaylen Waddle,rec,3.5,,-290,0.34,4.2,61.8,,DEN @ KC,1.0,False,False,2.3315282689603865,61.8,False,61.0521666990097
Kenneth Walker III,rec,1.5,,-490,0.2,2.3,61.6,,DEN @ KC,3.0,True,False,2.711938059132139,61.6,False,60.866127223629164
RJ Harvey,rush_yds,18.5,,-113,0.88,25.2,61.1,,DEN @ KC,18.0,False,False,23.765073697846933,61.1,False,60.400749738147475
Patrick Mahomes,pass_yds,200.0,,-210,0.48,222.2,60.9,,DEN @ KC,184.0,False,False,80.2273435519916,60.9,False,60.214489748947805
Xavier Worthy,rec_yds,24.5,,-245,0.41,32.4,60.8,,DEN @ KC,18.0,False,False,28.82053429573916,60.8,False,60.12133688417358
Bo Nix,pass_yds,200.0,,-240,0.42,220.4,59.5,,DEN @ KC,131.0,False,False,84.84938133810174,59.5,False,58.90902238865764
Kenneth Walker III,rush_yds,50.0,,-260,0.38,60.3,59.4,,DEN @ KC,173.0,True,False,43.30520540514249,59.4,False,58.81566974172587
Kenneth Walker III,rec_yds,9.5,,-360,0.28,13.7,59.0,,DEN @ KC,18.0,True,False,18.45788934564627,59.0,False,58.44212728969222
RJ Harvey,rush_yds,20.0,,-102,0.98,25.2,58.7,,DEN @ KC,18.0,False,False,23.654151148910916,58.70000000000001,False,58.16183564152575
Noah Gray,rec,1.5,,122,1.22,1.8,58.6,,DEN @ KC,1.0,False,False,1.3807873089443012,58.599999999999994,False,58.06838011385167
Travis Kelce,rec,3.5,,-174,0.57,3.9,58.5,,DEN @ KC,3.0,False,False,1.8630511352238934,58.5,False,57.97491231710941
Bo Nix,rush_yds,20.0,,122,1.22,24.2,57.6,,DEN @ KC,3.0,False,False,21.912559239463885,57.60000000000001,False,57.13317203609722
Jaylen Waddle,rec_yds,49.5,,-178,0.56,57.0,57.6,,DEN @ KC,2.0,False,False,39.12957007047123,57.60000000000001,False,57.13317203609722
Evan Engram,rec,1.5,,-420,0.24,1.7,57.3,,DEN @ KC,4.0,True,False,1.0868552128814977,57.3,False,56.85239039202696
Tyquan Thornton,rec_yds,9.5,,-235,0.43,12.0,57.1,,DEN @ KC,0.0,False,False,13.972673676751711,57.10000000000001,False,56.665149811252434
J.K. Dobbins,rush_yds,49.5,,-113,0.88,55.3,57.1,,DEN @ KC,36.0,False,False,32.41660293006395,57.10000000000001,False,56.665149811252434
Patrick Mahomes,rush_yds,20.0,,174,1.74,23.8,57.0,,DEN @ KC,27.0,True,False,21.54510556986262,56.99999999999999,False,56.57151408633755
J.K. Dobbins,rush_yds,50.0,,-114,0.88,55.3,56.5,,DEN @ KC,36.0,False,False,32.384510708780695,56.49999999999999,False,56.1031866277071
Pat Bryant,rec_yds,24.5,,-132,0.76,28.0,55.2,,DEN @ KC,42.0,True,False,26.77561165894121,55.2,False,54.88447749429453
RJ Harvey,rec,2.5,,-106,0.94,2.9,55.1,,DEN @ KC,4.0,True,False,3.1204108483695343,55.1,False,54.79067358297931
RJ Harvey,rec_yds,14.5,,-140,0.71,16.5,54.4,,DEN @ KC,23.0,True,False,18.096893808673368,54.400000000000006,False,54.13384581597054
Noah Gray,rec_yds,14.5,,154,1.54,16.3,54.3,,DEN @ KC,5.0,False,False,16.66750476295179,54.29999999999999,False,54.0399863686685
Courtland Sutton,rec_yds,39.5,,-136,0.74,42.8,54.0,,DEN @ KC,11.0,False,False,32.85749032490662,54.0,False,53.758370824357904
Xavier Worthy,rec_yds,29.5,,-172,0.58,32.4,54.0,,DEN @ KC,18.0,False,False,28.87476422491795,54.0,False,53.758370824357904
Xavier Worthy,rec,2.5,,-220,0.45,2.7,53.8,,DEN @ KC,3.0,True,False,2.0965158525134817,53.79999999999999,False,53.57059756877349
Travis Kelce,rec_yds,39.5,,-138,0.72,42.2,53.7,,DEN @ KC,71.0,True,False,29.070202876048675,53.7,False,53.47670250680822
Evan Engram,rec_yds,14.5,,-245,0.41,15.7,53.6,,DEN @ KC,43.0,True,False,13.28000127181955,53.6,False,53.38280201515311
Rashee Rice,rec_yds,59.5,,130,1.3,60.4,51.0,,DEN @ KC,19.0,False,False,35.901044860510126,51.0,False,50.93996099750733
Kenneth Walker III,rush_yds,60.0,,-152,0.66,60.3,50.3,,DEN @ KC,173.0,True,False,39.89385204200356,50.3,False,50.281995016467306
RJ Harvey,rush_yds,25.0,,154,1.54,25.2,50.3,,DEN @ KC,18.0,False,False,26.595901361335862,50.3,False,50.281995016467306
Patrick Mahomes,pass_yds,223.5,,-113,0.88,222.2,49.4,,DEN @ KC,184.0,False,False,86.43423533507868,49.4,False,49.43601395344588
Patrick Mahomes,pass_yds,225.0,,-112,0.89,222.2,48.6,,DEN @ KC,184.0,False,False,79.77207574322925,48.6,False,48.68408766459439
Bo Nix,rush_yds,25.0,,198,1.98,24.2,48.6,,DEN @ KC,3.0,False,False,22.792021640922574,48.6,False,48.68408766459439
Kenneth Walker III,rec_yds,14.5,,-210,0.48,13.7,48.3,,DEN @ KC,18.0,True,False,18.76807078845009,48.3,False,48.402145331113466
Cyrus Allen,rec_yds,9.5,,-128,0.78,9.0,47.9,,DEN @ KC,0.0,False,False,9.494236893889378,47.9,False,48.02625800121736
Patrick Mahomes,rush_yds,25.0,,280,2.8,23.8,47.8,,DEN @ KC,27.0,True,False,21.749452702057482,47.8,False,47.93229353809756
Pat Bryant,rec_yds,29.5,,108,1.08,28.0,47.8,,DEN @ KC,42.0,True,False,27.18681587757187,47.8,False,47.93229353809756
Bo Nix,pass_yds,225.0,,-125,0.8,220.4,47.8,,DEN @ KC,131.0,False,False,83.37290202455362,47.8,False,47.93229353809756
Jaylen Waddle,rec_yds,59.5,,-110,0.91,57.0,47.5,,DEN @ KC,2.0,False,False,39.86809850545911,47.5,False,47.65042018329688
Kenneth Walker III,rec,2.5,,-166,0.6,2.3,47.4,,DEN @ KC,3.0,True,False,3.0666126670532194,47.4,False,47.556469565078594
Bo Nix,pass_yds,227.5,,-113,0.88,220.4,46.7,,DEN @ KC,131.0,False,False,85.7350291767193,46.70000000000001,False,46.898930587180864
Kenneth Walker III,rush_yds,64.5,,-113,0.88,60.3,46.1,,DEN @ KC,173.0,True,False,42.89446357407107,46.10000000000001,False,46.33551294380833
Patrick Mahomes,pass_td,2.0,,122,1.22,1.55,45.9,,DEN @ KC,2.0,True,False,4.370911923806963,45.9,False,46.14775127127619
Patrick Mahomes,pass_td,1.5,,122,1.22,1.55,45.9,,DEN @ KC,2.0,True,False,,,,
Rashee Rice,rec,5.5,,118,1.18,5.3,45.6,,DEN @ KC,2.0,False,False,1.8096893808673384,45.599999999999994,False,45.86615418402946
Emmett Johnson,rush_yds,5.0,,-500,0.2,4.0,45.3,,DEN @ KC,24.0,True,False,8.468448170130738,45.3,False,45.584615058827936
Jaylen Waddle,rec,4.5,,-130,0.77,4.2,45.3,,DEN @ KC,1.0,False,False,2.54053445103922,45.3,False,45.584615058827936
Courtland Sutton,rec,3.5,,-136,0.74,3.3,45.2,,DEN @ KC,2.0,False,False,1.6582381995347097,45.199999999999996,False,45.49078223439681
J.K. Dobbins,rush_yds,60.0,,146,1.46,55.3,44.3,,DEN @ KC,36.0,False,False,32.78289790839237,44.3,False,44.646619558197564
RJ Harvey,rec_yds,19.5,,116,1.16,16.5,43.4,,DEN @ KC,23.0,True,False,18.05060231806387,43.39999999999999,False,43.803128496972654
Pat Bryant,rec,2.5,,-110,0.91,2.2,43.0,,DEN @ KC,4.0,True,False,1.7009293870944135,42.99999999999999,False,43.42848591366244
Tyquan Thornton,rec_yds,14.5,,-160,0.62,12.0,42.9,,DEN @ KC,0.0,False,False,13.972673676751736,42.900000000000006,False,43.33485018874757
Noah Gray,rec_yds,19.5,,230,2.3,16.3,42.4,,DEN @ KC,5.0,False,False,16.69528323006772,42.39999999999999,False,42.86682796390278
RJ Harvey,rush_yds,30.0,,225,2.25,25.2,42.0,,DEN @ KC,18.0,False,False,23.774913486074027,41.99999999999999,False,42.492606048835114
Courtland Sutton,rec_yds,49.5,,128,1.28,42.8,42.0,,DEN @ KC,11.0,False,False,33.18581674097834,41.99999999999999,False,42.492606048835114
RJ Harvey,rec,3.5,,220,2.2,2.9,41.3,,DEN @ KC,4.0,True,False,2.729325132566648,41.300000000000004,False,41.83816435847425
Kenneth Walker III,rush_yds,70.0,,112,1.12,60.3,41.1,,DEN @ KC,173.0,True,False,43.11621639425253,41.1,False,41.65129063888679
Xavier Worthy,rec_yds,39.5,,110,1.1,32.4,40.2,,DEN @ KC,18.0,False,False,28.60899229812696,40.2,False,40.81100085606799
Travis Kelce,rec_yds,49.5,,130,1.3,42.2,40.1,,DEN @ KC,71.0,True,False,29.11155073836421,40.1,False,40.717702760289384
Rashee Rice,rec_yds,69.5,,198,1.98,60.4,39.8,,DEN @ KC,19.0,False,False,35.19938048496943,39.79999999999999,False,40.4378927241912
Bo Nix,rush_yds,30.0,,300,3.0,24.2,39.6,,DEN @ KC,3.0,False,False,21.99349007530405,39.6,False,40.25142417331485
Bo Nix,pass_td,1.5,,132,1.32,1.35,39.1,,DEN @ KC,1.0,False,False,0.5420766456215648,39.1,False,39.785510251052195
Bo Nix,pass_td,2.0,,132,1.32,1.35,39.1,,DEN @ KC,1.0,False,False,2.3489987976934485,39.1,False,39.785510251052195
Patrick Mahomes,rush_yds,30.0,,430,4.3,23.8,38.7,,DEN @ KC,27.0,False,False,21.59175126426528,38.7,False,39.413052072171695
Evan Engram,rec_yds,19.5,,-152,0.66,15.7,38.7,,DEN @ KC,43.0,True,False,13.233654000678724,38.7,False,39.413052072171695
Kenneth Walker III,rec_yds,19.5,,-125,0.8,13.7,37.7,,DEN @ KC,18.0,False,False,18.508505553888995,37.7,False,38.48302169093266
Jaylen Waddle,rec_yds,69.5,,140,1.4,57.0,37.5,,DEN @ KC,2.0,False,False,39.22930250826617,37.5,False,38.29721432178559
Patrick Mahomes,pass_yds,250.0,,164,1.64,222.2,36.4,,DEN @ KC,184.0,False,False,79.93393563073191,36.4,False,37.2765203240354
Bo Nix,pass_yds,250.0,,148,1.48,220.4,36.4,,DEN @ KC,131.0,False,False,85.10951419675047,36.4,False,37.2765203240354
Travis Kelce,rec,4.5,,124,1.24,3.9,35.7,,DEN @ KC,3.0,False,False,1.6371556004607717,35.699999999999996,False,36.62813211108418
Kenneth Walker III,rec,3.5,,146,1.46,2.3,33.6,,DEN @ KC,3.0,False,False,2.8341677277817903,33.60000000000001,False,34.68869893171074
Pat Bryant,rec_yds,39.5,,194,1.94,28.0,33.3,,DEN @ KC,42.0,True,False,26.64231084471979,33.3,False,34.412373946835714
RJ Harvey,rec_yds,24.5,,178,1.78,16.5,32.8,,DEN @ KC,23.0,False,False,17.95966906391463,32.8,False,33.95225845014066
J.K. Dobbins,rush_yds,70.0,,225,2.25,55.3,32.6,,DEN @ KC,36.0,False,False,32.59528303792926,32.60000000000001,False,33.76836325770799
Kenneth Walker III,rush_yds,80.0,,174,1.74,60.3,32.4,,DEN @ KC,173.0,True,False,43.15042961468165,32.400000000000006,False,33.584555273177564
Noah Gray,rec_yds,24.5,,350,3.5,16.3,31.1,,DEN @ KC,5.0,False,False,16.6322590362673,31.099999999999994,False,32.39196817664749
Xavier Worthy,rec,3.5,,116,1.16,2.7,30.8,,DEN @ KC,3.0,False,False,1.5951272086643433,30.800000000000004,False,32.11729803981602
Courtland Sutton,rec_yds,59.5,,200,2.0,42.8,30.7,,DEN @ KC,11.0,False,False,33.11048284927361,30.699999999999996,False,32.02578719362532
Jaylen Waddle,rec,5.5,,154,1.54,4.2,29.6,,DEN @ KC,1.0,False,False,2.4256445411103122,29.600000000000005,False,31.020698302992677
Tyquan Thornton,rec_yds,19.5,,-114,0.88,12.0,29.5,,DEN @ KC,0.0,False,False,13.918891051372862,29.499999999999993,False,30.929466902818493
Rashee Rice,rec_yds,79.5,,300,3.0,60.4,29.3,,DEN @ KC,19.0,False,False,35.068929876496156,29.299999999999994,False,30.747074828143873
RJ Harvey,rec,4.5,,430,4.3,2.9,28.4,,DEN @ KC,4.0,False,False,2.8021041618078657,28.400000000000002,False,29.927483816447054
Jaylen Waddle,rec_yds,79.5,,200,2.0,57.0,28.4,,DEN @ KC,2.0,False,False,39.404589775423105,28.400000000000002,False,29.927483816447054
Cyrus Allen,rec_yds,14.5,,130,1.3,9.0,28.1,,DEN @ KC,0.0,False,False,9.484829053758851,28.1,False,29.65471567882506
Kenneth Walker III,rec_yds,24.5,,122,1.22,13.7,27.9,,DEN @ KC,18.0,False,False,18.435861696527088,27.89999999999999,False,29.472989843480146
Xavier Worthy,rec_yds,49.5,,182,1.82,32.4,27.6,,DEN @ KC,18.0,False,False,28.750810242306862,27.6,False,29.200580724845025
Travis Kelce,rec_yds,59.5,,205,2.05,42.2,27.5,,DEN @ KC,71.0,True,False,28.941375053796435,27.500000000000004,False,29.109825621746367
Tyquan Thornton,rec,1.5,,124,1.24,1.0,27.5,,DEN @ KC,0.0,False,False,0.8364559264103018,27.500000000000004,False,29.109825621746367
Rashee Rice,rec,6.5,,220,2.2,5.3,27.1,,DEN @ KC,2.0,False,False,1.9678860715471878,27.1,False,28.74704499536621
Courtland Sutton,rec,4.5,,164,1.64,3.3,26.8,,DEN @ KC,2.0,False,False,1.9390083609656106,26.8,False,28.475211263647115
RJ Harvey,rush_yds,40.0,,450,4.5,25.2,26.7,,DEN @ KC,18.0,False,False,23.797594553905274,26.700000000000003,False,28.384647939260987
Bo Nix,pass_yds,275.0,,265,2.65,220.4,26.1,,DEN @ KC,131.0,False,False,85.27712209110861,26.1,False,27.841770247908215
Noah Gray,rec,2.5,,360,3.6,1.8,25.8,,DEN @ KC,1.0,False,False,1.077712964515261,25.8,False,27.570653390812716
Patrick Mahomes,pass_yds,275.0,,280,2.8,222.2,25.5,,DEN @ KC,184.0,False,False,80.14113427651479,25.50000000000001,False,27.299750221541707
Evan Engram,rec_yds,24.5,,102,1.02,15.7,25.3,,DEN @ KC,43.0,True,False,13.23151191388378,25.3,False,27.119266356700813
Kenneth Walker III,rush_yds,90.0,,255,2.55,60.3,24.5,,DEN @ KC,173.0,True,False,43.02422187041486,24.50000000000001,False,26.398269105578777
Emmett Johnson,rush_yds,10.0,,-215,0.47,4.0,23.9,,DEN @ KC,24.0,True,False,8.456385798881902,23.9,False,25.858493465990563
Bo Nix,rush_yds,40.0,,640,6.4,24.2,23.7,,DEN @ KC,3.0,False,False,22.067470913225257,23.7,False,25.67875048023631
RJ Harvey,rec_yds,29.5,,240,2.4,16.5,23.4,,DEN @ KC,23.0,False,False,17.912824574586256,23.4,False,25.40930454094765
Patrick Mahomes,rush_yds,40.0,,880,8.8,23.8,22.7,,DEN @ KC,27.0,False,False,21.635681374899406,22.7,False,24.781370169790396
J.K. Dobbins,rush_yds,80.0,,350,3.5,55.3,22.4,,DEN @ KC,36.0,False,False,32.55338993656287,22.4,False,24.512579468142913
Kenneth Walker III,rec,4.5,,290,2.9,2.3,21.7,,DEN @ KC,3.0,False,False,2.811986140010016,21.699999999999985,False,23.886131751046058
Noah Gray,rec_yds,29.5,,520,5.2,16.3,21.4,,DEN @ KC,5.0,False,False,16.65365667653534,21.4,False,23.617957658194612
Pat Bryant,rec,3.5,,230,2.3,2.2,21.2,,DEN @ KC,4.0,True,False,1.6260143420295727,21.199999999999996,False,23.439272828820435
Pat Bryant,rec_yds,49.5,,320,3.2,28.0,21.0,,DEN @ KC,42.0,False,False,26.6610038853722,20.999999999999996,False,23.260664650812068
Courtland Sutton,rec_yds,69.5,,300,3.0,42.8,21.0,,DEN @ KC,11.0,False,False,33.10924668555525,20.999999999999996,False,23.260664650812068
Jaylen Waddle,rec_yds,89.5,,290,2.9,57.0,20.5,,DEN @ KC,2.0,False,False,39.446839741490635,20.500000000000007,False,22.814469438435392
Patrick Mahomes,pass_td,3.0,,490,4.9,1.55,20.4,,DEN @ KC,2.0,False,False,1.7524388374258058,20.399999999999995,False,22.725284511032328
Rashee Rice,rec_yds,89.5,,430,4.3,60.4,20.4,,DEN @ KC,19.0,False,False,35.16963459937307,20.399999999999995,False,22.725284511032328
Kenneth Walker III,rec_yds,29.5,,178,1.78,13.7,19.6,,DEN @ KC,18.0,False,False,18.458030490535606,19.599999999999994,False,22.01241656839149
Tyquan Thornton,rec_yds,24.5,,118,1.18,12.0,18.4,,DEN @ KC,0.0,False,False,13.885402330682902,18.399999999999995,False,20.944932118450833
Evan Engram,rec,2.5,,-140,0.71,1.7,18.4,,DEN @ KC,4.0,True,False,0.8886657491637058,18.399999999999995,False,20.944932118450833
Cyrus Allen,rec,1.5,,118,1.18,0.9,18.0,,DEN @ KC,0.0,False,False,0.655476167890545,17.999999999999993,False,20.58951111641567
Kenneth Walker III,rush_yds,100.0,,370,3.7,60.3,17.9,,DEN @ KC,173.0,True,False,43.19054142554014,17.900000000000006,False,20.500682762156654
RJ Harvey,rec,5.5,,880,8.8,2.9,17.9,,DEN @ KC,4.0,False,False,2.8285996903376414,17.900000000000006,False,20.500682762156654
Bo Nix,pass_yds,300.0,,450,4.5,220.4,17.5,,DEN @ KC,131.0,False,False,85.17110217320221,17.500000000000004,False,20.14546529110205
Travis Kelce,rec_yds,69.5,,320,3.2,42.2,17.3,,DEN @ KC,71.0,True,False,28.9693183664101,17.300000000000004,False,19.967908360956443
Xavier Worthy,rec_yds,59.5,,290,2.9,32.4,17.3,,DEN @ KC,18.0,False,False,28.757088927828345,17.300000000000004,False,19.967908360956443
Travis Kelce,rec,5.5,,240,2.4,3.9,17.1,,DEN @ KC,3.0,False,False,1.6838189204767573,17.100000000000005,False,19.790381360242225
Jaylen Waddle,rec,6.5,,290,2.9,4.2,17.0,,DEN @ KC,1.0,False,False,2.4104839202812607,17.000000000000004,False,19.701627950497514
Patrick Mahomes,pass_yds,300.0,,490,4.9,222.2,16.6,,DEN @ KC,184.0,False,False,80.19847356366613,16.600000000000005,False,19.346670485724093
Bo Nix,pass_td,3.0,,490,4.9,1.35,15.5,,DEN @ KC,1.0,False,False,1.6252602347207659,15.500000000000004,False,18.370770153517803
RJ Harvey,rush_yds,50.0,,800,8.0,25.2,14.9,,DEN @ KC,18.0,False,False,23.82938422707144,14.900000000000002,False,17.838393799479803
Evan Engram,rec_yds,29.5,,154,1.54,15.7,14.9,,DEN @ KC,43.0,True,False,13.259899287644592,14.900000000000002,False,17.838393799479803
J.K. Dobbins,rush_yds,90.0,,520,5.2,55.3,14.3,,DEN @ KC,36.0,False,False,32.522988179435316,14.300000000000024,False,17.3057814402495
Jaylen Waddle,rec_yds,99.5,,400,4.0,57.0,14.0,,DEN @ KC,2.0,False,False,39.34021950207747,14.000000000000012,False,17.039333689023174
Xavier Worthy,rec,4.5,,240,2.4,2.7,13.6,,DEN @ KC,3.0,False,False,1.6386451960476802,13.600000000000001,False,16.683870247479437
Rashee Rice,rec,7.5,,390,3.9,5.3,13.4,,DEN @ KC,2.0,False,False,1.9861330140313198,13.400000000000013,False,16.50603582714325
Cyrus Allen,rec_yds,19.5,,194,1.94,9.0,13.4,,DEN @ KC,0.0,False,False,9.4792712033313,13.400000000000013,False,16.50603582714325
Courtland Sutton,rec_yds,79.5,,430,4.3,42.8,13.4,,DEN @ KC,11.0,False,False,33.132309824977014,13.400000000000013,False,16.50603582714325
Rashee Rice,rec_yds,99.5,,640,6.4,60.4,13.3,,DEN @ KC,19.0,False,False,35.15171168265105,13.3,False,16.417089427690932
Courtland Sutton,rec,5.5,,320,3.2,3.3,13.2,,DEN @ KC,2.0,False,False,1.969584727458845,13.199999999999989,False,16.328122167625903
Kenneth Walker III,rec,5.5,,580,5.8,2.3,12.7,,DEN @ KC,3.0,False,False,2.805325793769704,12.700000000000012,False,15.882934206042364
Kenneth Walker III,rush_yds,110.0,,550,5.5,60.3,12.5,,DEN @ KC,173.0,True,False,43.204265458686,12.5,False,15.704673126306224
Bo Nix,rush_yds,50.0,,1200,12.0,24.2,12.1,,DEN @ KC,3.0,False,False,22.05123667661294,12.1,False,15.347777150283326
Pat Bryant,rec_yds,59.5,,520,5.2,28.0,11.9,,DEN @ KC,42.0,False,False,26.69490303005913,11.899999999999999,False,15.169120586991024
Patrick Mahomes,rush_yds,50.0,,1500,15.0,23.8,11.3,,DEN @ KC,27.0,False,False,21.639888369884094,11.299999999999999,False,14.632174904733475
Bo Nix,pass_yds,325.0,,750,7.5,220.4,11.0,,DEN @ KC,131.0,False,False,85.28137128798792,10.999999999999988,False,14.363072842038083
Emmett Johnson,rush_yds,14.5,,-113,0.88,4.0,10.7,,DEN @ KC,24.0,True,False,8.449742494513448,10.7,False,14.093487506543035
Tyquan Thornton,rec_yds,29.5,,154,1.54,12.0,10.4,,DEN @ KC,0.0,False,False,13.898993452417786,10.399999999999988,False,13.823366169861895
Patrick Mahomes,pass_yds,325.0,,800,8.0,222.2,10.0,,DEN @ KC,184.0,False,False,80.21526621624058,10.000000000000009,False,13.462271169207597
RJ Harvey,rec_yds,39.5,,490,4.9,16.5,10.0,,DEN @ KC,23.0,False,False,17.94699535966472,10.000000000000009,False,13.462271169207597
Travis Kelce,rec_yds,79.5,,490,4.9,42.2,9.9,,DEN @ KC,71.0,False,False,28.976037415121304,9.899999999999999,False,13.371815462328662
Xavier Worthy,rec_yds,69.5,,430,4.3,32.4,9.8,,DEN @ KC,18.0,False,False,28.692252538587933,9.800000000000008,False,13.281282084553736
Emmett Johnson,rush_yds,15.0,,-114,0.88,4.0,9.6,,DEN @ KC,24.0,True,False,8.431151390625134,9.599999999999998,False,13.099971972279867
Jaylen Waddle,rec_yds,109.5,,580,5.8,57.0,9.1,,DEN @ KC,2.0,False,False,39.336972357778016,9.099999999999998,False,12.645148222751946
Jaylen Waddle,rec,7.5,,520,5.2,4.2,8.5,,DEN @ KC,1.0,False,False,2.4048905697237157,8.499999999999996,False,12.096000815983288
J.K. Dobbins,rush_yds,100.0,,750,7.5,55.3,8.5,,DEN @ KC,36.0,False,False,32.57533589898488,8.499999999999996,False,12.096000815983288
Noah Gray,rec_yds,39.5,,920,9.2,16.3,8.2,,DEN @ KC,5.0,False,False,16.669735006872525,8.199999999999996,False,11.819834254950724
Rashee Rice,rec_yds,109.5,,880,8.8,60.4,8.1,,DEN @ KC,19.0,False,False,35.112143087745714,8.099999999999996,False,11.727516714163134
Kenneth Walker III,rec_yds,39.5,,320,3.2,13.7,8.1,,DEN @ KC,18.0,False,False,18.449965207002837,8.099999999999996,False,11.727516714163123
Courtland Sutton,rec_yds,89.5,,640,6.4,42.8,7.9,,DEN @ KC,11.0,False,False,33.077635010204155,7.899999999999996,False,11.54246276350419
Pat Bryant,rec,4.5,,520,5.2,2.2,7.7,,DEN @ KC,4.0,False,False,1.6134191159120241,7.699999999999996,False,11.356819602308754
RJ Harvey,rush_yds,60.0,,1200,12.0,25.2,7.2,,DEN @ KC,18.0,False,False,23.818384502991506,7.200000000000006,False,10.889869694320275
Patrick Mahomes,pass_td,4.0,,1500,15.0,1.55,7.2,,DEN @ KC,2.0,False,False,1.6768690239175057,7.200000000000006,False,10.889869694320275
Kenneth Walker III,rush_yds,125.0,,880,8.8,60.3,6.7,,DEN @ KC,173.0,True,False,43.17613331963426,6.699999999999983,False,10.418287731097331
Kenneth Walker III,rec,6.5,,920,9.2,2.3,6.6,,DEN @ KC,3.0,False,False,2.7883600406834184,6.600000000000006,False,10.323344414616864
Noah Gray,rec,3.5,,880,8.8,1.8,6.5,,DEN @ KC,1.0,False,False,1.1227778090106044,6.499999999999995,False,10.228175206647306
Bo Nix,pass_yds,350.0,,1200,12.0,220.4,6.4,,DEN @ KC,131.0,False,False,85.14908938843236,6.400000000000006,False,10.132772255304856
Travis Kelce,rec,6.5,,450,4.5,3.9,6.3,,DEN @ KC,3.0,False,False,1.6992713394865995,6.2999999999999945,False,10.037127377022392
Pat Bryant,rec_yds,69.5,,750,7.5,28.0,6.0,,DEN @ KC,42.0,False,False,26.691989202942942,6.000000000000005,False,9.7486539561341
Patrick Mahomes,pass_yds,350.0,,1280,12.8,222.2,5.5,,DEN @ KC,184.0,False,False,79.96530382189722,5.499999999999994,False,9.262150844477068
Rashee Rice,rec,8.5,,640,6.4,5.3,5.4,,DEN @ KC,2.0,False,False,1.9909809906278388,5.400000000000005,False,9.163894853404852
Courtland Sutton,rec,6.5,,630,6.3,3.3,5.3,,DEN @ KC,2.0,False,False,1.9796634480530981,5.300000000000004,False,9.065291798621688
Travis Kelce,rec_yds,89.5,,750,7.5,42.2,5.1,,DEN @ KC,71.0,False,False,28.92552353661633,5.100000000000005,False,8.866989817879167
Cyrus Allen,rec_yds,24.5,,270,2.7,9.0,5.1,,DEN @ KC,0.0,False,False,9.478765640963069,5.100000000000005,False,8.866989817879167
Xavier Worthy,rec_yds,79.5,,640,6.4,32.4,5.1,,DEN @ KC,18.0,False,False,28.80321688318455,5.100000000000005,False,8.866989817879167
Bo Nix,pass_td,4.0,,1500,15.0,1.35,4.8,,DEN @ KC,1.0,False,False,1.5920095670554948,4.800000000000004,False,8.566572778813297
J.K. Dobbins,rush_yds,110.0,,920,9.2,55.3,4.6,,DEN @ KC,36.0,False,False,32.46404920754946,4.5999999999999925,False,8.3641246228927
Xavier Worthy,rec,5.5,,490,4.9,2.7,4.5,,DEN @ KC,3.0,False,False,1.651529893567309,4.5000000000000036,False,8.262193858494992
Courtland Sutton,rec_yds,99.5,,880,8.8,42.8,4.4,,DEN @ KC,11.0,False,False,33.23479350138146,4.400000000000004,False,8.15976468176489
Jaylen Waddle,rec_yds,124.5,,880,8.8,57.0,4.3,,DEN @ KC,2.0,False,False,39.31536472158137,4.300000000000015,False,8.056815076340207
Jaylen Waddle,rec,8.5,,880,8.8,4.2,3.7,,DEN @ KC,1.0,False,False,2.4067882190125247,3.7000000000000033,False,7.426767155147374
Evan Engram,rec_yds,39.5,,290,2.9,15.7,3.6,,DEN @ KC,43.0,True,False,13.228703501755978,3.600000000000003,False,7.319426447709054
Rashee Rice,rec_yds,124.5,,1400,14.0,60.4,3.4,,DEN @ KC,19.0,False,False,35.123156394415396,3.400000000000003,False,7.102431873540316
Tyquan Thornton,rec,2.5,,400,4.0,1.0,3.4,,DEN @ KC,0.0,False,False,0.821914736218769,3.400000000000003,False,7.102431873540316
RJ Harvey,rec_yds,49.5,,850,8.5,16.5,3.3,,DEN @ KC,23.0,False,False,17.950160538078,3.300000000000003,False,6.992694835811042
Emmett Johnson,rush_yds,20.0,,142,1.42,4.0,2.9,,DEN @ KC,24.0,True,False,8.440163275754523,2.9000000000000026,False,6.544344091052934
Pat Bryant,rec_yds,79.5,,1100,11.0,28.0,2.7,,DEN @ KC,42.0,False,False,26.72774677136371,2.7000000000000024,False,6.313702976017277
Kenneth Walker III,rec_yds,49.5,,580,5.8,13.7,2.6,,DEN @ KC,18.0,False,False,18.423847550195873,2.6000000000000023,False,6.196520088810709
Travis Kelce,rec_yds,99.5,,920,9.2,42.2,2.4,,DEN @ KC,71.0,False,False,28.977907800764978,2.400000000000002,False,5.957995948139116
Evan Engram,rec,3.5,,178,1.78,1.7,2.4,,DEN @ KC,4.0,True,False,0.9103007686104182,2.400000000000002,False,5.957995948139116
Tyquan Thornton,rec_yds,39.5,,240,2.4,12.0,2.4,,DEN @ KC,0.0,False,False,13.907372853770278,2.400000000000002,False,5.957995948139116
Xavier Worthy,rec_yds,89.5,,880,8.8,32.4,2.3,,DEN @ KC,18.0,False,False,28.615912316152624,2.300000000000002,False,5.836452597870467
Courtland Sutton,rec_yds,109.5,,1200,12.0,42.8,2.2,,DEN @ KC,11.0,False,False,33.116679546919706,2.200000000000002,False,5.713234231688336
Pat Bryant,rec,5.5,,920,9.2,2.2,2.0,,DEN @ KC,4.0,False,False,1.6068176508416387,2.0000000000000018,False,5.461223070018195
Kenneth Walker III,rush_yds,150.0,,1500,15.0,60.3,1.9,,DEN @ KC,173.0,True,False,43.23194222376653,1.9000000000000017,False,5.332110125744904
Rashee Rice,rec,9.5,,1100,11.0,5.3,1.8,,DEN @ KC,2.0,False,False,2.002930545705039,1.8000000000000016,False,5.200674844308317
Courtland Sutton,rec,7.5,,1000,10.0,3.3,1.7,,DEN @ KC,2.0,False,False,1.9810650839410135,1.7000000000000015,False,5.066694285121354
Travis Kelce,rec,7.5,,750,7.5,3.9,1.7,,DEN @ KC,3.0,False,False,1.6980557862351544,1.7000000000000015,False,5.066694285121354
J.K. Dobbins,rush_yds,125.0,,1400,14.0,55.3,1.6,,DEN @ KC,36.0,False,False,32.503103333055854,1.6000000000000014,False,4.929910334861964
Cyrus Allen,rec_yds,29.5,,370,3.7,9.0,1.5,,DEN @ KC,0.0,False,False,9.446611169631433,1.5000000000000013,False,4.790021551413237
Jaylen Waddle,rec,9.5,,1280,12.8,4.2,1.4,,DEN @ KC,1.0,False,False,2.4120661086071102,1.4000000000000012,False,4.646672426560105
Xavier Worthy,rec,6.5,,920,9.2,2.7,1.1,,DEN @ KC,3.0,False,False,1.6591221160324572,1.100000000000001,False,4.191155306213146
Pat Bryant,rec_yds,89.5,,1400,14.0,28.0,1.1,,DEN @ KC,42.0,False,False,26.85158161473582,1.100000000000001,False,4.191155306213146
Travis Kelce,rec_yds,109.5,,1280,12.8,42.2,1.0,,DEN @ KC,71.0,False,False,28.929465257962747,1.0000000000000009,False,4.028694503355301
Xavier Worthy,rec_yds,99.5,,1260,12.6,32.4,1.0,,DEN @ KC,18.0,False,False,28.843493593005945,1.0000000000000009,False,4.028694503355301
Jaylen Waddle,rec_yds,149.5,,1700,17.0,57.0,0.9,,DEN @ KC,2.0,False,False,39.10183091241861,0.9000000000000008,False,3.859430244221951
Kenneth Walker III,rec_yds,59.5,,880,8.8,13.7,0.7,,DEN @ KC,18.0,False,False,18.638620581968194,0.7000000000000006,False,3.4948408791245833
Cyrus Allen,rec,2.5,,320,3.2,0.9,0.6,,DEN @ KC,0.0,False,False,0.6369060814742685,0.6000000000000005,False,3.2953207310547294
Emmett Johnson,rush_yds,25.0,,210,2.1,4.0,0.6,,DEN @ KC,24.0,False,False,8.359392319349773,0.6000000000000005,False,3.2953207310547294
Rashee Rice,rec,10.5,,1700,17.0,5.3,0.5,,DEN @ KC,2.0,False,False,2.018767312273215,0.5000000000000004,False,3.0799065503153367
Evan Engram,rec_yds,49.5,,520,5.2,15.7,0.5,,DEN @ KC,43.0,False,False,13.121987529775895,0.5000000000000004,False,3.0799065503153367
Pat Bryant,rec,6.5,,1700,17.0,2.2,0.4,,DEN @ KC,4.0,False,False,1.6213751188553094,0.40000000000000036,False,2.842939603023853
Tyquan Thornton,rec_yds,49.5,,360,3.6,12.0,0.4,,DEN @ KC,0.0,False,False,14.139899292342816,0.40000000000000036,False,2.842939603023853
Xavier Worthy,rec_yds,109.5,,1700,17.0,32.4,0.4,,DEN @ KC,18.0,False,False,29.071632945056827,0.40000000000000036,False,2.842939603023853
Courtland Sutton,rec,8.5,,1700,17.0,3.3,0.4,,DEN @ KC,2.0,False,False,1.9607327018715373,0.40000000000000036,False,2.842939603023853
Travis Kelce,rec,8.5,,1260,12.6,3.9,0.3,,DEN @ KC,3.0,False,False,1.6740778667350378,0.30000000000000027,False,2.574585715891786
Xavier Worthy,rec,7.5,,1500,15.0,2.7,0.2,,DEN @ KC,3.0,False,False,1.6677311545071443,0.20000000000000018,False,2.2548220878240266
Cyrus Allen,rec_yds,39.5,,640,6.4,9.0,0.1,,DEN @ KC,0.0,False,False,,,,
Tyquan Thornton,rec,3.5,,1000,10.0,1.0,0.1,,DEN @ KC,0.0,False,False,,,,
Evan Engram,rec,4.5,,370,3.7,1.7,0.1,,DEN @ KC,4.0,False,False,,,,
Emmett Johnson,rush_yds,30.0,,290,2.9,4.0,0.1,,DEN @ KC,24.0,False,False,,,,
Tyquan Thornton,rec_yds,59.5,,550,5.5,12.0,0.0,,DEN @ KC,0.0,False,False,,,,
Emmett Johnson,rush_yds,40.0,,550,5.5,4.0,0.0,,DEN @ KC,24.0,False,False,,,,
Emmett Johnson,rush_yds,50.0,,880,8.8,4.0,0.0,,DEN @ KC,24.0,False,False,,,,
Evan Engram,rec,6.5,,1280,12.8,1.7,0.0,,DEN @ KC,4.0,False,False,,,,
Cyrus Allen,rec_yds,49.5,,920,9.2,9.0,0.0,,DEN @ KC,0.0,False,False,,,,
Cyrus Allen,rec,3.5,,680,6.8,0.9,0.0,,DEN @ KC,0.0,False,False,,,,
Evan Engram,rec,5.5,,750,7.5,1.7,0.0,,DEN @ KC,4.0,False,False,,,,
Tyquan Thornton,rec_yds,69.5,,750,7.5,12.0,0.0,,DEN @ KC,0.0,False,False,,,,
Tyquan Thornton,rec_yds,79.5,,1000,10.0,12.0,0.0,,DEN @ KC,0.0,False,False,,,,
Tyquan Thornton,rec_yds,89.5,,1280,12.8,12.0,0.0,,DEN @ KC,0.0,False,False,,,,
Evan Engram,rec_yds,59.5,,880,8.8,15.7,0.0,,DEN @ KC,43.0,False,False,,,,
Evan Engram,rec_yds,69.5,,1280,12.8,15.7,0.0,,DEN @ KC,43.0,False,False,,,,
Jared Goff,pass_yds,175.0,,-1800,0.06,289.9,88.5,,DET @ BUF,327.0,True,,95.721374679976,88.5,False,85.18866798030538
Jared Goff,pass_td,1.0,,-750,0.13,2.0,87.1,,DET @ BUF,4.0,True,,0.884070976452494,87.1,False,83.93891571806807
Sam LaPorta,rec_yds,15.0,,-1600,0.06,54.2,85.9,,DET @ BUF,52.0,True,,36.43673423099014,85.9,False,82.87183764448194
Jahmyr Gibbs,rec_yds,10.0,,-1000,0.1,40.9,84.9,,DET @ BUF,61.0,True,,29.937394282819053,84.9,False,81.98412908266265
Amon-Ra St. Brown,rec_yds,40.0,,-1100,0.09,99.7,84.5,,DET @ BUF,142.0,True,,58.8048703108059,84.5,False,81.6292298464822
Jahmyr Gibbs,rush_yds,50.0,,-900,0.11,102.2,84.1,,DET @ BUF,52.0,True,,52.274424634401505,84.1,False,81.27436779019321
Sam LaPorta,rec_yds,20.0,,-800,0.12,54.2,82.7,,DET @ BUF,52.0,True,,36.291233997480774,82.7,False,80.03209163904359
Jared Goff,pass_yds,200.0,,-700,0.14,289.9,82.4,,DET @ BUF,327.0,True,,96.59220250134291,82.4,False,79.76574392315996
Josh Allen,pass_td,1.0,,-1200,0.08,1.7,82.3,,DET @ BUF,3.0,True,,0.7552393276005128,82.3,False,79.67694435705724
Amon-Ra St. Brown,rec,5.0,,-850,0.12,8.3,81.8,,DET @ BUF,9.0,True,,3.635283947545206,81.79999999999998,False,79.23280064650912
James Cook,rec_yds,5.0,,-650,0.15,24.6,81.6,,DET @ BUF,4.0,False,,21.772310854510803,81.60000000000001,False,79.05506788154916
Jared Goff,rush_yds,0.5,,142,1.42,2.8,81.6,,DET @ BUF,7.0,True,,2.5549140288456553,81.6,False,79.05506788154915
James Cook,rush_yds,40.0,,-1400,0.07,88.0,81.4,,DET @ BUF,135.0,True,,53.76745629666713,81.4,False,78.8772877119622
Jahmyr Gibbs,rec_yds,15.0,,-470,0.21,40.9,80.7,,DET @ BUF,61.0,True,,29.87677273281509,80.7,False,78.25464509470343
Amon-Ra St. Brown,rec_yds,50.0,,-490,0.2,99.7,80.2,,DET @ BUF,142.0,True,,58.554170116801856,80.2,False,77.80946497152193
Keon Coleman,rec_yds,5.0,,-230,0.43,18.3,79.5,,DET @ BUF,63.0,True,,16.14286057113309,79.5,False,77.1855305615646
Jahmyr Gibbs,rush_yds,60.0,,-450,0.22,102.2,79.2,,DET @ BUF,52.0,False,,51.88224428756218,79.2,False,76.91786838864395
Sam LaPorta,rec_yds,25.0,,-490,0.2,54.2,79.0,,DET @ BUF,52.0,True,,36.20936341641248,79.0,False,76.73933534918793
James Cook,rec,1.0,,-1800,0.06,2.8,78.7,,DET @ BUF,1.0,True,,2.261149964326,78.7,False,76.47139442954011
Khalil Shakir,rec_yds,15.0,,-1400,0.07,50.0,78.6,,DET @ BUF,38.0,True,,44.15742300596494,78.60000000000001,False,76.38204234180539
Jameson Williams,rec_yds,20.0,,-1450,0.07,67.1,77.5,,DET @ BUF,33.0,True,,62.349832021377864,77.5,False,75.39784487023098
Sam LaPorta,rec,3.0,,-580,0.17,4.3,77.4,,DET @ BUF,6.0,True,,1.7285282398658102,77.4,False,75.30824801243674
James Cook,rush_yds,50.0,,-550,0.18,88.0,76.0,,DET @ BUF,135.0,True,,53.80130555834258,76.0,False,74.05160107106323
Josh Palmer,rec_yds,5.0,,-270,0.37,13.2,75.9,,DET @ BUF,43.0,True,,11.66281172262267,75.9,False,73.96167285205459
Jahmyr Gibbs,rec_yds,20.0,,-275,0.36,40.9,75.5,,DET @ BUF,61.0,True,,30.276304279180824,75.49999999999999,False,73.60173089442122
Khalil Shakir,rec_yds,20.0,,-700,0.14,50.0,75.1,,DET @ BUF,38.0,True,,44.271296787227264,75.1,False,73.24141910159332
Jameson Williams,rec_yds,25.0,,-900,0.11,67.1,75.0,,DET @ BUF,33.0,True,,62.41755339908583,75.0,False,73.15128290263783
Amon-Ra St. Brown,rec_yds,60.0,,-290,0.34,99.7,75.0,,DET @ BUF,142.0,True,,58.8593080746724,75.0,False,73.15128290263783
Jared Goff,pass_yds,225.0,,-360,0.28,289.9,75.0,,DET @ BUF,327.0,True,,96.22088398101353,75.0,False,73.15128290263783
James Cook,rec_yds,10.0,,-275,0.36,24.6,74.9,,DET @ BUF,4.0,False,,21.747348352380904,74.9,False,73.06112329318178
Sam LaPorta,rec_yds,30.0,,-340,0.29,54.2,74.8,,DET @ BUF,52.0,True,,36.21619754459159,74.8,False,72.97094022271644
Josh Allen,rush_yds,15.0,,-670,0.15,37.8,74.6,,DET @ BUF,72.0,True,,34.44342392384078,74.6,False,72.79050350951827
Amon-Ra St. Brown,rec,6.0,,-360,0.28,8.3,73.6,,DET @ BUF,9.0,True,,3.644649933478481,73.6,False,71.88689843335652
Dalton Kincaid,rec_yds,20.0,,-1000,0.1,45.0,73.6,,DET @ BUF,95.0,True,,39.61576014650522,73.6,False,71.88689843335652
Jahmyr Gibbs,rush_yds,70.0,,-275,0.36,102.2,73.3,,DET @ BUF,52.0,False,,51.77584761052364,73.3,False,71.61535206073901
Dalton Kincaid,rec,2.0,,-1800,0.06,4.0,73.3,,DET @ BUF,7.0,True,,3.215891155933145,73.3,False,71.61535206073901
Jameson Williams,rec_yds,30.0,,-580,0.17,67.1,72.5,,DET @ BUF,33.0,True,,62.06502973964438,72.5,False,70.89017437825363
Dawson Knox,rec_yds,5.0,,-290,0.34,10.6,72.4,,DET @ BUF,5.0,True,,9.415470020872416,72.4,False,70.79941927515499
Khalil Shakir,rec_yds,25.0,,-420,0.24,50.0,71.3,,DET @ BUF,38.0,True,,44.47051070519729,71.3,False,69.79953319812434
Jahmyr Gibbs,rec_yds,25.0,,-174,0.57,40.9,70.0,,DET @ BUF,61.0,True,,30.320336488405196,70.0,False,68.61414123158013
James Cook,rush_yds,60.0,,-300,0.33,88.0,69.9,,DET @ BUF,135.0,True,,53.688539592157866,69.9,False,68.52279260353677
Josh Allen,rush_yds,20.0,,-350,0.29,37.8,69.7,,DET @ BUF,72.0,True,,34.5100646895311,69.7,False,68.34002543929587
Amon-Ra St. Brown,rec_yds,70.0,,-180,0.56,99.7,69.5,,DET @ BUF,142.0,True,,58.2269075056549,69.5,False,68.15716537597709
Keon Coleman,rec_yds,10.0,,-138,0.72,18.3,69.5,,DET @ BUF,63.0,True,,16.272166070603895,69.5,False,68.15716537597709
Dalton Kincaid,rec_yds,25.0,,-600,0.17,45.0,69.2,,DET @ BUF,95.0,True,,39.87818021660857,69.2,False,67.88270196018397
Jahmyr Gibbs,rec,3.0,,-490,0.2,4.6,67.5,,DET @ BUF,6.0,True,,3.5260760694957667,67.5,False,66.32355167280544
Khalil Shakir,rec_yds,30.0,,-290,0.34,50.0,67.3,,DET @ BUF,38.0,True,,44.62171347693465,67.3,False,66.1397000095458
James Cook,rec_yds,15.0,,-158,0.63,24.6,67.1,,DET @ BUF,4.0,False,,21.686282682492774,67.1,False,65.95576143954263
Jameson Williams,rec_yds,40.0,,-310,0.32,67.1,66.8,,DET @ BUF,33.0,False,,62.3852947569899,66.8,False,65.67969198294021
Jahmyr Gibbs,rush_yds,80.0,,-180,0.56,102.2,66.6,,DET @ BUF,52.0,False,,51.76098035557776,66.6,False,65.4955388691838
Josh Allen,pass_yds,175.0,,-850,0.12,209.9,66.5,,DET @ BUF,248.0,True,,81.89642884121787,66.5,False,65.40343051318331
Keon Coleman,rec_yds,11.5,,-114,0.88,18.3,66.3,,DET @ BUF,63.0,True,,16.164896410489455,66.3,False,65.21915061855961
Jared Goff,pass_yds,250.0,,-194,0.52,289.9,66.2,,DET @ BUF,327.0,True,,95.4710652219145,66.2,False,65.1269792489737
Khalil Shakir,rec,3.0,,-550,0.18,4.5,66.0,,DET @ BUF,3.0,True,,3.636688695136063,66.0,False,64.94257409469708
Jameson Williams,rec,3.0,,-500,0.2,4.4,65.7,,DET @ BUF,2.0,False,,3.462866896538518,65.7,False,64.66581164071441
Sam LaPorta,rec_yds,40.0,,-174,0.57,54.2,65.2,,DET @ BUF,52.0,True,,36.342631142116396,65.2,False,64.20413429544001
Jahmyr Gibbs,rec_yds,29.5,,-114,0.88,40.9,64.8,,DET @ BUF,61.0,True,,30.005806357156306,64.8,False,63.834433186978124
Dalton Kincaid,rec_yds,30.0,,-400,0.25,45.0,64.7,,DET @ BUF,95.0,True,,39.763158248622155,64.7,False,63.74195881374731
Isaac TeSlaa,rec_yds,5.0,,-330,0.3,13.3,64.7,,DET @ BUF,26.0,True,,22.002280897570927,64.7,False,63.74195881374731
Jahmyr Gibbs,rec_yds,30.0,,-114,0.88,40.9,64.5,,DET @ BUF,61.0,True,,29.312414966835536,64.5,False,63.55695183819993
Josh Allen,rush_yds,25.0,,-215,0.47,37.8,64.5,,DET @ BUF,72.0,True,,34.42191849316467,64.5,False,63.55695183819993
James Cook,rec,2.0,,-310,0.32,2.8,63.7,,DET @ BUF,1.0,False,,2.282770533927588,63.7,False,62.81616234195846
Amon-Ra St. Brown,rec_yds,79.5,,-114,0.88,99.7,63.6,,DET @ BUF,142.0,True,,58.08149279643108,63.6,False,62.7234796759646
Amon-Ra St. Brown,rec,7.0,,-198,0.51,8.3,63.4,,DET @ BUF,9.0,True,,3.7959939253508646,63.4,False,62.538059516836796
Amon-Ra St. Brown,rec_yds,80.0,,-114,0.88,99.7,63.1,,DET @ BUF,142.0,True,,58.89333684575472,63.1,False,62.259793826323474
James Cook,rush_yds,70.0,,-178,0.56,88.0,63.1,,DET @ BUF,135.0,True,,53.81117072200938,63.1,False,62.259793826323474
James Cook,rec_yds,17.5,,-114,0.88,24.6,63.0,,DET @ BUF,4.0,False,,21.394992927551534,63.0,False,62.16700291122338
Dalton Kincaid,rec,3.0,,-420,0.24,4.0,62.5,,DET @ BUF,7.0,True,,3.138344200661294,62.5,False,61.70278567821441
Keon Coleman,rec,1.0,,-290,0.34,1.3,62.5,,DET @ BUF,6.0,True,,0.9415032601983883,62.5,False,61.70278567821441
Josh Palmer,rec_yds,10.0,,-162,0.62,13.2,60.8,,DET @ BUF,43.0,True,,11.674140474223456,60.8,False,60.12133688417358
Jameson Williams,rec_yds,50.0,,-186,0.54,67.1,60.8,,DET @ BUF,33.0,False,,62.383688159131594,60.8,False,60.12133688417358
Jared Goff,pass_td,2.0,,-132,0.76,2.0,60.6,,DET @ BUF,4.0,True,,,,,
Jared Goff,pass_td,1.5,,-132,0.76,2.0,60.4,,DET @ BUF,4.0,True,,1.8959905237331074,60.4,False,59.74857582668515
Jameson Williams,rec,3.5,,-192,0.52,4.4,60.2,,DET @ BUF,2.0,False,,3.4812574106013767,60.199999999999996,False,59.562107275808785
Jahmyr Gibbs,rush_yds,90.0,,-118,0.85,102.2,59.3,,DET @ BUF,52.0,False,,51.85554855762209,59.3,False,58.72230377866477
Khalil Shakir,rec_yds,40.0,,-154,0.65,50.0,59.1,,DET @ BUF,38.0,False,,43.45594706126072,59.099999999999994,False,58.53553242254461
Josh Allen,rush_yds,30.0,,-136,0.74,37.8,59.0,,DET @ BUF,72.0,True,,34.2789373562002,59.0,False,58.44212728969222
Jahmyr Gibbs,rush_yds,90.5,,-114,0.88,102.2,58.8,,DET @ BUF,52.0,False,,52.60715036220889,58.8,False,58.25527876789876
James Cook,rec_yds,20.0,,106,1.06,24.6,58.6,,DET @ BUF,4.0,False,,21.172072070479288,58.599999999999994,False,58.06838011385167
Sam LaPorta,rec_yds,46.5,,-114,0.88,54.2,58.4,,DET @ BUF,52.0,True,,36.297264511218565,58.4,False,57.88143238390218
Amon-Ra St. Brown,rec,7.5,,-106,0.94,8.3,58.1,,DET @ BUF,9.0,True,,3.912891569110556,58.099999999999994,False,57.60092109697087
Keon Coleman,rec_yds,15.0,,114,1.14,18.3,57.9,,DET @ BUF,63.0,True,,16.554970941494563,57.9,False,57.413855337287856
Jared Goff,pass_yds,270.5,,-114,0.88,289.9,57.8,,DET @ BUF,327.0,True,,98.587445074149,57.8,False,57.32030539005929
Josh Allen,rush_yds,31.5,,-114,0.88,37.8,57.1,,DET @ BUF,72.0,True,,35.21113766541429,57.100000000000016,False,56.665149811252434
James Cook,rush_yds,78.5,,-114,0.88,88.0,57.0,,DET @ BUF,135.0,True,,53.86276392465655,56.99999999999999,False,56.57151408633755
Jahmyr Gibbs,rec,4.0,,-200,0.5,4.6,56.8,,DET @ BUF,6.0,True,,3.5029421750765617,56.8,False,56.38421245526919
Sam LaPorta,rec,4.0,,-230,0.43,4.3,56.4,,DET @ BUF,6.0,True,,1.8619825482147412,56.39999999999999,False,56.00949233813564
Amon-Ra St. Brown,rec_yds,90.0,,132,1.32,99.7,56.4,,DET @ BUF,142.0,True,,60.20410239227668,56.39999999999999,False,56.00949233813564
Jared Goff,pass_yds,275.0,,-104,0.96,289.9,56.2,,DET @ BUF,327.0,True,,95.48717806708889,56.2,False,55.822076073499716
Dalton Kincaid,rec,3.5,,-162,0.62,4.0,56.2,,DET @ BUF,7.0,True,,3.2042677203721155,56.2,False,55.822076073499716
Isaac TeSlaa,rec_yds,10.0,,-200,0.5,13.3,55.9,,DET @ BUF,26.0,True,,22.23205207471891,55.89999999999999,False,55.54088455939489
James Cook,rush_yds,80.0,,-110,0.91,88.0,55.9,,DET @ BUF,135.0,True,,53.895883817500376,55.89999999999999,False,55.54088455939489
James Cook,rec,2.5,,-102,0.98,2.8,55.3,,DET @ BUF,1.0,False,,2.2514996629471593,55.3,False,54.97827382096201
Khalil Shakir,rec,4.0,,-220,0.45,4.5,55.2,,DET @ BUF,3.0,False,,3.8250873798487444,55.2,False,54.88447749429453
Khalil Shakir,rec_yds,44.5,,-114,0.88,50.0,55.0,,DET @ BUF,38.0,False,,43.76843108599796,55.00000000000001,False,54.69686222935874
Dalton Kincaid,rec_yds,40.0,,-215,0.47,45.0,55.0,,DET @ BUF,95.0,True,,39.78948280545269,55.00000000000001,False,54.69686222935874
Josh Allen,pass_yds,200.0,,-400,0.25,209.9,54.8,,DET @ BUF,248.0,True,,82.0827908769683,54.79999999999999,False,54.50921776560318
Jameson Williams,rec_yds,59.5,,-114,0.88,67.1,54.7,,DET @ BUF,33.0,False,,64.36020609299356,54.7,False,54.415384941172064
Sam LaPorta,rec_yds,50.0,,104,1.04,54.2,54.6,,DET @ BUF,52.0,True,,36.34425367252346,54.6,False,54.32154524583477
Jameson Williams,rec_yds,60.0,,-114,0.88,67.1,54.3,,DET @ BUF,33.0,False,,65.74404656497643,54.29999999999999,False,54.0399863686685
Jameson Williams,rec,4.0,,-198,0.51,4.4,54.2,,DET @ BUF,2.0,False,,3.7924174148162724,54.2,False,53.94612062490165
Amon-Ra St. Brown,rec,8.0,,-106,0.94,8.3,52.9,,DET @ BUF,9.0,True,,4.1233509691913985,52.900000000000006,False,52.725358740343296
Dawson Knox,rec_yds,10.0,,-158,0.63,10.6,52.7,,DET @ BUF,5.0,False,,8.858610420390368,52.7,False,52.53747722575767
Josh Allen,pass_td,1.5,,-178,0.56,1.7,51.8,,DET @ BUF,3.0,True,,4.43118746579083,51.800000000000004,False,51.69183062917385
Josh Palmer,rec,1.0,,-320,0.31,1.0,51.8,,DET @ BUF,1.0,True,,,,,
Jahmyr Gibbs,rush_yds,100.0,,122,1.22,102.2,51.7,,DET @ BUF,52.0,False,,51.61219466823776,51.7,False,51.597854668886534
Josh Allen,pass_td,2.0,,-178,0.56,1.7,51.6,,DET @ BUF,3.0,True,,,,,
Jahmyr Gibbs,rec,4.5,,110,1.1,4.6,51.4,,DET @ BUF,6.0,True,,2.849002705115309,51.4,False,51.31591233540561
Jahmyr Gibbs,rec_yds,40.0,,178,1.78,40.9,51.1,,DET @ BUF,61.0,True,,32.63659551956719,51.1,False,51.03395141431106
Dawson Knox,rec,1.0,,-400,0.25,1.0,50.5,,DET @ BUF,2.0,True,,,,,
Dalton Kincaid,rec,4.0,,-166,0.6,4.0,50.2,,DET @ BUF,7.0,True,,,,,
Khalil Shakir,rec_yds,50.0,,116,1.16,50.0,50.1,,DET @ BUF,38.0,False,,,,,
Amon-Ra St. Brown,rec_yds,100.0,,188,1.88,99.7,49.9,,DET @ BUF,142.0,True,,119.68255878887044,49.9,False,49.906001464310066
Khalil Shakir,rec,4.5,,102,1.02,4.5,49.7,,DET @ BUF,3.0,False,,,,,
James Cook,rec_yds,25.0,,164,1.64,24.6,49.3,,DET @ BUF,4.0,False,,22.795531911330354,49.3,False,49.34201851816367
Josh Palmer,rec_yds,13.5,,-114,0.88,13.2,48.9,,DET @ BUF,43.0,True,,10.878865173189105,48.9,False,48.96604858568894
James Cook,rush_yds,90.0,,140,1.4,88.0,48.5,,DET @ BUF,135.0,True,,53.17976766223261,48.5,False,48.59010462514375
Jameson Williams,rec_yds,70.0,,134,1.34,67.1,48.2,,DET @ BUF,33.0,False,,64.25221825396719,48.199999999999996,False,48.30816937082615
Josh Allen,rush_yds,40.0,,154,1.54,37.8,47.5,,DET @ BUF,72.0,True,,35.08392668480406,47.5,False,47.65042018329688
Isaac TeSlaa,rec_yds,15.0,,-128,0.78,13.3,46.9,,DET @ BUF,26.0,True,,21.855438919008677,46.9,False,47.086776808324004
James Cook,rec,3.0,,-102,0.98,2.8,46.3,,DET @ BUF,1.0,False,,2.1533483611887907,46.3,False,46.52329749319178
Isaac TeSlaa,rec_yds,15.5,,-114,0.88,13.3,46.0,,DET @ BUF,26.0,True,,21.904993549937757,46.0,False,46.241629175642096
Keon Coleman,rec_yds,20.0,,164,1.64,18.3,45.9,,DET @ BUF,63.0,True,,16.512333934381857,45.9,False,46.14775127127619
Isaac TeSlaa,rec,1.0,,-420,0.24,0.9,45.9,,DET @ BUF,2.0,True,,0.9713137608459917,45.9,False,46.14775127127619
Jahmyr Gibbs,rec,5.0,,110,1.1,4.6,45.7,,DET @ BUF,6.0,True,,3.703889947322622,45.70000000000001,False,45.9600136313315
Jared Goff,pass_yds,300.0,,172,1.72,289.9,45.7,,DET @ BUF,327.0,True,,93.52322116989633,45.70000000000001,False,45.9600136313315
Dalton Kincaid,rec_yds,50.0,,-128,0.78,45.0,45.0,,DET @ BUF,95.0,True,,39.78948280545269,44.99999999999999,False,45.30313777064126
Sam LaPorta,rec,4.5,,102,1.02,4.3,44.6,,DET @ BUF,6.0,True,,1.4730368199693546,44.599999999999994,False,44.92793757914909
Khalil Shakir,rec,5.0,,100,1.0,4.5,44.3,,DET @ BUF,3.0,False,,3.4875423306800375,44.3,False,44.646619558197564
Jahmyr Gibbs,rush_yds,110.0,,174,1.74,102.2,44.1,,DET @ BUF,52.0,False,,52.548486722062854,44.10000000000001,False,44.45911544060511
Josh Palmer,rec_yds,15.0,,-104,0.96,13.2,43.9,,DET @ BUF,43.0,True,,11.725997798163172,43.900000000000006,False,44.27164562227715
Sam LaPorta,rec_yds,60.0,,174,1.74,54.2,43.8,,DET @ BUF,52.0,False,,37.16950555631652,43.8,False,44.177923926500284
Dalton Kincaid,rec_yds,51.5,,-114,0.88,45.0,43.3,,DET @ BUF,95.0,True,,38.52046619990919,43.300000000000004,False,43.709453174883365
Amon-Ra St. Brown,rec_yds,110.0,,270,2.7,99.7,42.9,,DET @ BUF,142.0,True,,57.56741554821714,42.900000000000006,False,43.33485018874757
Josh Allen,pass_yds,225.0,,-210,0.48,209.9,42.8,,DET @ BUF,248.0,True,,83.21011782588734,42.8,False,43.241224707762015
Jameson Williams,rec,5.0,,116,1.16,4.4,42.4,,DET @ BUF,2.0,False,,3.1303656056376967,42.39999999999999,False,42.86682796390278
Dawson Knox,rec_yds,12.5,,-114,0.88,10.6,42.0,,DET @ BUF,5.0,False,,9.410903254904303,41.99999999999999,False,42.492606048835114
Jameson Williams,rec_yds,80.0,,194,1.94,67.1,41.7,,DET @ BUF,33.0,False,,61.553371507871326,41.7,False,42.212059552801605
Amon-Ra St. Brown,rec,9.0,,162,1.62,8.3,41.6,,DET @ BUF,9.0,True,,3.299751319201683,41.6,False,42.11856761609782
James Cook,rush_yds,100.0,,200,2.0,88.0,41.2,,DET @ BUF,135.0,True,,53.95605165354757,41.2,False,41.74472123210124
Khalil Shakir,rec_yds,60.0,,188,1.88,50.0,41.2,,DET @ BUF,38.0,False,,44.96337637795631,41.2,False,41.74472123210124
James Cook,rec_yds,30.0,,230,2.3,24.6,40.2,,DET @ BUF,4.0,False,,21.75895188871627,40.2,False,40.81100085606799
Dalton Kincaid,rec,5.0,,134,1.34,4.0,38.1,,DET @ BUF,7.0,True,,3.3019049120618527,38.1,False,38.85483793560353
Jahmyr Gibbs,rec_yds,50.0,,310,3.1,40.9,38.0,,DET @ BUF,61.0,True,,29.78910738255344,38.0,False,38.7618589752565
Isaac TeSlaa,rec_yds,20.0,,120,1.2,13.3,37.8,,DET @ BUF,26.0,True,,21.561590432107735,37.79999999999999,False,38.5759507368411
Josh Allen,rush_yds,50.0,,290,2.9,37.8,36.2,,DET @ BUF,72.0,True,,34.54936018070764,36.20000000000001,False,37.0911734098418
Jameson Williams,rec_yds,90.0,,270,2.7,67.1,35.8,,DET @ BUF,33.0,False,,62.94496817946543,35.8,False,36.72070269868073
Jared Goff,pass_yds,325.0,,290,2.9,289.9,35.6,,DET @ BUF,327.0,True,,95.07779737304593,35.60000000000001,False,36.53558056497903
Dalton Kincaid,rec_yds,60.0,,130,1.3,45.0,35.3,,DET @ BUF,95.0,True,,39.763158248622155,35.3,False,36.25804118625269
Jahmyr Gibbs,rec,6.0,,205,2.05,4.6,34.5,,DET @ BUF,6.0,True,,3.510046933327443,34.5,False,35.51879876694881
James Cook,rush_yds,110.0,,280,2.8,88.0,34.1,,DET @ BUF,135.0,True,,53.69317781010663,34.099999999999994,False,35.14965951551814
Keon Coleman,rec_yds,25.0,,225,2.25,18.3,34.0,,DET @ BUF,63.0,True,,16.24387617160776,34.00000000000001,False,35.05742590530292
Khalil Shakir,rec,6.0,,198,1.98,4.5,33.7,,DET @ BUF,3.0,False,,3.5657859729020824,33.699999999999996,False,34.78084938144039
Amon-Ra St. Brown,rec_yds,125.0,,430,4.3,99.7,33.5,,DET @ BUF,142.0,True,,59.369044403518956,33.5,False,34.59656948681668
Jared Goff,pass_td,3.0,,290,2.9,2.0,33.5,,DET @ BUF,4.0,True,,2.346602545593635,33.5,False,34.59656948681668
Sam LaPorta,rec,5.0,,100,1.0,4.3,33.1,,DET @ BUF,6.0,True,,1.6012680528024077,33.099999999999994,False,34.228263422720694
Sam LaPorta,rec_yds,70.0,,270,2.7,54.2,33.1,,DET @ BUF,52.0,False,,36.14290747754004,33.099999999999994,False,34.228263422720694
Jahmyr Gibbs,rush_yds,125.0,,280,2.8,102.2,33.0,,DET @ BUF,52.0,False,,51.8284101934239,33.00000000000001,False,34.13624024408792
Khalil Shakir,rec_yds,70.0,,300,3.0,50.0,32.6,,DET @ BUF,38.0,False,,44.347323861128245,32.60000000000001,False,33.76836325770799
Josh Allen,pass_yds,248.5,,-114,0.88,209.9,31.9,,DET @ BUF,248.0,False,,82.04091127702799,31.899999999999995,False,33.125420676286296
Dawson Knox,rec_yds,15.0,,106,1.06,10.6,31.7,,DET @ BUF,5.0,False,,9.241670456631276,31.699999999999996,False,32.9419224536685
Amon-Ra St. Brown,rec,10.0,,265,2.65,8.3,31.4,,DET @ BUF,9.0,False,,3.508454883964425,31.400000000000006,False,32.666843519237034
Josh Allen,pass_yds,250.0,,-112,0.89,209.9,31.2,,DET @ BUF,248.0,False,,81.80514259704779,31.200000000000006,False,32.48357056790648
Jameson Williams,rec,6.0,,230,2.3,4.4,31.2,,DET @ BUF,2.0,False,,3.2640455899071434,31.200000000000006,False,32.48357056790648
Jameson Williams,rec_yds,100.0,,370,3.7,67.1,29.8,,DET @ BUF,33.0,False,,62.056568441250334,29.800000000000004,False,31.203231642436656
James Cook,rec,4.0,,225,2.25,2.8,29.6,,DET @ BUF,1.0,False,,2.2390564994864426,29.600000000000005,False,31.020698302992677
Isaac TeSlaa,rec_yds,25.0,,172,1.72,13.3,29.5,,DET @ BUF,26.0,True,,21.713470040141665,29.499999999999993,False,30.929466902818493
Josh Palmer,rec_yds,20.0,,140,1.4,13.2,28.2,,DET @ BUF,43.0,True,,11.786926127819942,28.200000000000003,False,29.74561448852978
Keon Coleman,rec,2.0,,164,1.64,1.3,27.3,,DET @ BUF,6.0,True,,1.1593917965680987,27.29999999999999,False,28.928387349194384
Dawson Knox,rec,1.5,,124,1.24,1.0,27.2,,DET @ BUF,2.0,True,,0.8240281825289455,27.200000000000003,False,28.837704182854196
Dalton Kincaid,rec,6.0,,265,2.65,4.0,27.0,,DET @ BUF,7.0,True,,3.2636383844965433,27.0,False,28.65640978347981
Jared Goff,pass_yds,350.0,,490,4.9,289.9,26.7,,DET @ BUF,327.0,False,,96.63752923579105,26.700000000000003,False,28.384647939260987
Dalton Kincaid,rec_yds,70.0,,198,1.98,45.0,26.6,,DET @ BUF,95.0,True,,40.002822375471034,26.6,False,28.29410855754484
Jahmyr Gibbs,rec_yds,60.0,,520,5.2,40.9,26.3,,DET @ BUF,61.0,True,,30.12029912535971,26.3,False,28.022633924445305
Josh Allen,rush_yds,60.0,,490,4.9,37.8,25.8,,DET @ BUF,72.0,True,,34.17889687462686,25.8,False,27.570653390812716
Josh Allen,pass_td,3.0,,220,2.2,1.7,25.0,,DET @ BUF,3.0,True,,1.9273828840572826,25.0,False,26.848717097362172
Khalil Shakir,rec_yds,80.0,,430,4.3,50.0,24.8,,DET @ BUF,38.0,False,,44.06600437387445,24.8,False,26.6684680568411
Jameson Williams,rec_yds,110.0,,520,5.2,67.1,24.7,,DET @ BUF,33.0,False,,62.72290459707045,24.7,False,26.578378516916466
Jahmyr Gibbs,rec,7.0,,370,3.7,4.6,24.7,,DET @ BUF,6.0,False,,3.508973683752193,24.7,False,26.578378516916466
James Cook,rush_yds,125.0,,470,4.7,88.0,24.6,,DET @ BUF,135.0,True,,53.84706054144988,24.6,False,26.48831222020831
Khalil Shakir,rec,7.0,,370,3.7,4.5,24.3,,DET @ BUF,3.0,False,,3.5884227414295347,24.30000000000001,False,26.218252164205637
James Cook,rec_yds,40.0,,430,4.3,24.6,24.1,,DET @ BUF,4.0,False,,21.90332933273038,24.099999999999998,False,26.038327147945406
Sam LaPorta,rec_yds,80.0,,410,4.1,54.2,23.7,,DET @ BUF,52.0,False,,36.03422465577289,23.70000000000001,False,25.67875048023631
Keon Coleman,rec_yds,30.0,,300,3.0,18.3,23.5,,DET @ BUF,63.0,True,,16.194241160039848,23.499999999999986,False,25.49909750388747
Amon-Ra St. Brown,rec,11.0,,410,4.1,8.3,22.3,,DET @ BUF,9.0,False,,3.5428396317297417,22.299999999999986,False,24.423024870662992
Isaac TeSlaa,rec_yds,30.0,,225,2.25,13.3,22.2,,DET @ BUF,26.0,False,,21.81705792428241,22.199999999999996,False,24.333491201490855
Jameson Williams,rec,7.0,,430,4.3,4.4,21.5,,DET @ BUF,2.0,False,,3.294510264068884,21.499999999999986,False,23.707329269565214
Josh Allen,pass_yds,275.0,,162,1.62,209.9,21.4,,DET @ BUF,248.0,False,,82.13280679109475,21.4,False,23.617957658194612
Amon-Ra St. Brown,rec_yds,150.0,,920,9.2,99.7,19.7,,DET @ BUF,142.0,False,,59.010837722220614,19.699999999999996,False,22.101467883519987
Jared Goff,rush_yds,5.0,,250,2.5,2.8,19.4,,DET @ BUF,7.0,True,,2.548508390980289,19.399999999999995,False,21.834360355106863
Dalton Kincaid,rec_yds,80.0,,290,2.9,45.0,19.0,,DET @ BUF,95.0,True,,39.86803475227971,18.999999999999993,False,21.478425740100015
Jared Goff,pass_yds,375.0,,800,8.0,289.9,18.8,,DET @ BUF,327.0,False,,96.12664421321006,18.799999999999994,False,21.300542616474438
Khalil Shakir,rec_yds,90.0,,640,6.4,50.0,18.2,,DET @ BUF,38.0,False,,44.064047849032775,18.199999999999996,False,20.767199353490874
Jahmyr Gibbs,rush_yds,150.0,,580,5.8,102.2,17.9,,DET @ BUF,52.0,False,,52.00271738389971,17.900000000000006,False,20.500682762156654
Dalton Kincaid,rec,7.0,,490,4.9,4.0,17.8,,DET @ BUF,7.0,True,,3.2502221685802337,17.800000000000004,False,20.411864403087222
Jameson Williams,rec_yds,125.0,,850,8.5,67.1,17.7,,DET @ BUF,33.0,False,,62.469081525813856,17.700000000000003,False,20.323055642942755
Josh Allen,rush_yds,70.0,,750,7.5,37.8,17.3,,DET @ BUF,72.0,True,,34.1689396116632,17.300000000000004,False,19.967908360956443
Isaac TeSlaa,rec,2.0,,116,1.16,0.9,17.1,,DET @ BUF,2.0,True,,1.1576255078277706,17.100000000000005,False,19.790381360242225
Jahmyr Gibbs,rec,8.0,,640,6.4,4.6,16.8,,DET @ BUF,6.0,False,,3.5339407583381526,16.800000000000004,False,19.52413896002777
Jahmyr Gibbs,rec_yds,70.0,,850,8.5,40.9,16.6,,DET @ BUF,61.0,False,,29.997115433196456,16.600000000000005,False,19.346670485724093
James Cook,rec,5.0,,470,4.7,2.8,16.4,,DET @ BUF,1.0,False,,2.2491431336244205,16.39999999999999,False,19.169218471440796
Khalil Shakir,rec,8.0,,640,6.4,4.5,16.4,,DET @ BUF,3.0,False,,3.5781822580388503,16.39999999999999,False,19.169218471440796
Sam LaPorta,rec_yds,90.0,,630,6.3,54.2,16.2,,DET @ BUF,52.0,False,,36.29832891528588,16.200000000000014,False,18.991778683871807
Dawson Knox,rec_yds,20.0,,164,1.64,10.6,15.7,,DET @ BUF,5.0,False,,9.33591567198798,15.700000000000003,False,18.548203233241367
Josh Palmer,rec_yds,25.0,,194,1.94,13.2,15.7,,DET @ BUF,43.0,True,,11.719553715899805,15.700000000000003,False,18.548203233241367
Sam LaPorta,rec,6.0,,194,1.94,4.3,15.1,,DET @ BUF,6.0,True,,1.6470411094107575,15.100000000000001,False,18.015870917337363
Jared Goff,pass_td,4.0,,920,9.2,2.0,15.0,,DET @ BUF,4.0,True,,1.929694682044961,14.999999999999991,False,17.927135242932557
Amon-Ra St. Brown,rec,12.0,,640,6.4,8.3,15.0,,DET @ BUF,9.0,False,,3.569935161783177,14.999999999999991,False,17.927135242932557
Jameson Williams,rec,8.0,,800,8.0,4.4,13.8,,DET @ BUF,2.0,False,,3.30472594890886,13.8,False,16.861633599184877
Josh Allen,pass_yds,300.0,,280,2.8,209.9,13.4,,DET @ BUF,248.0,False,,81.34117480191904,13.400000000000013,False,16.50603582714325
Khalil Shakir,rec_yds,100.0,,920,9.2,50.0,12.9,,DET @ BUF,38.0,False,,44.2035488226247,12.9,False,16.061084281931926
Dalton Kincaid,rec_yds,90.0,,410,4.1,45.0,12.9,,DET @ BUF,95.0,True,,39.78319394036223,12.9,False,16.061084281931926
Josh Palmer,rec,2.0,,148,1.48,1.0,12.6,,DET @ BUF,1.0,False,,0.8729773736522887,12.6,False,15.793818160274508
Jared Goff,pass_yds,400.0,,1260,12.6,289.9,12.6,,DET @ BUF,327.0,False,,96.114808839117,12.6,False,15.793818160274508
James Cook,rush_yds,150.0,,920,9.2,88.0,12.5,,DET @ BUF,135.0,False,,53.89666918387388,12.5,False,15.704673126306224
James Cook,rec_yds,50.0,,750,7.5,24.6,12.1,,DET @ BUF,4.0,False,,21.70935703821584,12.1,False,15.347777150283326
Dawson Knox,rec,2.0,,120,1.2,1.0,11.2,,DET @ BUF,2.0,True,,0.8223951896729497,11.199999999999989,False,14.542524827438763
Isaac TeSlaa,rec_yds,40.0,,390,3.9,13.3,11.1,,DET @ BUF,26.0,False,,21.86325322323344,11.099999999999998,False,14.452824741175018
Josh Allen,rush_yds,80.0,,1200,12.0,37.8,11.0,,DET @ BUF,72.0,False,,34.40605992689379,10.999999999999988,False,14.363072842038083
Dalton Kincaid,rec,8.0,,880,8.8,4.0,10.8,,DET @ BUF,7.0,False,,3.233016602272999,10.799999999999986,False,14.18340615053606
Jahmyr Gibbs,rec,9.0,,1000,10.0,4.6,10.6,,DET @ BUF,6.0,False,,3.5254014476988487,10.599999999999998,False,14.003509343039289
Khalil Shakir,rec,9.0,,1100,11.0,4.5,10.4,,DET @ BUF,3.0,False,,3.574026887764574,10.399999999999988,False,13.823366169861895
Sam LaPorta,rec_yds,100.0,,880,8.8,54.2,10.2,,DET @ BUF,52.0,False,,36.05624584927034,10.20000000000001,False,13.642959482500427
Josh Allen,pass_td,4.0,,680,6.8,1.7,9.7,,DET @ BUF,3.0,False,,1.7708154683939046,9.699999999999998,False,13.19066846853676
Jahmyr Gibbs,rec_yds,80.0,,1200,12.0,40.9,9.7,,DET @ BUF,61.0,False,,30.10386296269638,9.699999999999998,False,13.19066846853676
Amon-Ra St. Brown,rec,13.0,,920,9.2,8.3,9.5,,DET @ BUF,9.0,False,,3.5862009064257516,9.500000000000009,False,13.009189876299088
Jameson Williams,rec_yds,150.0,,1500,15.0,67.1,9.3,,DET @ BUF,33.0,False,,62.684066546953545,9.299999999999997,False,12.827357601812551
Keon Coleman,rec_yds,40.0,,490,4.9,18.3,9.1,,DET @ BUF,63.0,True,,16.25928190788158,9.099999999999998,False,12.645148222751946
Khalil Shakir,rec_yds,110.0,,1260,12.6,50.0,8.9,,DET @ BUF,38.0,False,,44.545459486353415,8.899999999999997,False,12.462536870623953
Jameson Williams,rec,9.0,,1280,12.8,4.4,8.4,,DET @ BUF,2.0,False,,3.336576271194786,8.400000000000007,False,12.004072176304813
Dalton Kincaid,rec_yds,100.0,,630,6.3,45.0,8.3,,DET @ BUF,95.0,False,,39.70627153623067,8.299999999999997,False,11.91201800972702
Jahmyr Gibbs,rush_yds,175.0,,1000,10.0,102.2,8.1,,DET @ BUF,52.0,False,,52.06036694069017,8.099999999999996,False,11.727516714163123
Josh Allen,pass_yds,325.0,,450,4.5,209.9,8.1,,DET @ BUF,248.0,False,,82.30972850100878,8.099999999999996,False,11.727516714163123
James Cook,rec,6.0,,880,8.8,2.8,7.6,,DET @ BUF,1.0,False,,2.233852650663908,7.599999999999996,False,11.263764935374754
Josh Palmer,rec_yds,30.0,,260,2.6,13.2,7.6,,DET @ BUF,43.0,True,,11.727726415985515,7.599999999999996,False,11.263764935374754
Josh Allen,rush_yds,90.0,,1700,17.0,37.8,6.5,,DET @ BUF,72.0,False,,34.47588331197268,6.499999999999995,False,10.228175206647306
Keon Coleman,rec,3.0,,520,5.2,1.3,6.3,,DET @ BUF,6.0,True,,1.111062029664315,6.2999999999999945,False,10.037127377022392
Jahmyr Gibbs,rec,10.0,,1500,15.0,4.6,6.3,,DET @ BUF,6.0,False,,3.529255858933707,6.2999999999999945,False,10.037127377022392
Dawson Knox,rec_yds,25.0,,235,2.35,10.6,6.2,,DET @ BUF,5.0,False,,9.361598417291393,6.2000000000000055,False,9.941232037346337
Khalil Shakir,rec,10.0,,1700,17.0,4.5,6.2,,DET @ BUF,3.0,False,,3.575610506604352,6.2000000000000055,False,9.941232037346337
Sam LaPorta,rec_yds,110.0,,1200,12.0,54.2,6.2,,DET @ BUF,52.0,False,,36.276193867004146,6.2000000000000055,False,9.941232037346326
Dalton Kincaid,rec,9.0,,1400,14.0,4.0,6.1,,DET @ BUF,7.0,False,,3.2332468362442834,6.099999999999994,False,9.845077330293384
Amon-Ra St. Brown,rec,14.0,,1400,14.0,8.3,5.5,,DET @ BUF,9.0,False,,3.566527635248937,5.499999999999994,False,9.262150844477068
Sam LaPorta,rec,7.0,,360,3.6,4.3,5.2,,DET @ BUF,6.0,False,,1.6607582769197966,5.200000000000005,False,8.966328184035754
Dalton Kincaid,rec_yds,110.0,,880,8.8,45.0,5.1,,DET @ BUF,95.0,False,,39.749662365328994,5.100000000000005,False,8.866989817879167
Isaac TeSlaa,rec_yds,50.0,,630,6.3,13.3,4.6,,DET @ BUF,26.0,False,,21.781181095375963,4.600000000000004,False,8.3641246228927
Josh Allen,pass_yds,350.0,,750,7.5,209.9,4.4,,DET @ BUF,248.0,False,,82.1198336780166,4.400000000000004,False,8.15976468176489
Isaac TeSlaa,rec,3.0,,360,3.6,0.9,3.7,,DET @ BUF,2.0,False,,1.175408199982861,3.7000000000000033,False,7.426767155147374
Keon Coleman,rec_yds,50.0,,750,7.5,18.3,2.5,,DET @ BUF,63.0,True,,16.17376658451153,2.500000000000002,False,6.077982989359921
Josh Allen,pass_yds,375.0,,1200,12.0,209.9,2.3,,DET @ BUF,248.0,False,,82.74058009451485,2.300000000000002,False,5.836452597870467
Dalton Kincaid,rec_yds,125.0,,1280,12.8,45.0,2.2,,DET @ BUF,95.0,False,,39.720155378614336,2.200000000000002,False,5.713234231688336
Dawson Knox,rec_yds,30.0,,320,3.2,10.6,1.8,,DET @ BUF,5.0,False,,9.25163156825661,1.8000000000000016,False,5.200674844308317
Isaac TeSlaa,rec_yds,60.0,,880,8.8,13.3,1.6,,DET @ BUF,26.0,False,,21.777545561746177,1.6000000000000014,False,4.929910334861964
Sam LaPorta,rec,8.0,,640,6.4,4.3,1.3,,DET @ BUF,6.0,False,,1.662016188664238,1.3000000000000012,False,4.499438999736816
Josh Palmer,rec_yds,40.0,,410,4.1,13.2,1.1,,DET @ BUF,43.0,True,,11.701177028860489,1.100000000000001,False,4.191155306213146
Josh Palmer,rec,3.0,,450,4.5,1.0,1.0,,DET @ BUF,1.0,False,,0.8597166495679865,1.0000000000000009,False,4.028694503355301
Dawson Knox,rec,3.0,,360,3.6,1.0,0.7,,DET @ BUF,2.0,False,,0.8139135625313622,0.7000000000000006,False,3.4948408791245833
Isaac TeSlaa,rec,4.0,,880,8.8,0.9,0.4,,DET @ BUF,2.0,False,,1.1688983415003396,0.40000000000000036,False,2.842939603023853
Sam LaPorta,rec,9.0,,1000,10.0,4.3,0.3,,DET @ BUF,6.0,False,,1.7104708638379735,0.30000000000000027,False,2.574585715891786
Jared Goff,rush_yds,10.0,,520,5.2,2.8,0.2,,DET @ BUF,7.0,False,,2.5015967317607166,0.20000000000000018,False,2.2548220878240266
Josh Palmer,rec_yds,50.0,,640,6.4,13.2,0.1,,DET @ BUF,43.0,False,,,,,
Dawson Knox,rec_yds,40.0,,630,6.3,10.6,0.1,,DET @ BUF,5.0,False,,,,,
Sam LaPorta,rec,10.0,,1500,15.0,4.3,0.0,,DET @ BUF,6.0,False,,,,,
Jared Goff,rush_yds,15.0,,880,8.8,2.8,0.0,,DET @ BUF,7.0,False,,,,,
Dawson Knox,rec,4.0,,880,8.8,1.0,0.0,,DET @ BUF,2.0,False,,,,,
Josh Palmer,rec_yds,60.0,,920,9.2,13.2,0.0,,DET @ BUF,43.0,False,,,,,
Cooper Kupp,rec,0.5,,-1450,0.07,2.5,94.4,,sea_ari,2.0,True,,1.2584413437034156,94.40000000000002,False,90.63992738212764
George Kittle,rec,1.5,,-1100,0.09,4.5,93.7,,mia_sf,4.0,True,,1.9606976994076148,93.7,False,89.96287262297761
Jeremiyah Love,rush_yds,14.5,,-1100,0.09,66.8,92.4,,sea_ari,29.0,True,,36.509529259288236,92.4,False,88.73623506462525
Ja'Marr Chase,rec,3.5,,-1400,0.07,10.2,92.4,,cin_hou,7.0,True,,4.677128987327556,92.4,False,88.73623506462525
Kirk Cousins,pass_yds,99.5,,-1800,0.06,241.3,92.3,,lv_lac,253.0,True,,99.47079592883702,92.3,False,88.64318039769124
Luther Burden III,rec,2.5,,-550,0.18,6.1,91.9,,min_chi,3.0,True,,2.574413749814349,91.9,False,88.27248328583688
Rashee Rice,rec,2.5,,-850,0.12,5.3,91.8,,ind_kc,4.0,True,,2.0118645697949606,91.8,False,88.18016574504928
Travis Kelce,rec,1.5,,-1600,0.06,3.9,91.6,,ind_kc,9.0,True,,1.7408224023624974,91.6,False,87.99592782369518
Baker Mayfield,pass_yds,124.5,,-1450,0.07,262.1,91.4,,cle_tb,182.0,True,,100.74640473776724,91.4,False,87.81219214063978
C.J. Stroud,pass_yds,124.5,,-1800,0.06,250.0,91.3,,cin_hou,353.0,True,,92.31588024237337,91.3,False,87.72050288816754
Greg Dulcich,rec,0.5,,-1450,0.07,3.0,90.8,,mia_sf,2.0,True,,1.8817658955954413,90.8,False,87.26369843059501
Emeka Egbuka,rec,1.5,,-1800,0.06,4.5,90.3,,cle_tb,3.0,True,,2.3097593066007454,90.3,False,86.80933153146324
Xavier Legette,rec,0.5,,-600,0.17,3.0,90.2,,car_atl,2.0,True,,1.9334401980180547,90.19999999999999,False,86.71871791544626
Jeremiyah Love,rush_yds,19.5,,-500,0.2,66.8,90.2,,sea_ari,29.0,True,,36.58068854650159,90.19999999999999,False,86.71871791544626
Jalen Hurts,pass_yds,124.5,,-1200,0.08,240.0,89.9,,phi_ten,264.0,True,,90.52616777386781,89.89999999999999,False,86.44734829941163
Lamar Jackson,pass_yds,124.5,,-1450,0.07,220.1,89.9,,no_bal,235.0,True,,74.92901852105422,89.89999999999999,False,86.44734829941163
Cole Kmet,rec,0.5,,-550,0.18,1.7,89.8,,min_chi,0.0,False,,0.9447051314219302,89.8,False,86.35704051749957
Chris Bell,rec,0.5,,-670,0.15,4.2,89.7,,mia_sf,0.0,False,,2.925731178328196,89.7,False,86.26680312593213
Malik Washington,rec,1.5,,-900,0.11,4.4,89.4,,mia_sf,4.0,True,,2.3235600450742413,89.4,False,85.99649065696072
Jake Ferguson,rec,1.5,,-800,0.12,3.4,88.9,,was_dal,4.0,True,,1.5558120271214808,88.9,False,85.54717525882498
Cam Ward,pass_yds,124.5,,-670,0.15,221.1,88.8,,phi_ten,183.0,True,,79.44337532240694,88.80000000000001,False,85.45747517256123
Ja'Marr Chase,rec,4.5,,-450,0.22,10.2,88.8,,cin_hou,7.0,True,,4.687652581135813,88.79999999999998,False,85.45747517256123
Tucker Kraft,rec,1.5,,-1450,0.07,4.6,88.6,,gb_nyj,2.0,True,,2.5714899165714358,88.6,False,85.27822326899621
Harold Fannin Jr.,rec,1.5,,-1400,0.07,4.2,88.6,,cle_tb,5.0,True,,2.2396847660460897,88.6,False,85.27822326899621
DeVonta Smith,rec_yds,19.5,,-1800,0.06,80.5,88.5,,phi_ten,117.0,True,,50.81813625307691,88.5,False,85.18866798030538
George Pickens,rec,2.5,,-670,0.15,6.0,88.2,,was_dal,6.0,True,,2.953476514144021,88.20000000000002,False,84.92026484372104
Cooper Kupp,rec_yds,4.5,,-850,0.12,31.0,88.2,,sea_ari,20.0,True,,22.3620364642333,88.20000000000002,False,84.92026484372104
Alvin Kamara,rec,0.5,,-1100,0.09,5.1,88.1,,no_bal,5.0,True,,3.898303299627684,88.09999999999998,False,84.83087941300894
Mike Evans,rec,1.5,,-1400,0.07,4.7,88.0,,mia_sf,3.0,True,,2.723434868891707,88.00000000000001,False,84.74153257300914
Kirk Cousins,pass_yds,124.5,,-700,0.14,241.3,88.0,,lv_lac,253.0,True,,99.40537271454731,88.00000000000001,False,84.74153257300914
Alvin Kamara,rush_yds,4.5,,-700,0.14,28.3,88.0,,no_bal,15.0,True,,20.25554683738207,88.00000000000001,False,84.74153257300914
Joe Burrow,pass_td,1.0,,-670,0.15,2.1,87.8,,cin_hou,2.0,True,,0.944167980653624,87.8,False,84.5629488049033
Rashee Rice,rec_yds,19.5,,-1100,0.09,60.4,87.8,,ind_kc,83.0,True,,35.105882189757466,87.8,False,84.5629488049033
Jeremiyah Love,rush_yds,24.5,,-310,0.32,66.8,87.7,,sea_ari,29.0,True,,36.46174901399428,87.70000000000002,False,84.47370903505603
DeVonta Smith,rec,2.5,,-850,0.12,6.1,87.7,,phi_ten,10.0,True,,3.1031275756590877,87.70000000000002,False,84.47370903505603
Joe Burrow,pass_yds,149.5,,-1600,0.06,283.3,87.4,,cin_hou,207.0,True,,116.80437259467618,87.4,False,84.2061818397255
Chris Olave,rec_yds,29.5,,-1100,0.09,85.0,87.4,,no_bal,86.0,True,,48.450244237702,87.4,False,84.2061818397255
Stefon Diggs,rec_yds,14.5,,-1800,0.06,50.3,87.3,,was_dal,47.0,True,,31.38458231779856,87.29999999999998,False,84.11706579395764
CeeDee Lamb,rec,3.5,,-670,0.15,6.9,87.1,,was_dal,8.0,True,,3.00584131993848,87.1,False,83.93891571806807
George Kittle,rec_yds,14.5,,-900,0.11,65.9,86.9,,mia_sf,80.0,True,,45.82426280691005,86.9,False,83.76086703450255
Baker Mayfield,pass_yds,149.5,,-650,0.15,262.1,86.8,,cle_tb,182.0,True,,100.80692741448453,86.80000000000001,False,83.6718778323741
Justin Herbert,pass_yds,149.5,,-850,0.12,266.3,86.8,,lv_lac,192.0,True,,104.5670437123605,86.80000000000001,False,83.6718778323741
Dallas Goedert,rec,1.5,,-1100,0.09,3.8,86.7,,phi_ten,1.0,False,,2.0677477460382967,86.7,False,83.58291057230906
Luther Burden III,rec_yds,19.5,,-1000,0.1,69.1,86.6,,min_chi,32.0,True,,44.778271589069746,86.6,False,83.49396417285675
Keenan Allen,rec_yds,9.5,,-750,0.13,34.6,86.6,,ind_kc,5.0,False,,22.659972114630058,86.6,False,83.49396417285675
DeVonta Smith,rec_yds,24.5,,-1000,0.1,80.5,86.5,,phi_ten,117.0,True,,50.76774629440589,86.5,False,83.40503757720498
Malik Willis,pass_yds,124.5,,-650,0.15,243.5,86.5,,mia_sf,197.0,True,,107.8814608756125,86.5,False,83.40503757720498
Tee Higgins,rec,2.5,,-490,0.2,5.9,86.4,,cin_hou,5.0,True,,3.095218703645617,86.4,False,83.31612975252058
Josh Downs,rec,1.5,,-1800,0.06,3.4,86.2,,ind_kc,7.0,True,,1.7441609174796762,86.2,False,83.13836640081512
C.J. Stroud,pass_yds,149.5,,-750,0.13,250.0,86.2,,cin_hou,353.0,True,,92.25693274037235,86.2,False,83.13836640081512
Keenan Allen,rec,1.5,,-1200,0.08,3.1,86.1,,ind_kc,1.0,False,,1.4748948089218907,86.1,False,83.04950892239566
Jaxon Smith-Njigba,rec,3.5,,-1200,0.08,6.8,86.0,,sea_ari,9.0,True,,3.054652337808368,85.99999999999999,False,82.96066631097683
Dallas Goedert,rec_yds,9.5,,-1450,0.07,48.5,86.0,,phi_ten,4.0,False,,36.10043671955344,85.99999999999999,False,82.96066631097683
Noah Gray,rec,0.5,,-340,0.29,1.8,86.0,,ind_kc,0.0,False,,1.2033478906517814,85.99999999999999,False,82.96066631097683
Rashid Shaheed,rec,0.5,,-1200,0.08,2.1,85.9,,sea_ari,3.0,True,,1.48721364208123,85.9,False,82.87183764448194
Tetairoa McMillan,rec,2.5,,-650,0.15,5.3,85.7,,car_atl,5.0,True,,2.624333340127345,85.69999999999997,False,82.6942185597505
Rome Odunze,rec_yds,9.5,,-1000,0.1,50.0,85.5,,min_chi,43.0,True,,38.27537338157407,85.5,False,82.51664469159552
Ja'Marr Chase,rec_yds,39.5,,-750,0.13,117.8,85.4,,cin_hou,75.0,True,,74.30645161418921,85.4,False,82.427872616907
Tyler Warren,rec_yds,14.5,,-1450,0.07,49.5,85.4,,ind_kc,21.0,True,,33.2148889718598,85.4,False,82.427872616907
Trey McBride,rec,3.5,,-1100,0.09,6.3,85.4,,sea_ari,8.0,True,,2.657191117748784,85.4,False,82.427872616907
Tetairoa McMillan,rec_yds,19.5,,-1400,0.07,72.1,85.4,,car_atl,101.0,True,,49.91723314056644,85.4,False,82.427872616907
Trevor Lawrence,pass_yds,149.5,,-850,0.12,222.9,85.3,,jax_den,189.0,True,,69.94559116581418,85.3,False,82.3391093667687
Darnell Washington,rec,0.5,,-750,0.13,1.3,85.2,,pit_ne,1.0,True,,0.7655138317933663,85.2,False,82.25035415198661
Tony Pollard,rush_yds,14.5,,-1400,0.07,63.1,85.2,,phi_ten,64.0,True,,46.504965281447,85.2,False,82.25035415198661
Deshaun Watson,pass_yds,99.5,,-1200,0.08,199.7,85.1,,cle_tb,238.0,True,,96.27839917550637,85.1,False,82.1616062005202
Baker Mayfield,pass_td,1.0,,-670,0.15,1.91,85.1,,cle_tb,1.0,True,,0.8743846631707665,85.1,False,82.1616062005202
Tucker Kraft,rec_yds,14.5,,-1200,0.08,60.2,85.0,,gb_nyj,15.0,True,,44.09352348472736,85.00000000000001,False,82.07286475706745
George Pickens,rec_yds,24.5,,-1100,0.09,83.5,85.0,,was_dal,40.0,True,,56.92599312032635,85.00000000000001,False,82.07286475706745
CeeDee Lamb,rec_yds,29.5,,-1800,0.06,86.5,84.9,,was_dal,153.0,True,,55.22431955083127,84.9,False,81.98412908266265
Jerry Jeudy,rec_yds,4.5,,-1450,0.07,41.9,84.9,,cle_tb,0.0,False,,36.23490440703665,84.9,False,81.98412908266265
Jayden Reed,rec,1.5,,-900,0.11,3.6,84.8,,gb_nyj,1.0,False,,2.04301351747852,84.8,False,81.89539845428666
Rashee Rice,rec_yds,24.5,,-670,0.15,60.4,84.7,,ind_kc,83.0,True,,35.070535830630796,84.7,False,81.80667216448902
Cade Otton,rec,1.5,,-490,0.2,3.2,84.7,,cle_tb,5.0,True,,1.660721752425414,84.7,False,81.80667216448902
Aaron Rodgers,pass_yds,124.5,,-1800,0.06,202.5,84.7,,pit_ne,187.0,True,,76.19782158187193,84.7,False,81.80667216448902
Jeremiyah Love,rush_yds,29.5,,-198,0.51,66.8,84.7,,sea_ari,29.0,False,,36.43818903851055,84.7,False,81.80667216448902
George Holani,rush_yds,9.5,,-1450,0.07,46.2,84.6,,sea_ari,13.0,True,,36.00059419967816,84.59999999999998,False,81.71794952102135
George Kittle,rec,2.5,,-310,0.32,4.5,84.5,,mia_sf,4.0,True,,1.9700124057221406,84.5,False,81.6292298464822
George Kittle,rec_yds,19.5,,-490,0.2,65.9,84.5,,mia_sf,80.0,True,,45.70428781275367,84.5,False,81.6292298464822
Brian Thomas Jr.,rec_yds,4.5,,-1800,0.06,60.2,84.5,,jax_den,40.0,True,,54.86484549936162,84.5,False,81.6292298464822
Rico Dowdle,rush_yds,14.5,,-750,0.13,48.9,84.4,,pit_ne,22.0,True,,34.024561819996634,84.4,False,81.540512477972
Luther Burden III,rec,3.5,,-215,0.47,6.1,84.4,,min_chi,3.0,False,,2.5716238584881173,84.4,False,81.540512477972
Travis Etienne,rush_yds,14.5,,-1400,0.07,51.9,84.3,,no_bal,25.0,True,,37.1450261842926,84.3,False,81.45179676675863
Chris Olave,rec,3.5,,-650,0.15,7.1,84.3,,no_bal,8.0,True,,3.5754570658677363,84.3,False,81.45179676675863
Brock Purdy,pass_yds,149.5,,-1450,0.07,232.9,84.3,,mia_sf,287.0,True,,82.83142202593591,84.3,False,81.45179676675863
MarShawn Lloyd,rush_yds,19.5,,-1400,0.07,69.1,84.2,,gb_nyj,20.0,True,,49.4658651434824,84.2,False,81.3630820779529
Drake London,rec_yds,19.5,,-1400,0.07,71.5,84.2,,car_atl,51.0,True,,51.8593747471993,84.2,False,81.3630820779529
Jalen Hurts,pass_yds,149.5,,-500,0.2,240.0,84.2,,phi_ten,264.0,True,,90.25525797349108,84.2,False,81.3630820779529
DeVonta Smith,rec_yds,29.5,,-650,0.15,80.5,84.2,,phi_ten,117.0,True,,50.862079078983925,84.2,False,81.3630820779529
Ja'Marr Chase,rec,5.5,,-225,0.44,10.2,84.2,,cin_hou,7.0,True,,4.687289640612243,84.2,False,81.3630820779529
Tee Higgins,rec_yds,19.5,,-1200,0.08,78.0,84.2,,cin_hou,95.0,True,,58.34179659059921,84.2,False,81.3630820779529
Jacoby Brissett,pass_yds,149.5,,-750,0.13,229.8,84.1,,sea_ari,95.0,False,,80.41448847016171,84.1,False,81.27436779019321
Marvin Harrison Jr.,rec_yds,9.5,,-1100,0.09,49.5,84.1,,sea_ari,0.0,False,,40.057030371188894,84.1,False,81.27436779019321
Omarion Hampton,rec,0.5,,-1100,0.09,3.9,84.1,,lv_lac,2.0,True,,3.404847581551056,84.1,False,81.27436779019321
Luther Burden III,rec_yds,24.5,,-600,0.17,69.1,84.0,,min_chi,32.0,True,,44.84855593486494,84.0,False,81.18565329533986
DK Metcalf,rec_yds,19.5,,-1800,0.06,53.4,83.9,,pit_ne,27.0,True,,34.230105062258836,83.9,False,81.0969379981778
Harold Fannin Jr.,rec_yds,9.5,,-1400,0.07,41.9,83.8,,cle_tb,54.0,True,,32.85100158813582,83.8,False,81.00822131612819
Geno Smith,pass_yds,124.5,,-1450,0.07,217.2,83.8,,gb_nyj,247.0,True,,93.99036565494416,83.79999999999998,False,81.00822131612819
Lamar Jackson,pass_td,1.0,,-580,0.17,1.82,83.8,,no_bal,1.0,True,,0.8314142377244252,83.8,False,81.00822131612819
Stefon Diggs,rec_yds,19.5,,-900,0.11,50.3,83.7,,was_dal,47.0,True,,31.35808947209517,83.70000000000002,False,80.91950267896837
Kyle Pitts,rec_yds,9.5,,-1000,0.1,47.9,83.7,,car_atl,15.0,True,,39.09579986131346,83.70000000000002,False,80.91950267896837
Emeka Egbuka,rec_yds,14.5,,-1800,0.06,63.3,83.7,,cle_tb,16.0,True,,49.68424565708585,83.70000000000002,False,80.91950267896837
Bucky Irving,rec,0.5,,-1450,0.07,2.9,83.5,,cle_tb,4.0,True,,2.4637776511768914,83.5,False,80.74205731858096
Quinshon Judkins,rush_yds,24.5,,-1000,0.1,58.0,83.4,,cle_tb,21.0,False,,34.532761752992464,83.4,False,80.65332951427592
Chris Rodriguez Jr.,rush_yds,9.5,,-600,0.17,36.9,83.3,,jax_den,13.0,True,,28.361796826781823,83.3,False,80.56459759219845
Woody Marks,rush_yds,9.5,,-1400,0.07,36.6,83.3,,cin_hou,8.0,False,,28.051266204590785,83.3,False,80.56459759219845
Rome Odunze,rec,1.5,,-400,0.25,4.1,83.3,,min_chi,3.0,True,,2.6912653923223626,83.3,False,80.56459759219845
Dak Prescott,pass_yds,174.5,,-1450,0.07,273.0,83.3,,was_dal,279.0,True,,101.95755428605875,83.3,False,80.56459759219845
Cooper Kupp,rec_yds,9.5,,-400,0.25,31.0,83.2,,sea_ari,20.0,True,,22.34697832478537,83.2,False,80.47586103997223
Drake London,rec,2.5,,-800,0.12,5.6,83.2,,car_atl,4.0,True,,3.2221224561318436,83.2,False,80.47586103997223
D'Andre Swift,rec,0.5,,-670,0.15,4.1,83.1,,min_chi,5.0,True,,3.7573406482369367,83.1,False,80.38711935605369
Cade Otton,rec_yds,4.5,,-1600,0.06,32.3,83.1,,cle_tb,38.0,True,,29.01501945027412,83.1,False,80.38711935605369
Michael Wilson,rec,1.5,,-1200,0.08,3.9,83.1,,sea_ari,2.0,True,,2.5048937654912913,83.1,False,80.38711935605369
Travis Kelce,rec_yds,14.5,,-1100,0.09,42.2,83.0,,ind_kc,101.0,True,,29.030610692083012,83.0,False,80.29837204950249
Tetairoa McMillan,rec_yds,24.5,,-800,0.12,72.1,83.0,,car_atl,101.0,True,,49.8865367849513,83.0,False,80.29837204950249
Chris Brooks,rush_yds,9.5,,-650,0.15,37.2,83.0,,gb_nyj,11.0,True,,29.030610692083012,83.0,False,80.29837204950249
Greg Dulcich,rec_yds,4.5,,-850,0.12,44.7,82.9,,mia_sf,17.0,True,,42.3059503769785,82.9,False,80.20961863975778
T.J. Hockenson,rec,1.5,,-1200,0.08,2.9,82.9,,min_chi,3.0,True,,1.4733415554171616,82.9,False,80.20961863975778
George Pickens,rec_yds,29.5,,-700,0.14,83.5,82.9,,was_dal,40.0,True,,56.82888856609052,82.9,False,80.20961863975778
Jayden Reed,rec_yds,9.5,,-1450,0.07,45.8,82.9,,gb_nyj,4.0,False,,38.201641758316406,82.9,False,80.20961863975778
Andrei Iosivas,rec,0.5,,-490,0.2,2.2,82.9,,cin_hou,1.0,True,,1.7890576030065537,82.9,False,80.20961863975778
Alvin Kamara,rec_yds,4.5,,-310,0.32,29.2,82.9,,no_bal,7.0,True,,25.99395458485992,82.9,False,80.20961863975778
Carnell Tate,rec,1.5,,-1400,0.07,4.1,82.8,,phi_ten,3.0,True,,2.7475681544854313,82.79999999999998,False,80.12085865642085
J.K. Dobbins,rush_yds,24.5,,-1450,0.07,55.3,82.8,,jax_den,36.0,True,,32.54811506082742,82.79999999999998,False,80.12085865642085
Lamar Jackson,pass_yds,149.5,,-650,0.15,220.1,82.7,,no_bal,235.0,True,,74.91699181936089,82.7,False,80.03209163904359
Dallas Goedert,rec_yds,14.5,,-700,0.14,48.5,82.7,,phi_ten,4.0,False,,36.079004558899015,82.69999999999999,False,80.03209163904357
AJ Barner,rec,1.5,,-380,0.26,2.9,82.7,,sea_ari,1.0,False,,1.4856060700723122,82.7,False,80.03209163904359
Chris Olave,rec_yds,39.5,,-490,0.2,85.0,82.7,,no_bal,86.0,True,,48.28219727735015,82.7,False,80.03209163904359
Dak Prescott,pass_td,1.0,,-1200,0.08,1.75,82.6,,was_dal,4.0,True,,0.7991682696413175,82.6,False,79.94331713692237
Daniel Jones,rush_yds,4.5,,-240,0.42,30.5,82.6,,ind_kc,10.0,True,,27.70450001423234,82.6,False,79.94331713692237
Tony Pollard,rush_yds,19.5,,-650,0.15,63.1,82.6,,phi_ten,64.0,True,,46.45831540848193,82.59999999999998,False,79.94331713692237
Kyle Pitts,rec,1.5,,-800,0.12,3.8,82.6,,car_atl,1.0,False,,2.450782693566707,82.6,False,79.94331713692237
Terry McLaurin,rec_yds,19.5,,-1000,0.1,53.1,82.4,,was_dal,50.0,True,,36.10120137981227,82.4,False,79.76574392315996
Joe Burrow,pass_yds,174.5,,-750,0.13,283.3,82.4,,cin_hou,207.0,True,,116.89912827748735,82.4,False,79.76574392315996
Alvin Kamara,rush_yds,9.5,,-260,0.38,28.3,82.4,,no_bal,15.0,True,,20.199481724418767,82.4,False,79.76574392315996
Mike Evans,rec_yds,14.5,,-1400,0.07,59.0,82.4,,mia_sf,54.0,True,,47.81260301790613,82.4,False,79.76574392315996
Rome Odunze,rec_yds,14.5,,-580,0.17,50.0,82.4,,min_chi,43.0,True,,38.14263836259927,82.4,False,79.76574392315995
Brian Thomas Jr.,rec_yds,9.5,,-800,0.12,60.2,82.3,,jax_den,40.0,True,,54.70090558478,82.3,False,79.67694435705724
Evan Engram,rec_yds,4.5,,-1400,0.07,28.6,82.3,,jax_den,17.0,True,,26.001811135960516,82.3,False,79.67694435705724
Trey McBride,rec_yds,24.5,,-1600,0.06,59.9,82.3,,sea_ari,41.0,True,,38.19353171008308,82.3,False,79.67694435705724
Chris Bell,rec,1.5,,-136,0.74,4.2,82.2,,mia_sf,0.0,False,,2.9251999517222087,82.2,False,79.58813559691278
Tucker Kraft,rec_yds,19.5,,-670,0.15,60.2,82.2,,gb_nyj,15.0,False,,44.09468075373848,82.2,False,79.58813559691278
Alvin Kamara,rec,1.5,,-220,0.45,5.1,82.2,,no_bal,5.0,True,,3.9002666022962775,82.2,False,79.58813559691278
Courtland Sutton,rec_yds,9.5,,-1450,0.07,59.5,82.2,,jax_den,25.0,True,,54.17036947633719,82.2,False,79.58813559691278
Kirk Cousins,pass_yds,149.5,,-340,0.29,241.3,82.2,,lv_lac,253.0,True,,99.4567983585551,82.2,False,79.58813559691278
Romeo Doubs,rec_yds,9.5,,-1200,0.08,57.8,82.1,,pit_ne,96.0,True,,52.54667886281079,82.1,False,79.49931723784334
Ja'Marr Chase,rec_yds,49.5,,-400,0.25,117.8,82.1,,cin_hou,75.0,True,,74.30513801925419,82.1,False,79.49931723784334
Tyler Warren,rec,2.5,,-750,0.13,4.5,82.1,,ind_kc,6.0,True,,2.1758459156443393,82.1,False,79.49931723784334
Michael Wilson,rec_yds,9.5,,-1450,0.07,44.8,82.1,,sea_ari,18.0,True,,38.403680411122586,82.1,False,79.49931723784334
Wan'Dale Robinson,rec_yds,14.5,,-800,0.12,44.1,82.1,,phi_ten,9.0,False,,32.20251955153623,82.1,False,79.49931723784334
De'Von Achane,rec,1.5,,-1600,0.06,5.0,82.0,,mia_sf,3.0,True,,3.8236109793615145,81.99999999999999,False,79.41048888358432
Tee Higgins,rec_yds,24.5,,-700,0.14,78.0,82.0,,cin_hou,95.0,True,,58.44662497024029,81.99999999999999,False,79.41048888358432
Brock Purdy,pass_td,1.0,,-1200,0.08,1.71,81.9,,mia_sf,2.0,True,,0.7788839214837324,81.9,False,79.32165014631838
Patrick Mahomes,pass_yds,149.5,,-900,0.11,222.2,81.8,,ind_kc,382.0,True,,80.08640696561709,81.79999999999998,False,79.23280064650912
Drake London,rec_yds,24.5,,-750,0.13,71.5,81.8,,car_atl,51.0,True,,51.775256222613535,81.79999999999998,False,79.23280064650912
Rachaad White,rec,0.5,,-1000,0.1,2.3,81.8,,was_dal,6.0,True,,1.9828821532064755,81.79999999999998,False,79.23280064650912
Chris Bell,rec_yds,4.5,,-490,0.2,49.7,81.8,,mia_sf,0.0,False,,49.79237406940706,81.79999999999998,False,79.23280064650912
Makai Lemon,rec_yds,4.5,,-1200,0.08,40.2,81.8,,phi_ten,14.0,True,,39.32716270526177,81.79999999999998,False,79.23280064650912
Wan'Dale Robinson,rec,2.5,,-500,0.2,4.4,81.8,,phi_ten,1.0,False,,2.093042272829058,81.79999999999998,False,79.23280064650912
Tyler Allgeier,rush_yds,14.5,,-750,0.13,28.6,81.7,,sea_ari,10.0,False,,15.597494765784129,81.7,False,79.14394001273861
MarShawn Lloyd,rush_yds,24.5,,-750,0.13,69.1,81.7,,gb_nyj,20.0,False,,49.336756493189505,81.7,False,79.14394001273861
George Kittle,rec_yds,24.5,,-320,0.31,65.9,81.7,,mia_sf,80.0,True,,45.7968995250683,81.69999999999999,False,79.14394001273861
Stefon Diggs,rec,2.5,,-700,0.14,4.3,81.7,,was_dal,5.0,True,,1.9911695445681863,81.7,False,79.14394001273861
Juwan Johnson,rec,1.5,,-1450,0.07,4.0,81.7,,no_bal,4.0,True,,2.7655132563447036,81.7,False,79.14394001273861
Tyler Warren,rec_yds,19.5,,-700,0.14,49.5,81.7,,ind_kc,21.0,True,,33.18615907613644,81.7,False,79.14394001273861
Travis Etienne,rec,0.5,,-1000,0.1,2.8,81.6,,no_bal,2.0,True,,2.5549140288456553,81.6,False,79.05506788154915
Cam Ward,pass_yds,149.5,,-310,0.32,221.1,81.6,,phi_ten,183.0,True,,79.5355845501517,81.60000000000001,False,79.05506788154916
KC Concepcion,rec,1.5,,-750,0.13,4.3,81.6,,cle_tb,6.0,True,,3.1103301220729715,81.60000000000001,False,79.05506788154916
Ryan Flournoy,rec,1.5,,-440,0.23,3.5,81.6,,was_dal,5.0,True,,2.2216643729092653,81.60000000000001,False,79.05506788154915
Jordan Love,pass_td,1.0,,-700,0.14,1.69,81.5,,gb_nyj,2.0,True,,0.7696826561804296,81.5,False,78.96618389728904
Bo Nix,rush_yds,4.5,,-900,0.11,24.2,81.4,,jax_den,9.0,True,,22.0670601884238,81.4,False,78.8772877119622
Jerry Jeudy,rec_yds,9.5,,-600,0.17,41.9,81.4,,cle_tb,0.0,False,,36.29303300025031,81.4,False,78.8772877119622
Patrick Mahomes,rush_yds,4.5,,-900,0.11,23.8,81.4,,ind_kc,17.0,True,,21.61899805261824,81.4,False,78.8772877119622
Keenan Allen,rec_yds,14.5,,-400,0.25,34.6,81.3,,ind_kc,5.0,False,,22.609528047036463,81.3,False,78.7883789850814
Rashee Rice,rec,3.5,,-310,0.32,5.3,81.3,,ind_kc,4.0,True,,2.024733854958489,81.3,False,78.78837898508141
Makai Lemon,rec,1.5,,-380,0.26,4.0,81.3,,phi_ten,1.0,False,,2.8121303541090126,81.3,False,78.7883789850814
Romeo Doubs,rec,1.5,,-750,0.13,4.9,81.2,,pit_ne,3.0,True,,3.8405474773785446,81.2,False,78.69945738352556
Rashee Rice,rec_yds,29.5,,-440,0.23,60.4,81.1,,ind_kc,83.0,True,,35.050412310572874,81.1,False,78.61052258139983
Emeka Egbuka,rec_yds,19.5,,-1000,0.1,63.3,81.1,,cle_tb,16.0,False,,49.68310871207417,81.1,False,78.61052258139983
David Njoku,rec_yds,4.5,,-1200,0.08,21.9,81.1,,lv_lac,9.0,True,,19.737125378769193,81.1,False,78.61052258139983
Luther Burden III,rec_yds,29.5,,-400,0.25,69.1,81.1,,min_chi,32.0,True,,44.91897499995747,81.1,False,78.61052258139983
George Holani,rush_yds,14.5,,-600,0.17,46.2,81.0,,sea_ari,13.0,False,,36.10904861849335,81.0,False,78.52157425989998
Justin Herbert,pass_yds,174.5,,-420,0.24,266.3,81.0,,lv_lac,192.0,True,,104.56815972169366,81.0,False,78.52157425989998
Travis Etienne,rush_yds,19.5,,-650,0.15,51.9,80.9,,no_bal,25.0,True,,37.061729398722505,80.90000000000002,False,78.43261210717932
Jacory Croskey-Merritt,rush_yds,19.5,,-1450,0.07,50.2,80.9,,was_dal,43.0,True,,35.11713248582657,80.90000000000002,False,78.43261210717934
Jaxon Smith-Njigba,rec_yds,39.5,,-1000,0.1,81.3,80.9,,sea_ari,155.0,True,,47.81420644650002,80.90000000000002,False,78.43261210717932
Gunnar Helm,rec_yds,4.5,,-1200,0.08,19.7,80.9,,phi_ten,13.0,True,,17.386984162363646,80.89999999999999,False,78.43261210717932
Marvin Harrison Jr.,rec_yds,14.5,,-550,0.18,49.5,80.9,,sea_ari,0.0,False,,40.03581879491629,80.90000000000002,False,78.43261210717932
Alec Pierce,rec_yds,9.5,,-1200,0.08,45.4,80.9,,ind_kc,11.0,True,,41.06531127821413,80.90000000000002,False,78.43261210717932
Jaylin Noel,rec_yds,4.5,,-1000,0.1,25.0,80.8,,cin_hou,31.0,True,,23.548336107759248,80.8,False,78.34363581821938
Baker Mayfield,pass_yds,174.5,,-310,0.32,262.1,80.8,,cle_tb,182.0,True,,100.62606063608345,80.8,False,78.34363581821938
Malik Willis,pass_yds,149.5,,-290,0.34,243.5,80.8,,mia_sf,197.0,True,,107.97773629899363,80.8,False,78.34363581821938
Jordan Addison,rec_yds,9.5,,-1400,0.07,44.5,80.8,,min_chi,21.0,True,,40.20447628154018,80.8,False,78.34363581821938
Devaughn Vele,rec,1.5,,-1450,0.07,4.0,80.7,,no_bal,5.0,True,,2.883858371893349,80.7,False,78.25464509470343
Rico Dowdle,rush_yds,19.5,,-400,0.25,48.9,80.6,,pit_ne,22.0,True,,34.0573394067366,80.6,False,78.16563964489313
Jonathon Brooks,rush_yds,9.5,,-500,0.2,38.2,80.6,,car_atl,16.0,True,,33.24645037324288,80.6,False,78.16563964489313
Emeka Egbuka,rec,2.5,,-400,0.25,4.5,80.6,,cle_tb,3.0,True,,2.316825809982082,80.6,False,78.16563964489313
Mark Andrews,rec_yds,14.5,,-1800,0.06,43.3,80.6,,no_bal,49.0,True,,33.36229166374198,80.6,False,78.16563964489313
Courtland Sutton,rec,1.5,,-900,0.11,4.5,80.5,,jax_den,3.0,True,,3.489924848883981,80.5,False,78.07661918350813
Caleb Williams,pass_yds,149.5,,-1000,0.1,227.5,80.5,,min_chi,138.0,False,,90.73804607098351,80.5,False,78.07661918350813
Jordan Addison,rec,1.5,,-750,0.13,3.5,80.5,,min_chi,2.0,True,,2.326616565922654,80.5,False,78.07661918350813
Pat Bryant,rec_yds,9.5,,-850,0.12,43.0,80.4,,jax_den,0.0,False,,39.13569755904701,80.4,False,77.98758343160851
Bo Nix,pass_td,1.0,,-490,0.2,1.63,80.3,,jax_den,1.0,True,,0.7391019436381511,80.3,False,77.89853211648001
Kyle Pitts,rec_yds,14.5,,-490,0.2,47.9,80.3,,car_atl,15.0,True,,39.184134789705155,80.3,False,77.89853211648001
CeeDee Lamb,rec_yds,39.5,,-700,0.14,86.5,80.3,,was_dal,153.0,True,,55.139351350782704,80.3,False,77.89853211648001
Devaughn Vele,rec_yds,14.5,,-900,0.11,43.7,80.3,,no_bal,64.0,True,,34.256788498784154,80.3,False,77.89853211648001
Xavier Legette,rec_yds,4.5,,-420,0.24,28.2,80.3,,car_atl,64.0,True,,27.80431121305426,80.3,False,77.89853211648001
Tetairoa McMillan,rec_yds,29.5,,-550,0.18,72.1,80.3,,car_atl,101.0,True,,49.977369522198785,80.3,False,77.89853211648001
George Pickens,rec,3.5,,-260,0.38,6.0,80.2,,was_dal,6.0,True,,2.9453807905835943,80.2,False,77.80946497152193
De'Von Achane,rush_yds,29.5,,-1000,0.1,85.0,80.1,,mia_sf,74.0,True,,65.66504517365165,80.1,False,77.72038173613774
DK Metcalf,rec_yds,24.5,,-1000,0.1,53.4,80.1,,pit_ne,27.0,True,,34.19314964898257,80.1,False,77.72038173613774
Rhamondre Stevenson,rec_yds,4.5,,-700,0.14,19.6,80.1,,pit_ne,3.0,False,,17.865624903101622,80.1,False,77.72038173613774
Rachaad White,rush_yds,9.5,,-580,0.17,29.5,80.0,,was_dal,43.0,True,,23.7636589978778,80.0,False,77.63128215562803
Chase Brown,rush_yds,24.5,,-1400,0.07,65.8,80.0,,cin_hou,80.0,True,,49.07195583061766,80.0,False,77.63128215562803
Mack Hollins,rec_yds,9.5,,-1100,0.09,40.5,80.0,,pit_ne,18.0,True,,36.833671446710596,80.0,False,77.63128215562803
Jakobi Meyers,rec_yds,9.5,,-1450,0.07,40.2,79.9,,jax_den,28.0,True,,36.63245502168838,79.9,False,77.54216598108623
DeVonta Smith,rec,3.5,,-300,0.33,6.1,79.9,,phi_ten,10.0,True,,3.1024229008596014,79.9,False,77.54216598108626
Kalif Raymond,rec,0.5,,-1450,0.07,1.1,79.9,,min_chi,5.0,True,,0.7159437463522159,79.9,False,77.54216598108623
Brian Thomas Jr.,rec_yds,14.5,,-450,0.22,60.2,79.8,,jax_den,40.0,True,,54.763414362207605,79.8,False,77.45303296929652
Justin Herbert,rush_yds,4.5,,-1200,0.08,18.8,79.8,,lv_lac,2.0,False,,17.13603556629253,79.8,False,77.45303296929652
Harold Fannin Jr.,rec_yds,14.5,,-600,0.17,41.9,79.8,,cle_tb,54.0,True,,32.834082134015055,79.8,False,77.45303296929652
Tee Higgins,rec_yds,29.5,,-470,0.21,78.0,79.7,,cin_hou,95.0,True,,58.36669617894313,79.7,False,77.36388288263406
Courtland Sutton,rec_yds,14.5,,-700,0.14,59.5,79.7,,jax_den,25.0,True,,54.154666557782285,79.7,False,77.36388288263406
Greg Dulcich,rec_yds,9.5,,-390,0.26,44.7,79.7,,mia_sf,17.0,True,,42.360983618531925,79.7,False,77.36388288263406
Trevor Lawrence,rush_yds,4.5,,-750,0.13,18.5,79.7,,jax_den,6.0,True,,16.84811848464338,79.69999999999999,False,77.36388288263404
Tony Pollard,rush_yds,24.5,,-360,0.28,63.1,79.7,,phi_ten,64.0,True,,46.45266953623103,79.7,False,77.36388288263406
Bo Nix,pass_yds,149.5,,-750,0.13,220.4,79.7,,jax_den,288.0,True,,85.32368575437255,79.7,False,77.36388288263406
Mike Evans,rec_yds,19.5,,-750,0.13,59.0,79.6,,mia_sf,54.0,True,,47.738851088496105,79.60000000000001,False,77.27471548896767
Jalen Hurts,rush_yds,9.5,,-1450,0.07,38.5,79.6,,phi_ten,16.0,True,,35.048776748516126,79.60000000000001,False,77.27471548896767
Quinshon Judkins,rush_yds,29.5,,-580,0.17,58.0,79.5,,cle_tb,21.0,False,,34.59184408099948,79.5,False,77.1855305615646
Romeo Doubs,rec_yds,14.5,,-650,0.15,57.8,79.5,,pit_ne,96.0,True,,52.555328024816745,79.5,False,77.1855305615646
Stefon Diggs,rec_yds,24.5,,-500,0.2,50.3,79.5,,was_dal,47.0,True,,31.314722010167944,79.5,False,77.1855305615646
Ashton Jeanty,rush_yds,29.5,,-1200,0.08,78.0,79.5,,lv_lac,48.0,True,,58.86682238345525,79.5,False,77.1855305615646
Colston Loveland,rec,2.5,,-750,0.13,4.6,79.4,,min_chi,1.0,False,,2.5597920306969058,79.4,False,77.09632787899746
Jayden Reed,rec_yds,14.5,,-670,0.15,45.8,79.4,,gb_nyj,4.0,False,,38.15309074324436,79.4,False,77.09632787899746
Darren Waller,rec_yds,4.5,,-550,0.18,28.0,79.4,,car_atl,33.0,True,,28.645291772084427,79.4,False,77.09632787899746
Colston Loveland,rec_yds,19.5,,-1400,0.07,50.3,79.4,,min_chi,3.0,False,,37.543616450221286,79.4,False,77.09632787899746
Dalton Schultz,rec_yds,14.5,,-1100,0.09,41.9,79.4,,cin_hou,140.0,True,,33.39919125766439,79.4,False,77.09632787899746
Daniel Jones,pass_yds,149.5,,-750,0.13,211.0,79.4,,ind_kc,210.0,True,,74.96533804183797,79.4,False,77.09632787899746
Tucker Kraft,rec,2.5,,-360,0.28,4.6,79.4,,gb_nyj,2.0,False,,2.5597920306969058,79.4,False,77.09632787899746
C.J. Stroud,pass_yds,174.5,,-360,0.28,250.0,79.3,,cin_hou,353.0,True,,92.42542821575863,79.3,False,77.0071072250531
Malik Washington,rec,2.5,,-270,0.37,4.4,79.2,,mia_sf,4.0,True,,2.335930430008724,79.2,False,76.91786838864395
Caleb Douglas,rec,1.5,,-500,0.2,3.4,79.2,,mia_sf,2.0,True,,2.3359304300087236,79.2,False,76.91786838864395
Saquon Barkley,rec,0.5,,-900,0.11,3.0,79.2,,phi_ten,1.0,True,,3.0735926710641097,79.2,False,76.91786838864395
Hunter Henry,rec_yds,9.5,,-1450,0.07,36.5,79.2,,pit_ne,40.0,True,,33.19480084749239,79.2,False,76.91786838864395
Drake London,rec_yds,29.5,,-500,0.2,71.5,79.1,,car_atl,51.0,True,,51.85851568802635,79.1,False,76.82861116372082
Kayshon Boutte,rec_yds,9.5,,-900,0.11,36.7,79.1,,cin_hou,37.0,True,,33.58456254081707,79.1,False,76.82861116372082
Tucker Kraft,rec_yds,24.5,,-440,0.23,60.2,79.1,,gb_nyj,15.0,False,,44.0797383348224,79.1,False,76.82861116372082
Jerry Jeudy,rec,1.5,,-350,0.29,3.3,79.0,,cle_tb,0.0,False,,2.232084046217207,79.0,False,76.73933534918793
DeVonta Smith,rec_yds,39.5,,-320,0.31,80.5,79.0,,phi_ten,117.0,True,,50.84191438605861,79.0,False,76.73933534918793
Tre Harris,rec_yds,9.5,,-900,0.11,35.3,79.0,,lv_lac,53.0,True,,31.993204662446637,79.0,False,76.73933534918793
Breece Hall,rec_yds,4.5,,-750,0.13,31.7,79.0,,gb_nyj,63.0,True,,33.729270031726685,79.0,False,76.73933534918793
Chris Bell,rec_yds,9.5,,-270,0.37,49.7,79.0,,mia_sf,0.0,False,,49.8498770321843,79.0,False,76.73933534918793
MarShawn Lloyd,rush_yds,29.5,,-450,0.22,69.1,78.9,,gb_nyj,20.0,False,,49.31775312872497,78.90000000000002,False,76.65004074881972
Mike Evans,rec,2.5,,-330,0.3,4.7,78.9,,mia_sf,3.0,True,,2.7398751738180547,78.90000000000002,False,76.65004074881972
Dallas Goedert,rec_yds,19.5,,-420,0.24,48.5,78.9,,phi_ten,4.0,False,,36.11653638214708,78.90000000000002,False,76.65004074881972
Travis Kelce,rec,2.5,,-400,0.25,3.9,78.8,,ind_kc,9.0,True,,1.751092368339541,78.79999999999998,False,76.56072717117956
Rome Odunze,rec_yds,19.5,,-360,0.28,50.0,78.8,,min_chi,43.0,True,,38.14879802454,78.79999999999998,False,76.56072717117956
Tre Harris,rec,1.5,,-600,0.17,3.5,78.8,,lv_lac,1.0,False,,2.5015605261993445,78.79999999999998,False,76.56072717117956
George Kittle,rec_yds,29.5,,-230,0.43,65.9,78.7,,mia_sf,80.0,True,,45.72547705637023,78.7,False,76.47139442954011
Trey McBride,rec_yds,29.5,,-900,0.11,59.9,78.7,,sea_ari,41.0,True,,38.18831050861689,78.7,False,76.47139442954011
CeeDee Lamb,rec,4.5,,-280,0.36,6.9,78.7,,was_dal,8.0,True,,3.014866619101334,78.7,False,76.47139442954011
Xavier Worthy,rec_yds,9.5,,-1400,0.07,32.4,78.7,,ind_kc,25.0,True,,28.76685232392522,78.7,False,76.47139442954011
Marvin Harrison Jr.,rec,1.5,,-670,0.15,3.6,78.7,,sea_ari,0.0,False,,2.638008291713667,78.7,False,76.4713944295401
Terry McLaurin,rec_yds,24.5,,-600,0.17,53.1,78.6,,was_dal,50.0,True,,36.082922799159924,78.60000000000001,False,76.38204234180539
T.J. Hockenson,rec_yds,9.5,,-1000,0.1,29.9,78.6,,min_chi,29.0,True,,25.73746940919099,78.60000000000001,False,76.38204234180539
Derrick Henry,rush_yds,49.5,,-1450,0.07,95.1,78.6,,no_bal,68.0,True,,57.53081397348574,78.60000000000001,False,76.38204234180539
J.K. Dobbins,rush_yds,29.5,,-750,0.13,55.3,78.6,,jax_den,36.0,True,,32.55032895868272,78.60000000000001,False,76.38204234180539
Denzel Boston,rec_yds,4.5,,-1600,0.06,30.4,78.5,,cle_tb,95.0,True,,32.81839070745542,78.50000000000001,False,76.29267073043479
Michael Wilson,rec_yds,14.5,,-700,0.14,44.8,78.5,,sea_ari,18.0,True,,38.39371576972584,78.50000000000001,False,76.29267073043479
Chris Rodriguez Jr.,rush_yds,14.5,,-300,0.33,36.9,78.5,,jax_den,13.0,False,,28.383473044285772,78.50000000000001,False,76.29267073043479
David Montgomery,rec,0.5,,-800,0.12,2.2,78.5,,cin_hou,2.0,True,,2.154102864968117,78.50000000000001,False,76.29267073043479
Cooper Kupp,rec,1.5,,-250,0.4,2.5,78.4,,sea_ari,2.0,True,,1.2726308256663301,78.4,False,76.20327942236835
Greg Dulcich,rec,1.5,,-260,0.38,3.0,78.4,,mia_sf,2.0,True,,1.9089462384994953,78.4,False,76.20327942236835
Cade Otton,rec_yds,9.5,,-650,0.15,32.3,78.4,,cle_tb,38.0,True,,29.015982825192324,78.4,False,76.20327942236835
Woody Marks,rush_yds,14.5,,-500,0.2,36.6,78.4,,cin_hou,8.0,False,,28.125141247225898,78.4,False,76.20327942236835
Ja'Marr Chase,rec_yds,59.5,,-240,0.42,117.8,78.4,,cin_hou,75.0,True,,74.19437713634704,78.4,False,76.20327942236835
Ja'Marr Chase,rec,6.5,,-118,0.85,10.2,78.4,,cin_hou,7.0,True,,4.70873405496542,78.4,False,76.20327942236835
Quentin Johnston,rec_yds,14.5,,-1600,0.06,53.8,78.4,,lv_lac,7.0,False,,50.01439144868677,78.4,False,76.20327942236835
Travis Kelce,rec_yds,19.5,,-600,0.17,42.2,78.3,,ind_kc,101.0,True,,29.014584262830635,78.3,False,76.11386824895393
Chris Brooks,rush_yds,14.5,,-310,0.32,37.2,78.3,,gb_nyj,11.0,False,,29.014584262830635,78.3,False,76.11386824895393
Bryce Young,rush_yds,4.5,,-470,0.21,15.7,78.3,,car_atl,6.0,True,,14.315565803687358,78.3,False,76.11386824895393
Emeka Egbuka,rec_yds,24.5,,-600,0.17,63.3,78.3,,cle_tb,16.0,False,,49.59321010563121,78.3,False,76.11386824895393
Xavier Legette,rec,1.5,,-118,0.85,3.0,78.2,,car_atl,2.0,True,,1.9256306936448302,78.2,False,76.02443704587574
Ryan Flournoy,rec_yds,9.5,,-700,0.14,32.4,78.2,,was_dal,23.0,True,,29.39796192297774,78.2,False,76.02443704587574
Makai Lemon,rec_yds,9.5,,-500,0.2,40.2,78.2,,phi_ten,14.0,True,,39.41124152993086,78.2,False,76.02443704587574
Deshaun Watson,pass_yds,124.5,,-470,0.21,199.7,78.2,,cle_tb,238.0,True,,96.53828544139414,78.2,False,76.02443704587574
Tee Higgins,rec,3.5,,-192,0.52,5.9,78.2,,cin_hou,5.0,True,,3.081009109831729,78.2,False,76.02443704587574
George Pickens,rec_yds,39.5,,-360,0.28,83.5,78.1,,was_dal,40.0,True,,56.732106171556765,78.1,False,75.93498565308442
TreVeyon Henderson,rush_yds,14.5,,-1200,0.08,38.8,78.1,,pit_ne,76.0,True,,31.331594999291575,78.1,False,75.93498565308442
Jayden Daniels,rush_yds,14.5,,-1100,0.09,48.8,78.0,,was_dal,69.0,True,,44.4189347559053,78.0,False,75.84551391472878
Denzel Boston,rec,1.5,,-420,0.24,3.4,78.0,,cle_tb,5.0,True,,2.460524082688632,78.0,False,75.84551391472878
Travis Etienne,rec_yds,4.5,,-350,0.29,23.8,77.9,,no_bal,6.0,True,,25.10339563643787,77.89999999999999,False,75.75602167908859
Jakobi Meyers,rec,1.5,,-1200,0.08,3.8,77.9,,jax_den,1.0,False,,2.991596371181715,77.89999999999999,False,75.75602167908859
Jeremiyah Love,rec,1.5,,-390,0.26,12.1,77.9,,sea_ari,3.0,True,,13.787357188924426,77.89999999999999,False,75.75602167908859
Parker Washington,rec_yds,19.5,,-1450,0.07,64.9,77.9,,jax_den,98.0,True,,59.05151097897821,77.89999999999999,False,75.75602167908859
Jaylen Waddle,rec_yds,19.5,,-1000,0.1,64.7,77.9,,jax_den,138.0,True,,58.79137216409284,77.89999999999999,False,75.75602167908859
Brenton Strange,rec_yds,9.5,,-1000,0.1,31.4,77.8,,jax_den,17.0,True,,28.610393325855373,77.8,False,75.66650879850914
Mack Hollins,rec,1.5,,-670,0.15,3.7,77.8,,pit_ne,2.0,True,,2.8741034391270244,77.8,False,75.66650879850914
Drake Maye,rush_yds,9.5,,-1000,0.1,31.3,77.8,,pit_ne,20.0,True,,28.479752260440513,77.8,False,75.66650879850914
Harold Fannin Jr.,rec,2.5,,-350,0.29,4.2,77.8,,cle_tb,5.0,True,,2.2208981120527005,77.8,False,75.66650879850914
Wan'Dale Robinson,rec_yds,19.5,,-440,0.23,44.1,77.7,,phi_ten,9.0,False,,32.279205533537656,77.70000000000002,False,75.57697512933701
Jake Ferguson,rec_yds,9.5,,-700,0.14,30.6,77.7,,was_dal,43.0,True,,27.68663564055466,77.70000000000002,False,75.57697512933701
Tony Pollard,rec,0.5,,-500,0.2,2.9,77.7,,phi_ten,1.0,True,,3.1491907837597712,77.70000000000002,False,75.57697512933701
Brian Thomas Jr.,rec,1.5,,-400,0.25,3.7,77.6,,jax_den,3.0,True,,2.899492221070379,77.59999999999998,False,75.48742053185707
Josh Downs,rec_yds,14.5,,-850,0.12,36.6,77.6,,ind_kc,72.0,True,,29.126717311661533,77.59999999999998,False,75.48742053185707
Alvin Kamara,rec_yds,9.5,,-130,0.77,29.2,77.6,,no_bal,7.0,False,,25.963634888675664,77.59999999999998,False,75.48742053185707
Juwan Johnson,rec_yds,14.5,,-800,0.12,43.1,77.6,,no_bal,66.0,True,,37.69339887391492,77.6,False,75.4874205318571
Tyler Warren,rec_yds,24.5,,-420,0.24,49.5,77.5,,ind_kc,21.0,False,,33.09439066952116,77.50000000000001,False,75.39784487023098
Jerry Jeudy,rec_yds,14.5,,-350,0.29,41.9,77.5,,cle_tb,0.0,False,,36.2714521737952,77.5,False,75.39784487023098
Daniel Jones,rush_yds,9.5,,102,1.02,30.5,77.5,,ind_kc,10.0,True,,27.79928816239778,77.5,False,75.39784487023098
Alec Pierce,rec_yds,14.5,,-700,0.14,45.4,77.4,,ind_kc,11.0,False,,41.08578662450272,77.4,False,75.30824801243674
Geno Smith,rush_yds,4.5,,-192,0.52,14.2,77.4,,gb_nyj,17.0,True,,12.897479943614123,77.4,False,75.30824801243674
Jeremiyah Love,rush_yds,39.5,,106,1.06,66.8,77.3,,sea_ari,29.0,False,,36.46012972436751,77.30000000000001,False,75.21862983020961
Marvin Harrison Jr.,rec_yds,19.5,,-330,0.3,49.5,77.3,,sea_ari,0.0,False,,40.066076620184084,77.3,False,75.21862983020961
Jaxon Smith-Njigba,rec,4.5,,-420,0.24,6.8,77.3,,sea_ari,9.0,True,,3.0717325408807796,77.3,False,75.21862983020961
Jordan Addison,rec_yds,14.5,,-670,0.15,44.5,77.2,,min_chi,21.0,True,,40.24417222226861,77.2,False,75.1289901989842
Tommy Tremble,rec,0.5,,-670,0.15,1.1,77.2,,car_atl,1.0,True,,0.8048834444453723,77.2,False,75.1289901989842
Chase Brown,rush_yds,29.5,,-670,0.15,65.8,77.1,,cin_hou,80.0,True,,48.912330286522234,77.1,False,75.0393289978376
George Holani,rush_yds,19.5,,-320,0.31,46.2,77.1,,sea_ari,13.0,False,,35.976837979342804,77.1,False,75.0393289978376
Brock Purdy,rush_yds,4.5,,-490,0.2,13.8,77.1,,mia_sf,30.0,True,,12.531258172580078,77.1,False,75.0393289978376
C.J. Stroud,rush_yds,4.5,,-360,0.28,13.8,77.1,,cin_hou,29.0,True,,12.531258172580078,77.1,False,75.0393289978376
Brian Thomas Jr.,rec_yds,19.5,,-300,0.33,60.2,77.1,,jax_den,40.0,True,,54.841097593979484,77.1,False,75.0393289978376
Bijan Robinson,rush_yds,39.5,,-1800,0.06,71.0,77.1,,car_atl,72.0,True,,42.44458413293252,77.1,False,75.0393289978376
De'Von Achane,rec_yds,9.5,,-800,0.12,33.7,77.0,,mia_sf,19.0,True,,32.75374325096914,77.0,False,74.94964610943401
Cooper Kupp,rec_yds,14.5,,-245,0.41,31.0,77.0,,sea_ari,20.0,True,,22.332097671115317,77.0,False,74.94964610943401
Courtland Sutton,rec_yds,19.5,,-440,0.23,59.5,77.0,,jax_den,25.0,True,,54.13841859664319,77.0,False,74.94964610943401
Kenyon Sadiq,rec_yds,4.5,,-850,0.12,24.8,77.0,,gb_nyj,17.0,True,,27.47524743779642,77.0,False,74.94964610943401
Travis Etienne,rush_yds,24.5,,-390,0.26,51.9,77.0,,no_bal,25.0,True,,37.08481673870058,77.0,False,74.94964610943401
D'Andre Swift,rush_yds,24.5,,-1800,0.06,63.7,77.0,,min_chi,45.0,True,,53.05565022471033,77.0,False,74.94964610943401
Darnell Washington,rec_yds,4.5,,-420,0.24,12.9,76.9,,pit_ne,7.0,True,,11.4199084975237,76.9,False,74.85994141996999
Caleb Douglas,rec_yds,9.5,,-1100,0.09,40.4,76.9,,mia_sf,19.0,True,,42.00894911589075,76.9,False,74.85994141996999
Chris Olave,rec_yds,49.5,,-275,0.36,85.0,76.9,,no_bal,86.0,True,,48.26270853120135,76.9,False,74.85994141996999
D'Andre Swift,rec_yds,4.5,,-320,0.31,22.6,76.8,,min_chi,54.0,True,,24.71744934938078,76.8,False,74.77021481912102
Evan Engram,rec_yds,9.5,,-490,0.2,28.6,76.8,,jax_den,17.0,True,,26.083054285810654,76.8,False,74.77021481912102
Tre Tucker,rec,1.5,,-700,0.14,3.7,76.8,,lv_lac,5.0,True,,3.00433086014573,76.8,False,74.77021481912102
Jacory Croskey-Merritt,rush_yds,24.5,,-750,0.13,50.2,76.8,,was_dal,43.0,True,,35.096046866247846,76.8,False,74.77021481912102
Saquon Barkley,rush_yds,39.5,,-1450,0.07,88.4,76.7,,phi_ten,9.0,False,,67.07793922527672,76.7,False,74.68046619998931
Romeo Doubs,rec_yds,19.5,,-400,0.25,57.8,76.7,,pit_ne,96.0,True,,52.5375270414744,76.7,False,74.68046619998931
Pat Bryant,rec_yds,14.5,,-440,0.23,43.0,76.7,,jax_den,0.0,False,,39.09450445644962,76.7,False,74.68046619998931
Kyle Pitts,rec_yds,19.5,,-300,0.33,47.9,76.6,,car_atl,15.0,False,,39.132632147557686,76.6,False,74.59069545905233
Chris Olave,rec,4.5,,-270,0.37,7.1,76.6,,no_bal,8.0,True,,3.5825649149172527,76.6,False,74.59069545905233
Jalen Hurts,pass_yds,174.5,,-260,0.38,240.0,76.6,,phi_ten,264.0,True,,90.25307766426157,76.6,False,74.59069545905233
Tre Tucker,rec_yds,9.5,,-1200,0.08,39.9,76.5,,lv_lac,119.0,True,,42.07734455258217,76.50000000000001,False,74.50090249611253
KC Concepcion,rec_yds,9.5,,-900,0.11,38.1,76.5,,cle_tb,28.0,True,,39.585922835652966,76.50000000000001,False,74.50090249611253
Mike Evans,rec_yds,24.5,,-470,0.21,59.0,76.5,,mia_sf,54.0,True,,47.75224957447647,76.50000000000001,False,74.50090249611253
Chase Brown,rec_yds,4.5,,-1000,0.1,23.2,76.5,,cin_hou,2.0,False,,25.88310339254232,76.50000000000001,False,74.50090249611253
Tyjae Spears,rush_yds,4.5,,-1000,0.1,25.3,76.5,,phi_ten,41.0,True,,28.789762062293065,76.50000000000001,False,74.50090249611253
Tony Pollard,rush_yds,29.5,,-240,0.42,63.1,76.5,,phi_ten,64.0,True,,46.506538716011875,76.50000000000001,False,74.50090249611253
Dak Prescott,pass_yds,199.5,,-650,0.15,273.0,76.5,,was_dal,279.0,True,,101.73305344127597,76.50000000000001,False,74.50090249611253
Geno Smith,pass_yds,149.5,,-580,0.17,217.2,76.4,,gb_nyj,247.0,True,,94.12860907070629,76.4,False,74.4110872142479
Dak Prescott,rush_yds,4.5,,-230,0.43,13.0,76.4,,was_dal,26.0,True,,11.818215319069477,76.4,False,74.4110872142479
Joe Burrow,pass_yds,199.5,,-380,0.26,283.3,76.3,,cin_hou,207.0,True,,117.04139636254916,76.3,False,74.32124951976368
Garrett Wilson,rec_yds,29.5,,-1200,0.08,64.1,76.3,,gb_nyj,57.0,True,,48.324967949214795,76.3,False,74.32124951976368
Rico Dowdle,rush_yds,24.5,,-240,0.42,48.9,76.3,,pit_ne,22.0,False,,34.078879131816215,76.30000000000001,False,74.32124951976368
Mark Andrews,rec_yds,19.5,,-900,0.11,43.3,76.2,,no_bal,49.0,True,,33.39175673787058,76.2,False,74.23138932214482
Jonathon Brooks,rush_yds,14.5,,-260,0.38,38.2,76.2,,car_atl,16.0,True,,33.25145523897197,76.2,False,74.23138932214482
Jayden Daniels,pass_yds,149.5,,-1000,0.1,199.1,76.2,,was_dal,96.0,False,,69.58954345371347,76.2,False,74.23138932214482
Greg Dulcich,rec_yds,14.5,,-230,0.43,44.7,76.2,,mia_sf,17.0,True,,42.37105266738201,76.2,False,74.23138932214482
Noah Gray,rec_yds,4.5,,-260,0.38,16.3,76.1,,ind_kc,0.0,False,,16.630892071134415,76.1,False,74.14150653400944
Cole Kmet,rec_yds,4.5,,-350,0.29,15.3,76.1,,min_chi,0.0,False,,15.221494437987431,76.1,False,74.14150653400944
Hunter Henry,rec,1.5,,-800,0.12,3.4,76.1,,pit_ne,3.0,True,,2.67785550297927,76.1,False,74.14150653400944
Ashton Jeanty,rec,1.5,,-1450,0.07,4.1,76.1,,lv_lac,4.0,True,,3.6644338461821584,76.1,False,74.14150653400944
Dontayvion Wicks,rec_yds,4.5,,-1450,0.07,16.2,76.1,,phi_ten,74.0,True,,16.489952307819713,76.1,False,74.14150653400944
Chris Bell,rec_yds,14.5,,-174,0.57,49.7,76.0,,mia_sf,0.0,False,,49.83699883299102,76.0,False,74.05160107106323
Mack Hollins,rec_yds,14.5,,-550,0.18,40.5,76.0,,pit_ne,18.0,True,,36.81141959255018,76.0,False,74.05160107106323
Brock Purdy,pass_yds,174.5,,-600,0.17,232.9,76.0,,mia_sf,287.0,True,,82.68411170018965,76.0,False,74.05160107106323
Devaughn Vele,rec_yds,19.5,,-500,0.2,43.7,76.0,,no_bal,64.0,True,,34.262936697681326,76.0,False,74.05160107106323
Jakobi Meyers,rec_yds,14.5,,-700,0.14,40.2,75.9,,jax_den,28.0,True,,36.55295869163447,75.9,False,73.96167285205459
Carson Wentz,pass_yds,124.5,,-1600,0.06,210.3,75.9,,min_chi,143.0,True,,122.03283485378358,75.9,False,73.96167285205459
Justin Herbert,pass_td,1.0,,-700,0.14,1.42,75.9,,lv_lac,1.0,True,,0.5973635272562831,75.9,False,73.96167285205459
Malik Washington,rec_yds,9.5,,-1200,0.08,42.9,75.8,,mia_sf,43.0,True,,47.722221224475646,75.8,False,73.87172179873066
Pat Bryant,rec,1.5,,-650,0.15,3.3,75.8,,jax_den,0.0,False,,2.5718562336543758,75.8,False,73.87172179873066
Omarion Hampton,rec,1.5,,-210,0.48,3.9,75.8,,lv_lac,2.0,True,,3.4291416448725016,75.8,False,73.87172179873066
DK Metcalf,rec_yds,29.5,,-600,0.17,53.4,75.8,,pit_ne,27.0,False,,34.14853554685533,75.8,False,73.87172179873066
Dalton Schultz,rec,2.5,,-670,0.15,3.9,75.8,,cin_hou,12.0,True,,2.000332626175626,75.8,False,73.87172179873066
Caleb Williams,rush_yds,9.5,,-1200,0.08,26.1,75.8,,min_chi,42.0,True,,23.71822971036814,75.8,False,73.87172179873066
Jalen Hurts,pass_td,1.0,,-420,0.24,1.41,75.7,,phi_ten,2.0,True,,0.5885013295944436,75.69999999999999,False,73.78174783579436
Aaron Rodgers,pass_yds,149.5,,-670,0.15,202.5,75.7,,pit_ne,187.0,True,,76.07456211830613,75.69999999999999,False,73.78174783579436
Tucker Kraft,rec_yds,29.5,,-300,0.33,60.2,75.7,,gb_nyj,15.0,False,,44.06583126475469,75.69999999999999,False,73.78174783579436
Jeremiyah Love,rec,2.5,,-132,0.76,12.1,75.7,,sea_ari,3.0,True,,13.779543327089414,75.69999999999999,False,73.78174783579436
D'Andre Swift,rec,1.5,,-152,0.66,4.1,75.6,,min_chi,5.0,True,,3.7491347450331713,75.6,False,73.69175089086183
Javonte Williams,rec_yds,4.5,,-440,0.23,19.8,75.6,,was_dal,20.0,True,,22.06221599961828,75.6,False,73.69175089086183
Terry McLaurin,rec,2.5,,-440,0.23,4.0,75.6,,was_dal,2.0,False,,2.1629623529037527,75.6,False,73.69175089086187
Trevor Lawrence,pass_yds,174.5,,-400,0.25,222.9,75.6,,jax_den,189.0,True,,69.79158525369444,75.6,False,73.69175089086183
De'Von Achane,rush_yds,39.5,,-380,0.26,85.0,75.5,,mia_sf,74.0,True,,65.91252845467596,75.49999999999999,False,73.60173089442122
Parker Washington,rec,2.5,,-700,0.14,5.4,75.5,,jax_den,7.0,True,,4.201018297111216,75.49999999999999,False,73.60173089442122
Xavier Worthy,rec,1.5,,-800,0.12,2.7,75.5,,ind_kc,5.0,True,,1.738352398804641,75.49999999999999,False,73.60173089442122
Colston Loveland,rec_yds,24.5,,-750,0.13,50.3,75.4,,min_chi,3.0,False,,37.54740978295694,75.4,False,73.51168777979169
Bucky Irving,rush_yds,29.5,,-1450,0.07,62.5,75.4,,cle_tb,89.0,True,,48.02575669913097,75.4,False,73.51168777979169
Quentin Johnston,rec_yds,19.5,,-850,0.12,53.8,75.4,,lv_lac,7.0,False,,49.917680447884614,75.4,False,73.51168777979169
Jacoby Brissett,pass_yds,174.5,,-350,0.29,229.8,75.4,,sea_ari,95.0,False,,80.47952562005888,75.4,False,73.51168777979169
Jayden Reed,rec_yds,19.5,,-400,0.25,45.8,75.4,,gb_nyj,4.0,False,,38.2750727632468,75.4,False,73.51168777979169
David Montgomery,rush_yds,29.5,,-1000,0.1,55.0,75.3,,cin_hou,10.0,False,,37.28284538986705,75.3,False,73.42162148308353
Jalen Hurts,rush_yds,14.5,,-580,0.17,38.5,75.3,,phi_ten,16.0,True,,35.089736837521926,75.3,False,73.42162148308353
Tetairoa McMillan,rec,3.5,,-240,0.42,5.3,75.3,,car_atl,5.0,True,,2.6317302628141443,75.3,False,73.42162148308353
Jadarian Price,rush_yds,29.5,,-1100,0.09,57.7,75.3,,sea_ari,52.0,True,,41.230440784088266,75.3,False,73.42162148308353
Carnell Tate,rec_yds,14.5,,-900,0.11,40.9,75.3,,phi_ten,27.0,True,,38.598710521274114,75.30000000000001,False,73.42162148308353
Jaylen Waddle,rec_yds,24.5,,-600,0.17,64.7,75.3,,jax_den,138.0,True,,58.77530920284923,75.3,False,73.42162148308353
Parker Washington,rec_yds,24.5,,-850,0.12,64.9,75.3,,jax_den,98.0,True,,59.067723676495255,75.3,False,73.42162148308353
Alvin Kamara,rush_yds,14.5,,-132,0.76,28.3,75.3,,no_bal,15.0,True,,20.176598681575108,75.3,False,73.42162148308353
C.J. Stroud,pass_td,1.0,,-500,0.2,1.4,75.3,,cin_hou,0.0,False,,0.5848289472920319,75.3,False,73.42162148308353
Jalen Nailor,rec_yds,9.5,,-750,0.13,39.9,75.2,,lv_lac,9.0,False,,44.65355109885944,75.2,False,73.33153194315891
Harold Fannin Jr.,rec_yds,19.5,,-340,0.29,41.9,75.2,,cle_tb,54.0,True,,32.902616599159586,75.2,False,73.33153194315891
Emeka Egbuka,rec_yds,29.5,,-420,0.24,63.3,75.2,,cle_tb,16.0,False,,49.647698261231874,75.2,False,73.33153194315891
Trey McBride,rec,4.5,,-420,0.24,6.3,75.1,,sea_ari,8.0,True,,2.6562778072336357,75.1,False,73.24141910159332
Carson Wentz,rush_yds,4.5,,-235,0.43,15.0,75.0,,min_chi,6.0,True,,15.567323294308821,75.0,False,73.15128290263783
Xavier Legette,rec_yds,9.5,,-220,0.45,28.2,74.9,,car_atl,64.0,True,,27.854480423939922,74.9,False,73.06112329318178
Kirk Cousins,pass_yds,174.5,,-180,0.56,241.3,74.9,,lv_lac,253.0,True,,99.50156643418113,74.9,False,73.06112329318178
Dalton Schultz,rec_yds,19.5,,-580,0.17,41.9,74.9,,cin_hou,140.0,True,,33.365794732420014,74.9,False,73.06112329318178
CeeDee Lamb,rec_yds,49.5,,-400,0.25,86.5,74.9,,was_dal,153.0,True,,55.11314308480092,74.9,False,73.06112329318178
Breece Hall,rush_yds,29.5,,-1800,0.06,66.6,74.9,,gb_nyj,29.0,False,,55.26209752557064,74.9,False,73.06112329318178
Rome Odunze,rec_yds,24.5,,-260,0.38,50.0,74.8,,min_chi,43.0,True,,38.16169575979691,74.8,False,72.97094022271644
Bo Nix,rush_yds,9.5,,-320,0.31,24.2,74.8,,jax_den,9.0,False,,21.999095202706457,74.8,False,72.97094022271644
Pat Freiermuth,rec_yds,9.5,,-1000,0.1,21.3,74.8,,pit_ne,32.0,True,,17.659137645709947,74.8,False,72.97094022271644
Garrett Wilson,rec,3.5,,-650,0.15,5.6,74.8,,gb_nyj,5.0,True,,3.142727886100922,74.8,False,72.97094022271644
Carson Wentz,pass_td,1.0,,-420,0.24,1.38,74.8,,min_chi,0.0,False,,0.5686840936754048,74.8,False,72.97094022271644
DK Metcalf,rec,2.5,,-750,0.13,3.8,74.8,,pit_ne,4.0,True,,1.9454982152053326,74.8,False,72.97094022271644
Alvin Kamara,rec,2.5,,136,1.36,5.1,74.8,,no_bal,5.0,True,,3.8909964304106652,74.8,False,72.97094022271644
Keenan Allen,rec_yds,19.5,,-245,0.41,34.6,74.8,,ind_kc,5.0,False,,22.597710038154254,74.8,False,72.97094022271644
Jayden Daniels,pass_td,1.0,,-420,0.24,1.38,74.8,,was_dal,1.0,True,,0.5686840936754048,74.8,False,72.97094022271644
Omarion Hampton,rush_yds,29.5,,-1200,0.08,63.1,74.7,,lv_lac,94.0,True,,50.52031821664716,74.7,False,72.8807336432992
Stefon Diggs,rec_yds,29.5,,-350,0.29,50.3,74.7,,was_dal,47.0,True,,31.274482705543473,74.7,False,72.8807336432992
Kayshon Boutte,rec,1.5,,-500,0.2,2.6,74.7,,cin_hou,3.0,True,,1.6539389892354726,74.7,False,72.8807336432992
Dallas Goedert,rec_yds,24.5,,-280,0.36,48.5,74.7,,phi_ten,4.0,False,,36.085941583319396,74.7,False,72.8807336432992
Jaxon Smith-Njigba,rec_yds,49.5,,-470,0.21,81.3,74.7,,sea_ari,155.0,True,,47.8138725978982,74.7,False,72.8807336432992
Kayshon Boutte,rec_yds,14.5,,-490,0.2,36.7,74.6,,cin_hou,37.0,True,,33.53701803110814,74.6,False,72.79050350951826
Breece Hall,rec,1.5,,-390,0.26,4.0,74.6,,gb_nyj,5.0,True,,3.776691219719384,74.6,False,72.79050350951827
Hunter Henry,rec_yds,14.5,,-700,0.14,36.5,74.6,,pit_ne,40.0,True,,33.23488273353058,74.6,False,72.79050350951827
Patrick Mahomes,rush_yds,9.5,,-320,0.31,23.8,74.5,,ind_kc,17.0,True,,21.704890533222752,74.5,False,72.70024977845829
Jaylin Noel,rec_yds,9.5,,-450,0.22,25.0,74.5,,cin_hou,31.0,True,,23.526279948598084,74.5,False,72.70024977845829
Quentin Johnston,rec,2.5,,-420,0.24,4.6,74.5,,lv_lac,1.0,False,,3.187431476906837,74.5,False,72.70024977845829
Jayden Daniels,rush_yds,19.5,,-500,0.2,48.8,74.5,,was_dal,69.0,True,,44.47225822541444,74.5,False,72.70024977845829
Luther Burden III,rec_yds,39.5,,-210,0.48,69.1,74.5,,min_chi,32.0,False,,44.92760557925827,74.5,False,72.70024977845829
Michael Wilson,rec_yds,19.5,,-420,0.24,44.8,74.5,,sea_ari,18.0,False,,38.40096017416332,74.5,False,72.70024977845829
Tee Higgins,rec_yds,39.5,,-250,0.4,78.0,74.5,,cin_hou,95.0,True,,58.43624374329202,74.5,False,72.70024977845829
Ashton Jeanty,rush_yds,39.5,,-470,0.21,78.0,74.4,,lv_lac,48.0,True,,58.713487257463285,74.4,False,72.60997240966634
Breece Hall,rec_yds,9.5,,-310,0.32,31.7,74.4,,gb_nyj,63.0,True,,33.85556927573208,74.4,False,72.60997240966634
De'Von Achane,rec,2.5,,-420,0.24,5.0,74.4,,mia_sf,3.0,True,,3.812564107627486,74.4,False,72.60997240966634
Drake Maye,pass_yds,149.5,,-900,0.11,194.7,74.4,,pit_ne,208.0,True,,68.93115906590494,74.4,False,72.60997240966634
Drake London,rec,3.5,,-290,0.34,5.6,74.4,,car_atl,4.0,True,,3.202553850407088,74.4,False,72.60997240966634
Brian Thomas Jr.,rec_yds,24.5,,-215,0.47,60.2,74.3,,jax_den,40.0,True,,54.70241593200854,74.3,False,72.5196713651185
Makai Lemon,rec_yds,14.5,,-310,0.32,40.2,74.3,,phi_ten,14.0,False,,39.379610348812875,74.3,False,72.5196713651185
Tetairoa McMillan,rec_yds,39.5,,-280,0.36,72.1,74.3,,car_atl,101.0,True,,49.95234620121787,74.3,False,72.5196713651185
Xavier Hutchinson,rec_yds,4.5,,-1200,0.08,23.7,74.3,,cin_hou,37.0,True,,29.419786719735683,74.3,False,72.5196713651185
Terry McLaurin,rec_yds,29.5,,-420,0.24,53.1,74.3,,was_dal,50.0,True,,36.16182117634178,74.3,False,72.5196713651185
Tre Harris,rec_yds,14.5,,-470,0.21,35.3,74.2,,lv_lac,53.0,True,,32.02347094559632,74.2,False,72.42934660918728
Ja'Marr Chase,rec_yds,69.5,,-152,0.66,117.8,74.2,,cin_hou,75.0,True,,74.36219455155302,74.2,False,72.42934660918728
Cooper Rush,pass_yds,99.5,,-1600,0.06,167.6,74.2,,car_atl,86.0,False,,104.84607554784182,74.2,False,72.42934660918728
Courtland Sutton,rec_yds,24.5,,-300,0.33,59.5,74.1,,jax_den,25.0,True,,54.14340812674159,74.1,False,72.33899810860937
Andrei Iosivas,rec_yds,4.5,,-340,0.29,24.0,74.1,,cin_hou,7.0,True,,30.1656130991846,74.1,False,72.33899810860937
Darren Waller,rec_yds,9.5,,-250,0.4,28.0,74.1,,car_atl,33.0,True,,28.618658581277696,74.1,False,72.33899810860937
D'Andre Swift,rush_yds,29.5,,-1000,0.1,63.7,74.0,,min_chi,45.0,True,,53.15962422878063,74.0,False,72.24862583245397
Kenneth Walker III,rush_yds,39.5,,-1450,0.07,60.3,74.0,,ind_kc,117.0,True,,32.330999530954294,74.0,False,72.24862583245397
Christian McCaffrey,rec,2.5,,-750,0.13,4.5,73.9,,mia_sf,4.0,True,,3.1237041059014126,73.9,False,72.15822975209178
Darren Waller,rec,0.5,,-1200,0.08,1.5,73.9,,car_atl,3.0,True,,1.5618520529507063,73.9,False,72.15822975209178
Justin Herbert,pass_yds,199.5,,-210,0.48,266.3,73.9,,lv_lac,192.0,False,,104.33171713710719,73.9,False,72.15822975209178
Malik Willis,pass_yds,174.5,,-148,0.68,243.5,73.8,,mia_sf,197.0,True,,108.2876672135732,73.8,False,72.06780984116448
Denzel Boston,rec_yds,9.5,,-670,0.15,30.4,73.8,,cle_tb,95.0,True,,32.800177460343185,73.8,False,72.06780984116448
Evan Engram,rec,1.5,,-500,0.2,3.0,73.8,,jax_den,1.0,False,,2.3540797220342,73.8,False,72.06780984116448
Romeo Doubs,rec_yds,24.5,,-270,0.37,57.8,73.7,,pit_ne,96.0,True,,52.513401092904616,73.7,False,71.9773660755547
Brenton Strange,rec,1.5,,-750,0.13,3.0,73.7,,jax_den,2.0,True,,2.3654685176984063,73.7,False,71.9773660755547
Malik Willis,pass_td,1.0,,-174,0.57,1.33,73.7,,mia_sf,1.0,True,,0.5204030738936495,73.70000000000002,False,71.9773660755547
Jacoby Brissett,pass_td,1.0,,-300,0.33,1.34,73.7,,sea_ari,1.0,True,,0.5361728640116389,73.7,False,71.9773660755547
Christian Watson,rec_yds,19.5,,-1450,0.07,46.5,73.7,,gb_nyj,41.0,True,,42.578433318571314,73.7,False,71.9773660755547
Rachaad White,rush_yds,14.5,,-275,0.36,29.5,73.6,,was_dal,43.0,True,,23.76945608790313,73.6,False,71.88689843335652
Alec Pierce,rec_yds,19.5,,-450,0.22,45.4,73.6,,ind_kc,11.0,False,,41.0419275117794,73.6,False,71.88689843335652
David Njoku,rec_yds,9.5,,-490,0.2,21.9,73.5,,lv_lac,9.0,False,,19.74503382918268,73.5,False,71.7964068948465
Luther Burden III,rec,4.5,,104,1.04,6.1,73.5,,min_chi,3.0,False,,2.5477463005397007,73.5,False,71.7964068948465
Chase Brown,rec,1.5,,-850,0.12,5.3,73.5,,cin_hou,3.0,True,,6.05089746378179,73.5,False,71.7964068948465
Marvin Harrison Jr.,rec_yds,24.5,,-225,0.44,49.5,73.4,,sea_ari,0.0,False,,40.00282237547102,73.4,False,71.70589144245517
Romeo Doubs,rec,2.5,,-230,0.43,4.9,73.4,,pit_ne,3.0,True,,3.8402709480452186,73.4,False,71.70589144245517
Juwan Johnson,rec_yds,19.5,,-470,0.21,43.1,73.4,,no_bal,66.0,True,,37.76266432244465,73.4,False,71.70589144245517
Germie Bernard,rec,0.5,,-440,0.23,0.9,73.4,,pit_ne,4.0,True,,0.6400451580075364,73.4,False,71.70589144245517
Jeremiyah Love,rec,3.5,,178,1.78,12.1,73.4,,sea_ari,3.0,False,,13.76097089716203,73.4,False,71.70589144245517
Bhayshul Tuten,rush_yds,19.5,,-1400,0.07,37.7,73.4,,jax_den,65.0,True,,29.122054689342907,73.4,False,71.70589144245517
Tyquan Thornton,rec,0.5,,-320,0.31,1.0,73.3,,ind_kc,4.0,True,,0.8039727889832863,73.3,False,71.61535206073901
Xavier Worthy,rec_yds,14.5,,-670,0.15,32.4,73.3,,ind_kc,25.0,True,,28.782225845601644,73.3,False,71.61535206073901
Jordan Addison,rec_yds,19.5,,-420,0.24,44.5,73.3,,min_chi,21.0,True,,40.19863944916431,73.3,False,71.61535206073901
Dallas Goedert,rec,2.5,,-310,0.32,3.8,73.3,,phi_ten,1.0,False,,2.090329251356544,73.3,False,71.61535206073901
Baker Mayfield,pass_yds,199.5,,-168,0.6,262.1,73.3,,cle_tb,182.0,False,,100.65739318070747,73.3,False,71.61535206073901
Caleb Williams,pass_td,1.0,,-750,0.13,1.31,73.2,,min_chi,0.0,False,,0.5009104932494495,73.2,False,71.52478873635289
Jaylin Noel,rec,1.5,,-310,0.32,2.4,73.2,,cin_hou,1.0,False,,1.4542562707242077,73.2,False,71.52478873635289
Derrick Henry,rush_yds,59.5,,-670,0.15,95.1,73.2,,no_bal,68.0,True,,57.52391470864643,73.2,False,71.52478873635289
Jerry Jeudy,rec_yds,19.5,,-230,0.43,41.9,73.2,,cle_tb,0.0,False,,36.194822738024726,73.2,False,71.52478873635289
Mike Evans,rec_yds,29.5,,-330,0.3,59.0,73.1,,mia_sf,54.0,True,,47.902037799732916,73.1,False,71.434201458023
TreVeyon Henderson,rush_yds,19.5,,-550,0.18,38.8,73.1,,pit_ne,76.0,True,,31.339299306265936,73.1,False,71.434201458023
Drake London,rec_yds,39.5,,-275,0.36,71.5,73.1,,car_atl,51.0,True,,51.96153252852384,73.1,False,71.434201458023
Caleb Douglas,rec_yds,14.5,,-600,0.17,40.4,73.1,,mia_sf,19.0,True,,42.05636539027398,73.1,False,71.434201458023
Cade Otton,rec_yds,14.5,,-350,0.29,32.3,73.0,,cle_tb,38.0,True,,29.04638162201923,73.0,False,71.3435902165202
Omarion Hampton,rec_yds,4.5,,-300,0.33,20.1,73.0,,lv_lac,21.0,True,,25.45637939907304,73.0,False,71.3435902165202
Chris Rodriguez Jr.,rush_yds,19.5,,-180,0.56,36.9,73.0,,jax_den,13.0,False,,28.393653945119926,73.0,False,71.3435902165202
Woody Marks,rush_yds,19.5,,-280,0.36,36.6,72.9,,cin_hou,8.0,False,,28.042376519547407,72.9,False,71.2529550046338
Chris Brooks,rush_yds,19.5,,-180,0.56,37.2,72.9,,gb_nyj,11.0,False,,29.026319555321002,72.9,False,71.2529550046338
Travis Kelce,rec_yds,24.5,,-390,0.26,42.2,72.9,,ind_kc,101.0,True,,29.026319555321002,72.9,False,71.2529550046338
DeVonta Smith,rec_yds,49.5,,-192,0.52,80.5,72.9,,phi_ten,117.0,True,,50.83705684830232,72.9,False,71.2529550046338
Ryan Flournoy,rec_yds,14.5,,-400,0.25,32.4,72.9,,was_dal,23.0,True,,29.354300567245527,72.9,False,71.2529550046338
Wan'Dale Robinson,rec_yds,24.5,,-280,0.36,44.1,72.8,,phi_ten,9.0,False,,32.301904755134665,72.8,False,71.1622958171458
Lamar Jackson,pass_yds,174.5,,-310,0.32,220.1,72.8,,no_bal,235.0,True,,75.15137024663981,72.8,False,71.1622958171458
Chris Bell,rec_yds,19.5,,-114,0.88,49.7,72.8,,mia_sf,0.0,False,,49.77130222474831,72.8,False,71.1622958171458
Tre Tucker,rec_yds,14.5,,-600,0.17,39.9,72.7,,lv_lac,119.0,True,,42.06935947547101,72.7,False,71.07161265080562
Tyler Warren,rec_yds,29.5,,-275,0.36,49.5,72.7,,ind_kc,21.0,False,,33.12547990194568,72.7,False,71.07161265080562
Travis Etienne,rush_yds,29.5,,-250,0.4,51.9,72.7,,no_bal,25.0,False,,37.10053749017916,72.7,False,71.07161265080562
Kalif Raymond,rec_yds,4.5,,-900,0.11,12.4,72.6,,min_chi,40.0,True,,13.150014928798239,72.6,False,70.980905504305
Rome Odunze,rec,2.5,,-122,0.82,4.1,72.6,,min_chi,3.0,True,,2.663294162794579,72.6,False,70.980905504305
George Holani,rush_yds,24.5,,-198,0.51,46.2,72.6,,sea_ari,13.0,False,,36.120927082901495,72.6,False,70.980905504305
Pat Bryant,rec_yds,19.5,,-270,0.37,43.0,72.6,,jax_den,0.0,False,,39.11713301604539,72.6,False,70.980905504305
George Pickens,rec_yds,49.5,,-220,0.45,83.5,72.5,,was_dal,40.0,False,,56.879002995900514,72.5,False,70.89017437825363
Kyle Pitts,rec_yds,24.5,,-198,0.51,47.9,72.5,,car_atl,15.0,False,,39.146137356002114,72.5,False,70.89017437825363
MarShawn Lloyd,rush_yds,39.5,,-225,0.44,69.1,72.5,,gb_nyj,20.0,False,,49.518190843489855,72.5,False,70.89017437825363
Parker Washington,rec_yds,29.5,,-550,0.18,64.9,72.5,,jax_den,98.0,True,,59.221079589849374,72.5,False,70.89017437825363
Rashod Bateman,rec_yds,9.5,,-1000,0.1,22.7,72.5,,no_bal,88.0,True,,22.082436457231964,72.5,False,70.89017437825363
Jaylen Waddle,rec_yds,29.5,,-420,0.24,64.7,72.5,,jax_den,138.0,True,,58.886497219285246,72.5,False,70.89017437825363
Jaylen Warren,rec_yds,4.5,,-900,0.11,17.0,72.5,,pit_ne,34.0,True,,20.911398160257544,72.5,False,70.89017437825363
T.J. Hockenson,rec_yds,14.5,,-470,0.21,29.9,72.5,,min_chi,29.0,True,,25.76284253343729,72.5,False,70.89017437825363
Alec Pierce,rec,1.5,,-440,0.23,2.9,72.5,,ind_kc,1.0,False,,2.342076593948845,72.5,False,70.89017437825363
KC Concepcion,rec_yds,14.5,,-470,0.21,38.1,72.4,,cle_tb,28.0,True,,39.679480802248044,72.4,False,70.79941927515499
Greg Dulcich,rec_yds,19.5,,-146,0.68,44.7,72.4,,mia_sf,17.0,False,,42.36961509392588,72.4,False,70.79941927515499
Patrick Mahomes,pass_yds,174.5,,-400,0.25,222.2,72.4,,ind_kc,382.0,True,,80.19962857064539,72.4,False,70.79941927515499
Rashee Rice,rec_yds,39.5,,-230,0.43,60.4,72.4,,ind_kc,83.0,True,,35.1398791850417,72.4,False,70.79941927515499
Kenyon Sadiq,rec,1.5,,-330,0.3,2.6,72.4,,gb_nyj,2.0,True,,1.8494673255285106,72.4,False,70.79941927515499
Malik Washington,rec_yds,14.5,,-580,0.17,42.9,72.4,,mia_sf,43.0,True,,47.74988367728154,72.4,False,70.79941927515499
Brian Robinson,rush_yds,9.5,,-700,0.14,20.2,72.3,,car_atl,51.0,True,,18.0811386353833,72.3,False,70.70864019938244
Tyler Shough,pass_yds,149.5,,-1400,0.07,227.7,72.3,,no_bal,252.0,True,,132.1443963819602,72.3,False,70.70864019938244
Brenton Strange,rec_yds,14.5,,-470,0.21,31.4,72.3,,jax_den,17.0,True,,28.558060087661474,72.3,False,70.70864019938244
Jacory Croskey-Merritt,rush_yds,29.5,,-470,0.21,50.2,72.2,,was_dal,43.0,True,,35.15665530996606,72.2,False,70.61783715715615
Drake Maye,rush_yds,14.5,,-440,0.23,31.3,72.2,,pit_ne,20.0,True,,28.532937642871,72.2,False,70.61783715715615
Cam Ward,pass_yds,174.5,,-158,0.63,221.1,72.1,,phi_ten,183.0,True,,79.5473291720521,72.1,False,70.52701015651984
Jake Ferguson,rec,2.5,,-250,0.4,3.4,72.1,,was_dal,4.0,True,,1.5363218080439247,72.1,False,70.52701015651984
Josh Downs,rec_yds,19.5,,-490,0.2,36.6,72.1,,ind_kc,72.0,True,,29.190114352834573,72.1,False,70.52701015651984
De'Von Achane,rec_yds,14.5,,-400,0.25,33.7,72.1,,mia_sf,19.0,True,,32.7748652382704,72.1,False,70.52701015651984
Gunnar Helm,rec_yds,9.5,,-450,0.22,19.7,72.1,,phi_ten,13.0,True,,17.411647157831148,72.1,False,70.52701015651984
Quentin Johnston,rec_yds,24.5,,-550,0.18,53.8,72.1,,lv_lac,7.0,False,,50.01580997298555,72.1,False,70.52701015651984
Bucky Irving,rec_yds,4.5,,-580,0.17,20.6,72.1,,cle_tb,1.0,False,,27.483090121674657,72.1,False,70.52701015651984
Jalen Nailor,rec,1.5,,-450,0.22,3.1,72.1,,lv_lac,1.0,False,,2.7312387698558664,72.1,False,70.52701015651984
Caleb Williams,pass_yds,174.5,,-450,0.22,227.5,72.0,,min_chi,138.0,False,,90.9338119176493,72.0,False,70.43615920731825
KC Concepcion,rec,2.5,,-230,0.43,4.3,72.0,,cle_tb,6.0,True,,3.08831814059941,72.0,False,70.43615920731825
Tyler Allgeier,rush_yds,19.5,,-400,0.25,28.6,72.0,,sea_ari,10.0,False,,15.613163933030354,72.0,False,70.43615920731825
Jake Ferguson,rec_yds,14.5,,-360,0.28,30.6,72.0,,was_dal,43.0,True,,27.623290035361393,72.0,False,70.43615920731825
Chris Bell,rec,2.5,,225,2.25,4.2,71.9,,mia_sf,0.0,False,,2.9316744347981887,71.9,False,70.34528432117494
Carnell Tate,rec,2.5,,-340,0.29,4.1,71.9,,phi_ten,3.0,True,,2.7592229974571176,71.9,False,70.34528432117494
Saquon Barkley,rec_yds,4.5,,-290,0.34,18.4,71.9,,phi_ten,11.0,True,,23.970749790408714,71.9,False,70.34528432117494
Saquon Barkley,rush_yds,49.5,,-650,0.15,88.4,71.9,,phi_ten,9.0,False,,67.0836091256762,71.9,False,70.34528432117494
Jaylen Warren,rush_yds,19.5,,-900,0.11,36.1,71.9,,pit_ne,43.0,True,,28.626938598617606,71.9,False,70.34528432117494
Daniel Jones,rush_yds,14.5,,198,1.98,30.5,71.8,,ind_kc,10.0,False,,27.73394383016457,71.8,False,70.25438551147022
Courtland Sutton,rec,2.5,,-260,0.38,4.5,71.8,,jax_den,3.0,True,,3.4667429787705712,71.8,False,70.25438551147022
George Kittle,rec_yds,39.5,,-122,0.82,65.9,71.8,,mia_sf,80.0,True,,45.76100731977155,71.8,False,70.25438551147022
Jeremiyah Love,rec_yds,4.5,,-650,0.15,25.3,71.8,,sea_ari,16.0,True,,36.05412697921394,71.8,False,70.25438551147022
Jahan Dotson,rec,0.5,,-750,0.13,1.1,71.7,,car_atl,2.0,True,,1.0453828237127893,71.7,False,70.16346279331971
Drake Maye,pass_td,1.0,,-470,0.21,1.26,71.7,,pit_ne,0.0,False,,0.4529992236088753,71.7,False,70.16346279331971
Mack Hollins,rec_yds,19.5,,-340,0.29,40.5,71.6,,pit_ne,18.0,False,,36.777617123728234,71.6,False,70.07251618355295
Rico Dowdle,rush_yds,29.5,,-158,0.63,48.9,71.6,,pit_ne,22.0,False,,33.975512961920366,71.6,False,70.07251618355295
Travis Etienne,rec_yds,9.5,,-152,0.66,23.8,71.6,,no_bal,6.0,False,,25.0438059461578,71.6,False,70.07251618355295
Ja'Marr Chase,rec,7.5,,158,1.58,10.2,71.6,,cin_hou,7.0,False,,4.728550773050772,71.6,False,70.07251618355295
Jalen Nailor,rec_yds,14.5,,-440,0.23,39.9,71.6,,lv_lac,9.0,False,,44.48340356869986,71.6,False,70.07251618355295
Jordan Love,pass_yds,174.5,,-1100,0.09,215.9,71.5,,gb_nyj,145.0,False,,72.88071613411131,71.5,False,69.98154570069268
Rhamondre Stevenson,rec_yds,9.5,,-290,0.34,19.6,71.4,,pit_ne,3.0,False,,17.87267552650642,71.40000000000002,False,69.89055136493403
Jakobi Meyers,rec_yds,19.5,,-420,0.24,40.2,71.4,,jax_den,28.0,True,,36.630136970166625,71.40000000000002,False,69.89055136493403
Bucky Irving,rec,1.5,,-270,0.37,2.9,71.4,,cle_tb,4.0,True,,2.477400568030592,71.40000000000002,False,69.89055136493403
Alvin Kamara,rec_yds,14.5,,146,1.46,29.2,71.4,,no_bal,7.0,False,,26.01270596432122,71.40000000000002,False,69.89055136493403
Tyjae Spears,rec,1.5,,-400,0.25,2.8,71.4,,phi_ten,2.0,True,,2.3004433845998356,71.40000000000002,False,69.89055136493403
Jonathon Brooks,rush_yds,19.5,,-154,0.65,38.2,71.3,,car_atl,16.0,False,,33.26394200748758,71.3,False,69.79953319812434
Woody Marks,rec,0.5,,-440,0.23,1.3,71.3,,cin_hou,5.0,True,,1.4230563425663134,71.3,False,69.79953319812434
Devaughn Vele,rec_yds,24.5,,-330,0.3,43.7,71.3,,no_bal,64.0,True,,34.153352221591526,71.3,False,69.79953319812434
Mark Andrews,rec_yds,24.5,,-550,0.18,43.3,71.3,,no_bal,49.0,True,,33.44182405030836,71.29999999999998,False,69.79953319812434
Brian Thomas Jr.,rec_yds,29.5,,-154,0.65,60.2,71.2,,jax_den,40.0,True,,54.89622687522789,71.2,False,69.70849122374328
Kenyon Sadiq,rec_yds,9.5,,-350,0.29,24.8,71.2,,gb_nyj,17.0,True,,27.35870590198654,71.2,False,69.70849122374328
Cam Ward,rush_yds,4.5,,-390,0.26,9.1,71.1,,phi_ten,7.0,True,,8.268793795546701,71.1,False,69.61742546688295
Jayden Reed,rec_yds,24.5,,-270,0.37,45.8,71.1,,gb_nyj,4.0,False,,38.288110401118416,71.1,False,69.61742546688295
Kyle Monangai,rush_yds,14.5,,-1100,0.09,35.0,71.1,,min_chi,47.0,True,,36.85005930624073,71.1,False,69.61742546688295
Michael Wilson,rec,2.5,,-320,0.31,3.9,71.0,,sea_ari,2.0,False,,2.5298855398900373,71.0,False,69.52633595422878
Colston Loveland,rec_yds,29.5,,-490,0.2,50.3,71.0,,min_chi,3.0,False,,37.58687087836626,71.0,False,69.52633595422878
Jeremiyah Love,rec,4.5,,360,3.6,12.1,71.0,,sea_ari,3.0,False,,13.73366435940306,71.0,False,69.52633595422878
Carnell Tate,rec_yds,19.5,,-500,0.2,40.9,71.0,,phi_ten,27.0,True,,38.67110753831914,71.0,False,69.52633595422878
Courtland Sutton,rec_yds,29.5,,-210,0.48,59.5,71.0,,jax_den,25.0,False,,54.21183299764366,71.0,False,69.52633595422878
Pat Freiermuth,rec,1.5,,-850,0.12,2.0,70.9,,pit_ne,4.0,True,,0.9083218164607534,70.9,False,69.43522271404025
Tyjae Spears,rush_yds,9.5,,-330,0.3,25.3,70.9,,phi_ten,41.0,True,,28.702969400159805,70.9,False,69.43522271404025
Juwan Johnson,rec,2.5,,-380,0.26,4.0,70.8,,no_bal,4.0,True,,2.7394690760737355,70.8,False,69.34408577613216
C.J. Stroud,pass_yds,199.5,,-188,0.53,250.0,70.8,,cin_hou,353.0,True,,92.22879222781576,70.8,False,69.34408577613216
Jayden Daniels,rush_yds,24.5,,-310,0.32,48.8,70.8,,was_dal,69.0,True,,44.37939903239451,70.8,False,69.34408577613216
Justin Herbert,rush_yds,9.5,,-420,0.24,18.8,70.7,,lv_lac,2.0,False,,17.075447531487658,70.7,False,69.25292517185613
Jayden Reed,rec,2.5,,-260,0.38,3.6,70.6,,gb_nyj,1.0,False,,2.0305072261892847,70.6,False,69.16174093408232
Jalen Hurts,rush_yds,19.5,,-310,0.32,38.5,70.6,,phi_ten,16.0,False,,35.07239754326946,70.6,False,69.16174093408232
Justice Hill,rush_yds,4.5,,-500,0.2,18.5,70.6,,no_bal,6.0,True,,25.842819242409075,70.6,False,69.16174093408232
Evan Engram,rec_yds,14.5,,-270,0.37,28.6,70.6,,jax_den,17.0,True,,26.027410808426286,70.6,False,69.16174093408232
De'Von Achane,rush_yds,49.5,,-198,0.51,85.0,70.5,,mia_sf,74.0,True,,65.88275097649824,70.5,False,69.0705330971815
Bo Nix,pass_yds,174.5,,-360,0.28,220.4,70.5,,jax_den,288.0,True,,85.18361323440196,70.5,False,69.0705330971815
Romeo Doubs,rec_yds,29.5,,-188,0.53,57.8,70.5,,pit_ne,96.0,True,,52.520615567180286,70.5,False,69.0705330971815
Jonathan Taylor,rec_yds,4.5,,-700,0.14,12.9,70.5,,ind_kc,40.0,True,,15.589157977537614,70.5,False,69.0705330971815
Tyquan Thornton,rec_yds,4.5,,-270,0.37,12.0,70.5,,ind_kc,86.0,True,,13.918891051372869,70.5,False,69.0705330971815
Daniel Jones,pass_td,1.0,,-330,0.3,1.22,70.5,,ind_kc,1.0,True,,0.4082874708402707,70.5,False,69.0705330971815
Rome Odunze,rec_yds,29.5,,-192,0.52,50.0,70.4,,min_chi,43.0,True,,38.25054853289337,70.4,False,68.97930169700733
Quinshon Judkins,rush_yds,39.5,,-245,0.41,58.0,70.4,,cle_tb,21.0,False,,34.51878770041596,70.4,False,68.97930169700733
Trevor Lawrence,rush_yds,9.5,,-290,0.34,18.5,70.4,,jax_den,6.0,False,,16.792923746148308,70.4,False,68.97930169700733
Chase Brown,rush_yds,39.5,,-300,0.33,65.8,70.4,,cin_hou,80.0,True,,49.07265494707782,70.4,False,68.97930169700733
Rhamondre Stevenson,rush_yds,19.5,,-1400,0.07,35.0,70.3,,pit_ne,43.0,True,,29.078028890363445,70.30000000000001,False,68.88804677087884
Trey McBride,rec_yds,39.5,,-400,0.25,59.9,70.3,,sea_ari,41.0,True,,38.27043802344608,70.30000000000001,False,68.88804677087884
Bijan Robinson,rec_yds,14.5,,-1200,0.08,28.6,70.3,,car_atl,9.0,False,,26.451626280911267,70.30000000000001,False,68.88804677087884
Makai Lemon,rec,2.5,,-122,0.82,4.0,70.3,,phi_ten,1.0,False,,2.8140027958416236,70.30000000000001,False,68.88804677087884
Harold Fannin Jr.,rec_yds,24.5,,-230,0.43,41.9,70.2,,cle_tb,54.0,True,,32.82019121208981,70.2,False,68.79676835756337
Michael Wilson,rec_yds,24.5,,-270,0.37,44.8,70.2,,sea_ari,18.0,False,,38.29022308077145,70.2,False,68.79676835756337
D'Andre Swift,rec_yds,9.5,,-148,0.68,22.6,70.2,,min_chi,54.0,True,,24.709454303354978,70.2,False,68.79676835756337
Chase Brown,rec_yds,9.5,,-360,0.28,23.2,70.2,,cin_hou,2.0,False,,25.841185034806347,70.2,False,68.79676835756337
Gunnar Helm,rec,1.5,,-550,0.18,1.9,70.2,,phi_ten,2.0,True,,0.7544871543009152,70.2,False,68.79676835756337
Tyjae Spears,rec_yds,4.5,,-650,0.15,13.2,70.2,,phi_ten,29.0,True,,16.410095606044905,70.2,False,68.79676835756337
Jonathan Taylor,rush_yds,49.5,,-750,0.13,79.7,70.2,,ind_kc,92.0,True,,56.96378014971911,70.2,False,68.79676835756337
Chris Olave,rec_yds,59.5,,-168,0.6,85.0,70.1,,no_bal,86.0,True,,48.361512759470564,70.1,False,68.70546649725941
Kyle Pitts,rec,2.5,,-245,0.41,3.8,70.0,,car_atl,1.0,False,,2.4790212223224373,70.0,False,68.61414123158013
Dallas Goedert,rec_yds,29.5,,-200,0.5,48.5,70.0,,phi_ten,4.0,False,,36.23184863394332,70.0,False,68.61414123158013
Makai Lemon,rec_yds,19.5,,-198,0.51,40.2,70.0,,phi_ten,14.0,False,,39.47364561698036,70.0,False,68.61414123158013
Dalton Schultz,rec_yds,24.5,,-360,0.28,41.9,69.9,,cin_hou,140.0,True,,33.36359246084096,69.9,False,68.52279260353677
David Njoku,rec,1.5,,-420,0.24,2.2,69.9,,lv_lac,1.0,False,,1.342213489803947,69.9,False,68.52279260353677
Deshaun Watson,pass_yds,149.5,,-240,0.42,199.7,69.9,,cle_tb,238.0,True,,96.25588169736874,69.9,False,68.52279260353677
Devaughn Vele,rec,2.5,,-360,0.28,4.0,69.9,,no_bal,5.0,True,,2.8761717638656004,69.9,False,68.52279260353677
Jaylen Waddle,rec,2.5,,-500,0.2,4.2,69.9,,jax_den,8.0,True,,3.2596613323810137,69.9,False,68.52279260353677
Travis Etienne,rec,1.5,,-188,0.53,2.8,69.7,,no_bal,2.0,True,,2.5203979829432828,69.7,False,68.34002543929587
Ja'Marr Chase,rec_yds,79.5,,102,1.02,117.8,69.7,,cin_hou,75.0,False,,74.25480211286748,69.7,False,68.34002543929587
Christian Watson,rec_yds,24.5,,-850,0.12,46.5,69.7,,gb_nyj,41.0,True,,42.652888942117094,69.7,False,68.34002543929587
DeVonta Smith,rec,4.5,,-136,0.74,6.1,69.6,,phi_ten,10.0,True,,3.1193315250746365,69.6,False,68.24860699596627
Hunter Henry,rec_yds,19.5,,-440,0.23,36.5,69.6,,pit_ne,40.0,True,,33.14289745391802,69.6,False,68.24860699596627
Cooper Kupp,rec_yds,19.5,,-158,0.63,31.0,69.6,,sea_ari,20.0,True,,22.420195336473956,69.6,False,68.24860699596627
George Pickens,rec,4.5,,-114,0.88,6.0,69.6,,was_dal,6.0,True,,2.9243733047574723,69.6,False,68.24860699596627
Kayshon Boutte,rec_yds,19.5,,-320,0.31,36.7,69.6,,cin_hou,37.0,True,,33.532813894552355,69.6,False,68.24860699596627
Alec Pierce,rec_yds,24.5,,-320,0.31,45.4,69.5,,ind_kc,11.0,False,,40.97449046694233,69.5,False,68.15716537597709
Keaton Mitchell,rush_yds,9.5,,-650,0.15,25.1,69.5,,lv_lac,24.0,True,,30.583830204990452,69.5,False,68.15716537597709
Javonte Williams,rec,1.5,,-320,0.31,3.7,69.5,,was_dal,3.0,True,,4.31310425967814,69.5,False,68.15716537597709
Breece Hall,rec_yds,14.5,,-174,0.57,31.7,69.5,,gb_nyj,63.0,True,,33.72063330293818,69.5,False,68.15716537597709
Garrett Wilson,rec_yds,39.5,,-490,0.2,64.1,69.5,,gb_nyj,57.0,True,,48.228347630946466,69.5,False,68.15716537597709
Josh Downs,rec,2.5,,-420,0.24,3.4,69.4,,ind_kc,7.0,True,,1.774375671051209,69.4,False,68.065700629091
Tony Pollard,rush_yds,39.5,,-114,0.88,63.1,69.4,,phi_ten,64.0,True,,46.52807315200949,69.4,False,68.065700629091
Chris Bell,rec_yds,24.5,,124,1.24,49.7,69.4,,mia_sf,0.0,False,,49.682518789433864,69.4,False,68.065700629091
Kirk Cousins,pass_td,1.0,,-290,0.34,1.18,69.4,,lv_lac,3.0,True,,0.3548751342102417,69.4,False,68.065700629091
Bijan Robinson,rush_yds,49.5,,-670,0.15,71.0,69.4,,car_atl,72.0,True,,42.38786325289,69.4,False,68.065700629091
Justice Hill,rec_yds,4.5,,-400,0.25,15.9,69.2,,no_bal,12.0,True,,22.730562723466885,69.2,False,67.88270196018397
Joe Burrow,pass_yds,224.5,,-210,0.48,283.3,69.2,,cin_hou,207.0,False,,117.24184983682923,69.2,False,67.88270196018397
Chuba Hubbard,rec,0.5,,-1100,0.09,1.9,69.2,,car_atl,2.0,True,,2.7914726151625997,69.2,False,67.88270196018397
Tony Pollard,rec_yds,4.5,,-260,0.38,12.7,69.2,,phi_ten,1.0,False,,16.350053888809512,69.2,False,67.88270196018397
Carson Wentz,pass_yds,149.5,,-670,0.15,210.3,69.1,,min_chi,143.0,False,,121.9201955611818,69.1,False,67.79116814414905
Jordan Addison,rec_yds,24.5,,-280,0.36,44.5,69.1,,min_chi,21.0,False,,40.105327487230845,69.1,False,67.79116814414905
Jonathon Brooks,rec,0.5,,-320,0.31,1.8,69.1,,car_atl,1.0,True,,2.606846286670005,69.1,False,67.79116814414905
Kenneth Walker III,rec_yds,4.5,,-1000,0.1,13.7,69.1,,ind_kc,61.0,True,,18.448450644126186,69.10000000000001,False,67.79116814414905
Caleb Douglas,rec_yds,19.5,,-390,0.26,40.4,69.1,,mia_sf,19.0,False,,41.91006722415623,69.10000000000001,False,67.79116814414905
David Montgomery,rec_yds,4.5,,-330,0.3,15.0,69.1,,cin_hou,14.0,True,,21.055296930796196,69.1,False,67.79116814414905
Marvin Harrison Jr.,rec_yds,29.5,,-158,0.63,49.5,69.1,,sea_ari,0.0,False,,40.105327487230845,69.1,False,67.79116814414905
Rachaad White,rec_yds,4.5,,-330,0.3,18.0,69.0,,was_dal,40.0,True,,27.22595652542773,69.0,False,67.69961141316003
Juwan Johnson,rec_yds,24.5,,-300,0.33,43.1,68.9,,no_bal,66.0,True,,37.72683147250876,68.9,False,67.6080318233525
Derrick Henry,rec,0.5,,-250,0.4,1.2,68.9,,no_bal,3.0,True,,1.4198269909008672,68.9,False,67.6080318233525
George Kittle,rec,3.5,,-128,0.78,4.5,68.9,,mia_sf,4.0,True,,2.028324272715525,68.9,False,67.6080318233525
Tre Harris,rec_yds,19.5,,-300,0.33,35.3,68.9,,lv_lac,53.0,True,,32.047523508905286,68.9,False,67.6080318233525
Xavier Legette,rec_yds,14.5,,-136,0.74,28.2,68.9,,car_atl,64.0,True,,27.78804253620269,68.9,False,67.6080318233525
Ashton Jeanty,rec_yds,9.5,,-700,0.14,23.6,68.9,,lv_lac,15.0,True,,28.5993722452889,68.9,False,67.6080318233525
Malik Washington,rec_yds,19.5,,-340,0.29,42.9,68.8,,mia_sf,43.0,True,,47.736666752391976,68.8,False,67.51642943209352
CeeDee Lamb,rec_yds,59.5,,-235,0.43,86.5,68.8,,was_dal,153.0,True,,55.08076932968306,68.8,False,67.51642943209352
Breece Hall,rush_yds,39.5,,-580,0.17,66.6,68.8,,gb_nyj,29.0,False,,55.28477217905224,68.8,False,67.51642943209352
Quentin Johnston,rec_yds,29.5,,-360,0.28,53.8,68.7,,lv_lac,7.0,False,,49.86000567479434,68.7,False,67.4248042979676
Daniel Jones,pass_yds,174.5,,-360,0.28,211.0,68.7,,ind_kc,210.0,True,,74.89260111646064,68.7,False,67.4248042979676
Tee Higgins,rec_yds,49.5,,-154,0.65,78.0,68.7,,cin_hou,95.0,True,,58.47778443340077,68.7,False,67.4248042979676
Christian McCaffrey,rec_yds,14.5,,-1100,0.09,26.0,68.7,,mia_sf,43.0,True,,23.596298981898556,68.7,False,67.4248042979676
J.K. Dobbins,rush_yds,39.5,,-330,0.3,55.3,68.7,,jax_den,36.0,False,,32.41926294904323,68.7,False,67.4248042979676
Caleb Williams,rush_yds,14.5,,-470,0.21,26.1,68.7,,min_chi,42.0,True,,23.80148419043681,68.7,False,67.4248042979676
Xavier Hutchinson,rec_yds,9.5,,-550,0.18,23.7,68.6,,cin_hou,37.0,True,,29.305917266055797,68.6,False,67.33315648076297
Tre Tucker,rec_yds,19.5,,-390,0.26,39.9,68.6,,lv_lac,119.0,True,,42.101458607573115,68.6,False,67.33315648076297
Saquon Barkley,rec,1.5,,-188,0.53,3.0,68.6,,phi_ten,1.0,False,,3.095695485850965,68.6,False,67.33315648076297
Denzel Boston,rec_yds,14.5,,-400,0.25,30.4,68.6,,cle_tb,95.0,True,,32.814372150020226,68.6,False,67.33315648076297
Ashton Jeanty,rush_yds,49.5,,-240,0.42,78.0,68.6,,lv_lac,48.0,False,,58.818214231168334,68.6,False,67.33315648076297
Andrei Iosivas,rec_yds,9.5,,-188,0.53,24.0,68.5,,cin_hou,7.0,False,,30.100045310946715,68.5,False,67.24148604145806
Emeka Egbuka,rec_yds,39.5,,-225,0.44,63.3,68.4,,cle_tb,16.0,False,,49.69579760354366,68.4,False,67.149793042208
Jeremiyah Love,rec,5.5,,680,6.8,12.1,68.4,,sea_ari,3.0,False,,13.781187570730594,68.4,False,67.149793042208
Bucky Irving,rush_yds,39.5,,-500,0.2,62.5,68.4,,cle_tb,89.0,True,,48.02535062527329,68.4,False,67.149793042208
Jerry Jeudy,rec_yds,24.5,,-158,0.63,41.9,68.4,,cle_tb,0.0,False,,36.33222177738066,68.4,False,67.149793042208
Dak Prescott,pass_yds,224.5,,-320,0.31,273.0,68.3,,was_dal,279.0,True,,101.86841298786754,68.3,False,67.0580775463315
Jaylen Warren,rec,1.5,,-550,0.18,2.6,68.3,,pit_ne,2.0,True,,2.3104176141578208,68.3,False,67.0580775463315
Greg Dulcich,rec_yds,24.5,,100,1.0,44.7,68.3,,mia_sf,17.0,False,,42.42766891453453,68.3,False,67.0580775463315
Jahan Dotson,rec_yds,4.5,,-490,0.2,13.3,68.3,,car_atl,11.0,True,,18.483340913262566,68.3,False,67.0580775463315
Pat Bryant,rec_yds,24.5,,-180,0.56,43.0,68.2,,jax_den,0.0,False,,39.087356667528546,68.2,False,66.96633961829781
Jeremiyah Love,rush_yds,49.5,,194,1.94,66.8,68.2,,sea_ari,29.0,False,,36.551960559364524,68.2,False,66.96633961829781
Darren Waller,rec_yds,14.5,,-138,0.72,28.0,68.2,,car_atl,33.0,True,,28.523206216845153,68.2,False,66.96633961829781
Tucker Kraft,rec_yds,39.5,,-158,0.63,60.2,68.1,,gb_nyj,15.0,False,,43.996032731463245,68.1,False,66.87457932371368
KC Concepcion,rec_yds,19.5,,-300,0.33,38.1,68.1,,cle_tb,28.0,True,,39.53266709203943,68.1,False,66.87457932371368
Kyle Pitts,rec_yds,29.5,,-132,0.76,47.9,68.1,,car_atl,15.0,False,,39.107584650189544,68.1,False,66.87457932371368
MarShawn Lloyd,rec,0.5,,-330,0.3,1.6,68.1,,gb_nyj,2.0,True,,2.337953430174375,68.1,False,66.87457932371368
Aaron Rodgers,pass_td,1.0,,-310,0.32,1.14,68.1,,pit_ne,0.0,False,,0.29755770929492026,68.1,False,66.87457932371368
Omarion Hampton,rush_yds,39.5,,-450,0.22,63.1,68.0,,lv_lac,94.0,True,,50.459825949268534,68.0,False,66.78279672931095
Bijan Robinson,rec,2.5,,-850,0.12,3.8,68.0,,car_atl,3.0,True,,2.7795666836461472,68.0,False,66.78279672931096
Bryce Young,pass_td,1.0,,-550,0.18,1.14,68.0,,car_atl,3.0,True,,0.299337950546508,68.0,False,66.78279672931095
Javonte Williams,rec_yds,9.5,,-188,0.53,19.8,67.9,,was_dal,20.0,True,,22.155097891600818,67.9,False,66.69099190293367
Chase Brown,rec,2.5,,-270,0.37,5.3,67.8,,cin_hou,3.0,True,,6.059118799058239,67.8,False,66.59916491352597
George Holani,rush_yds,29.5,,-125,0.8,46.2,67.8,,sea_ari,13.0,False,,36.138315694383074,67.8,False,66.59916491352597
Chris Brooks,rec,0.5,,-400,0.25,2.0,67.8,,gb_nyj,1.0,True,,3.2459564994954855,67.8,False,66.59916491352597
CeeDee Lamb,rec,5.5,,-138,0.72,6.9,67.8,,was_dal,8.0,True,,3.0295593995291203,67.8,False,66.59916491352597
Tee Higgins,rec,4.5,,118,1.18,5.9,67.7,,cin_hou,5.0,True,,3.0479434261922242,67.7,False,66.50731583111971
Mark Andrews,rec,2.5,,-490,0.2,3.5,67.7,,no_bal,6.0,True,,2.1771024472801597,67.7,False,66.50731583111971
Jaxon Smith-Njigba,rec_yds,59.5,,-290,0.34,81.3,67.6,,sea_ari,155.0,True,,47.750221604063945,67.6,False,66.41544472682243
TreVeyon Henderson,rush_yds,24.5,,-320,0.31,38.8,67.6,,pit_ne,76.0,True,,31.322393070555705,67.6,False,66.41544472682243
Jalen Nailor,rec_yds,19.5,,-280,0.36,39.9,67.6,,lv_lac,9.0,False,,44.68369361114241,67.6,False,66.41544472682243
Tetairoa McMillan,rec_yds,49.5,,-174,0.57,72.1,67.5,,car_atl,101.0,True,,49.8058244816277,67.5,False,66.32355167280544
Wan'Dale Robinson,rec_yds,29.5,,-200,0.5,44.1,67.5,,phi_ten,9.0,False,,32.17544413414888,67.5,False,66.32355167280544
Bhayshul Tuten,rush_yds,24.5,,-670,0.15,37.7,67.5,,jax_den,65.0,True,,29.09012757334009,67.5,False,66.32355167280544
D'Andre Swift,rush_yds,39.5,,-400,0.25,63.7,67.5,,min_chi,45.0,True,,53.33190055112349,67.5,False,66.32355167280544
Geno Smith,pass_td,1.0,,-310,0.32,1.12,67.5,,gb_nyj,1.0,True,,0.2644557052121828,67.5,False,66.32355167280544
Geno Smith,pass_yds,174.5,,-275,0.36,217.2,67.5,,gb_nyj,247.0,True,,94.10215510466827,67.5,False,66.32355167280544
Parker Washington,rec,3.5,,-250,0.4,5.4,67.4,,jax_den,7.0,True,,4.212995766807181,67.40000000000002,False,66.23163674229203
Tyler Warren,rec,3.5,,-300,0.33,4.5,67.4,,ind_kc,6.0,True,,2.2173661930564106,67.40000000000002,False,66.23163674229203
Xavier Worthy,rec_yds,19.5,,-420,0.24,32.4,67.3,,ind_kc,25.0,True,,28.781005192622846,67.3,False,66.1397000095458
Jalen Hurts,pass_yds,199.5,,-136,0.74,240.0,67.3,,phi_ten,264.0,True,,90.35896979079267,67.3,False,66.1397000095458
Jalen Coker,rec_yds,19.5,,-1000,0.1,33.1,67.2,,car_atl,66.0,True,,30.531437408654877,67.2,False,66.04774154985934
Keenan Allen,rec_yds,24.5,,-158,0.63,34.6,67.2,,ind_kc,5.0,False,,22.674082193192223,67.2,False,66.04774154985934
Ryan Flournoy,rec,2.5,,-138,0.72,3.5,67.2,,was_dal,5.0,True,,2.244958632989329,67.2,False,66.04774154985934
Jaylin Noel,rec_yds,14.5,,-270,0.37,25.0,67.2,,cin_hou,31.0,True,,23.57206564638795,67.20000000000002,False,66.04774154985934
Germie Bernard,rec_yds,4.5,,-330,0.3,8.9,67.2,,pit_ne,35.0,True,,9.877817985153047,67.2,False,66.04774154985934
Derrick Henry,rush_yds,69.5,,-350,0.29,95.1,67.2,,no_bal,68.0,False,,57.47094100452681,67.2,False,66.04774154985934
Tony Pollard,rec,1.5,,-112,0.89,2.9,67.1,,phi_ten,1.0,False,,3.162582891196862,67.1,False,65.95576143954263
Chris Olave,rec,5.5,,-132,0.76,7.1,67.1,,no_bal,8.0,True,,3.614380447082128,67.1,False,65.95576143954263
Tyler Shough,pass_td,1.0,,-270,0.37,1.11,67.1,,no_bal,1.0,True,,0.24848865573689655,67.1,False,65.95576143954263
Cade Otton,rec_yds,19.5,,-220,0.45,32.3,67.1,,cle_tb,38.0,True,,28.915043576657023,67.1,False,65.95576143954263
Ryan Flournoy,rec_yds,19.5,,-260,0.38,32.4,67.0,,was_dal,23.0,True,,29.32396892522666,67.0,False,65.86375975591208
Ashton Jeanty,rec,2.5,,-400,0.25,4.1,67.0,,lv_lac,4.0,True,,3.637081417082376,67.0,False,65.86375975591208
Jadarian Price,rush_yds,39.5,,-420,0.24,57.7,67.0,,sea_ari,52.0,True,,41.371801119312046,67.0,False,65.86375975591208
Bo Nix,rush_yds,14.5,,-166,0.6,24.2,67.0,,jax_den,9.0,False,,22.049806091061907,67.0,False,65.86375975591208
Travis Kelce,rec_yds,29.5,,-270,0.37,42.2,66.9,,ind_kc,101.0,True,,29.05157752941511,66.9,False,65.7717365772793
Bryce Young,pass_yds,149.5,,-900,0.11,189.9,66.9,,car_atl,287.0,True,,92.41604190459609,66.9,False,65.7717365772793
Chris Rodriguez Jr.,rush_yds,24.5,,-114,0.88,36.9,66.9,,jax_den,13.0,False,,28.365319792499783,66.9,False,65.7717365772793
Chris Brooks,rush_yds,24.5,,-114,0.88,37.2,66.9,,gb_nyj,11.0,False,,29.05157752941511,66.9,False,65.7717365772793
Jeremiyah Love,rec_yds,9.5,,-260,0.38,25.3,66.9,,sea_ari,16.0,True,,36.14290747754005,66.9,False,65.7717365772793
Luther Burden III,rec_yds,49.5,,-125,0.8,69.1,66.9,,min_chi,32.0,False,,44.83550547846739,66.9,False,65.7717365772793
Jayden Daniels,rush_yds,29.5,,-200,0.5,48.8,66.8,,was_dal,69.0,True,,44.42937966088211,66.8,False,65.67969198294021
De'Von Achane,rec_yds,19.5,,-235,0.43,33.7,66.8,,mia_sf,19.0,False,,32.688973636503945,66.8,False,65.67969198294021
Rico Dowdle,rec_yds,4.5,,-490,0.2,11.4,66.8,,pit_ne,22.0,True,,15.884078738864591,66.8,False,65.67969198294021
Colston Loveland,rec,3.5,,-275,0.36,4.6,66.8,,min_chi,1.0,False,,2.5322444366305863,66.8,False,65.67969198294021
Mack Hollins,rec_yds,24.5,,-240,0.42,40.5,66.8,,pit_ne,18.0,False,,36.83264635099036,66.8,False,65.6796919829402
Rhamondre Stevenson,rec,1.5,,-420,0.24,2.3,66.8,,pit_ne,1.0,False,,1.8416323175495173,66.8,False,65.67969198294021
Tucker Kraft,rec,3.5,,-146,0.68,4.6,66.8,,gb_nyj,2.0,False,,2.5322444366305863,66.8,False,65.67969198294021
Alvin Kamara,rush_yds,19.5,,134,1.34,28.3,66.8,,no_bal,15.0,False,,20.257955493044697,66.8,False,65.67969198294021
Bryce Young,rush_yds,9.5,,-200,0.5,15.7,66.8,,car_atl,6.0,False,,14.27265046100876,66.8,False,65.67969198294021
Woody Marks,rush_yds,24.5,,-178,0.56,36.6,66.7,,cin_hou,8.0,False,,28.03234445400952,66.7,False,65.58762605316429
Saquon Barkley,rush_yds,59.5,,-330,0.3,88.4,66.7,,phi_ten,9.0,False,,66.95328551412193,66.7,False,65.58762605316429
Emeka Egbuka,rec,3.5,,-158,0.63,4.5,66.7,,cle_tb,3.0,False,,2.316722682149547,66.7,False,65.58762605316429
Patrick Mahomes,rush_yds,14.5,,-160,0.62,23.8,66.6,,ind_kc,17.0,True,,21.683653932742033,66.6,False,65.4955388691838
Jakobi Meyers,rec_yds,24.5,,-275,0.36,40.2,66.6,,jax_den,28.0,True,,36.60573835957526,66.6,False,65.4955388691838
Parker Washington,rec_yds,39.5,,-290,0.34,64.9,66.6,,jax_den,98.0,True,,59.222022568994376,66.6,False,65.4955388691838
Jaylen Waddle,rec_yds,39.5,,-230,0.43,64.7,66.6,,jax_den,138.0,True,,58.75570743065583,66.6,False,65.4955388691838
Jakobi Meyers,rec,2.5,,-320,0.31,3.8,66.6,,jax_den,1.0,False,,3.0310483992004986,66.6,False,65.4955388691838
Mike Evans,rec,3.5,,-132,0.76,4.7,66.6,,mia_sf,3.0,False,,2.79789083003123,66.6,False,65.4955388691838
Cade Otton,rec,2.5,,-160,0.62,3.2,66.6,,cle_tb,5.0,True,,1.6321029841848844,66.6,False,65.4955388691838
Jordan Addison,rec,2.5,,-235,0.43,3.5,66.5,,min_chi,2.0,False,,2.346602545593635,66.5,False,65.40343051318331
Wan'Dale Robinson,rec,3.5,,-205,0.49,4.4,66.5,,phi_ten,1.0,False,,2.1119422910342722,66.5,False,65.40343051318331
D'Andre Swift,rec,2.5,,198,1.98,4.1,66.5,,min_chi,5.0,True,,3.754564072949815,66.5,False,65.40343051318331
Jayden Reed,rec_yds,29.5,,-186,0.54,45.8,66.5,,gb_nyj,4.0,False,,38.24962149317624,66.5,False,65.40343051318331
George Pickens,rec_yds,59.5,,-136,0.74,83.5,66.4,,was_dal,40.0,False,,56.68335455563576,66.4,False,65.31130106828927
Drake London,rec_yds,49.5,,-160,0.62,71.5,66.4,,car_atl,51.0,True,,51.959741675999446,66.4,False,65.31130106828927
Carnell Tate,rec_yds,24.5,,-330,0.3,40.9,66.4,,phi_ten,27.0,True,,38.733625613017765,66.4,False,65.31130106828927
Rachaad White,rush_yds,19.5,,-158,0.63,29.5,66.3,,was_dal,43.0,True,,23.7719064860139,66.3,False,65.21915061855961
Kyle Monangai,rush_yds,19.5,,-550,0.18,35.0,66.3,,min_chi,47.0,True,,36.84645505332154,66.3,False,65.21915061855961
Marvin Harrison Jr.,rec,2.5,,-210,0.48,3.6,66.3,,sea_ari,0.0,False,,2.6149097134615293,66.3,False,65.21915061855961
Mack Hollins,rec,2.5,,-210,0.48,3.7,66.3,,pit_ne,2.0,False,,2.852628778321668,66.3,False,65.21915061855961
Kirk Cousins,pass_yds,199.5,,104,1.04,241.3,66.3,,lv_lac,253.0,True,,99.36656911153813,66.3,False,65.21915061855961
Jaxon Smith-Njigba,rec,5.5,,-205,0.49,6.8,66.2,,sea_ari,9.0,True,,3.110586084924534,66.2,False,65.1269792489737
Adonai Mitchell,rec_yds,9.5,,-850,0.12,23.8,66.2,,gb_nyj,63.0,True,,34.21644693416988,66.2,False,65.1269792489737
Brenton Strange,rec_yds,19.5,,-275,0.36,31.4,66.1,,jax_den,17.0,False,,28.66131080142269,66.1,False,65.0347870454222
Devaughn Vele,rec_yds,29.5,,-235,0.43,43.7,66.1,,no_bal,64.0,True,,34.20089188068927,66.1,False,65.0347870454222
Josh Downs,rec_yds,24.5,,-320,0.31,36.6,66.1,,ind_kc,72.0,True,,29.143013503967616,66.1,False,65.0347870454222
Omarion Hampton,rec_yds,9.5,,-132,0.76,20.1,66.1,,lv_lac,21.0,True,,25.53024323488072,66.1,False,65.0347870454222
David Montgomery,rush_yds,39.5,,-420,0.24,55.0,66.1,,cin_hou,10.0,False,,37.33195944723124,66.1,False,65.0347870454222
Drake Maye,rush_yds,19.5,,-245,0.41,31.3,66.1,,pit_ne,20.0,True,,28.420459450150236,66.1,False,65.0347870454222
Rachaad White,rec,1.5,,-188,0.53,2.3,66.0,,was_dal,6.0,True,,1.9395673040725665,66.0,False,64.94257409469708
DeVonta Smith,rec_yds,59.5,,-120,0.83,80.5,66.0,,phi_ten,117.0,True,,50.91364173190488,66.0,False,64.94257409469708
Mark Andrews,rec_yds,29.5,,-360,0.28,43.3,66.0,,no_bal,49.0,True,,33.457535995251774,66.0,False,64.94257409469708
Jonathon Brooks,rush_yds,24.5,,104,1.04,38.2,66.0,,car_atl,16.0,False,,33.21509008224272,66.0,False,64.94257409469708
Noah Gray,rec_yds,9.5,,-144,0.69,16.3,65.9,,ind_kc,0.0,False,,16.596073141305688,65.9,False,64.85034048448186
Alvin Kamara,rec,3.5,,310,3.1,5.1,65.9,,no_bal,5.0,True,,3.9049583861895725,65.9,False,64.85034048448186
Brian Thomas Jr.,rec,2.5,,-122,0.82,3.7,65.9,,jax_den,3.0,True,,2.9287187896421805,65.9,False,64.85034048448186
Cooper Rush,pass_yds,124.5,,-600,0.17,167.6,65.9,,car_atl,86.0,False,,105.18981652798162,65.9,False,64.85034048448186
Chris Bell,rec_yds,29.5,,164,1.64,49.7,65.8,,mia_sf,0.0,False,,49.63012336524037,65.8,False,64.75808630334181
Jeremiyah Love,rec,6.5,,1200,12.0,12.1,65.8,,sea_ari,3.0,False,,13.758846081452774,65.8,False,64.75808630334181
DK Metcalf,rec_yds,39.5,,-310,0.32,53.4,65.8,,pit_ne,27.0,False,,34.15142152360599,65.8,False,64.75808630334181
Mike Evans,rec_yds,39.5,,-188,0.53,59.0,65.8,,mia_sf,54.0,True,,47.91026760505877,65.8,False,64.75808630334181
Tre Harris,rec,2.5,,-186,0.54,3.5,65.8,,lv_lac,1.0,False,,2.456936800259424,65.8,False,64.75808630334181
Rashid Shaheed,rec,1.5,,-215,0.47,2.1,65.8,,sea_ari,3.0,True,,1.4741620801556545,65.8,False,64.75808630334181
Dontayvion Wicks,rec_yds,9.5,,-650,0.15,16.2,65.8,,phi_ten,74.0,True,,16.461476561738138,65.8,False,64.75808630334181
Malik Willis,pass_yds,199.5,,136,1.36,243.5,65.8,,mia_sf,197.0,False,,108.10521921141465,65.8,False,64.75808630334181
Stefon Diggs,rec,3.5,,-270,0.37,4.3,65.8,,was_dal,5.0,True,,1.9655494402075389,65.8,False,64.75808630334181
Brock Purdy,pass_yds,199.5,,-300,0.33,232.9,65.7,,mia_sf,287.0,True,,82.61411024599036,65.7,False,64.66581164071441
Jaylen Warren,rush_yds,24.5,,-490,0.2,36.1,65.7,,pit_ne,43.0,True,,28.692325714176288,65.7,False,64.66581164071441
T.J. Hockenson,rec_yds,19.5,,-280,0.36,29.9,65.7,,min_chi,29.0,True,,25.72415408857184,65.7,False,64.66581164071441
Bucky Irving,rec_yds,9.5,,-250,0.4,20.6,65.7,,cle_tb,1.0,False,,27.455587536841104,65.7,False,64.66581164071441
Omarion Hampton,rec,2.5,,140,1.4,3.9,65.7,,lv_lac,2.0,False,,3.462866896538517,65.7,False,64.66581164071441
Justin Herbert,pass_yds,224.5,,-112,0.89,266.3,65.6,,lv_lac,192.0,False,,104.09126077889495,65.6,False,64.57351658689974
Tyler Shough,pass_yds,174.5,,-500,0.2,227.7,65.6,,no_bal,252.0,True,,132.47978644586624,65.6,False,64.57351658689974
Jake Ferguson,rec_yds,19.5,,-225,0.44,30.6,65.6,,was_dal,43.0,True,,27.641459202051045,65.6,False,64.57351658689974
Michael Wilson,rec_yds,29.5,,-192,0.52,44.8,65.5,,sea_ari,18.0,False,,38.359798628507036,65.5,False,64.4812012330512
Jalen Hurts,rush_yds,24.5,,-182,0.55,38.5,65.5,,phi_ten,16.0,False,,35.10046933327442,65.5,False,64.4812012330512
Christian Watson,rec_yds,29.5,,-580,0.17,46.5,65.5,,gb_nyj,41.0,True,,42.62199847611894,65.5,False,64.4812012330512
Keenan Allen,rec,2.5,,-320,0.31,3.1,65.5,,ind_kc,1.0,False,,1.504305828568904,65.5,False,64.4812012330512
Makai Lemon,rec_yds,24.5,,-132,0.76,40.2,65.5,,phi_ten,14.0,False,,39.36266918088632,65.5,False,64.4812012330512
Tre Tucker,rec,2.5,,-220,0.45,3.7,65.5,,lv_lac,5.0,True,,3.008611657137808,65.5,False,64.4812012330512
De'Von Achane,rec,3.5,,-172,0.58,5.0,65.4,,mia_sf,3.0,False,,3.786517421148942,65.4,False,64.38886567116606
Daniel Jones,rush_yds,19.5,,350,3.5,30.5,65.4,,ind_kc,10.0,False,,27.767794421758907,65.4,False,64.38886567116606
MarShawn Lloyd,rush_yds,49.5,,-122,0.82,69.1,65.4,,gb_nyj,20.0,False,,49.47716096967949,65.4,False,64.38886567116606
Breece Hall,rec,2.5,,-132,0.76,4.0,65.3,,gb_nyj,5.0,True,,3.8125971829800394,65.3,False,64.29650999407642
Josh Oliver,rec,0.5,,-500,0.2,0.8,65.3,,min_chi,1.0,True,,0.762519436596008,65.3,False,64.29650999407642
Javonte Williams,rush_yds,39.5,,-900,0.11,55.8,65.2,,was_dal,30.0,False,,41.717245606795565,65.2,False,64.20413429544001
Rashee Rice,rec,4.5,,-140,0.71,5.3,65.2,,ind_kc,4.0,False,,2.047472177020641,65.2,False,64.20413429544001
Alec Pierce,rec_yds,29.5,,-245,0.41,45.4,65.1,,ind_kc,11.0,False,,40.97709325094219,65.1,False,64.11173866973122
Andrei Iosivas,rec,1.5,,-104,0.96,2.2,65.1,,cin_hou,1.0,False,,1.8040229733119209,65.1,False,64.11173866973124
De'Von Achane,rush_yds,59.5,,-110,0.91,85.0,65.1,,mia_sf,74.0,True,,65.71797974207709,65.1,False,64.11173866973124
Pat Freiermuth,rec_yds,14.5,,-470,0.21,21.3,65.0,,pit_ne,32.0,True,,17.64764810807477,65.0,False,64.01932321223222
Malik Washington,rec_yds,24.5,,-230,0.43,42.9,65.0,,mia_sf,43.0,True,,47.752459586555254,65.0,False,64.01932321223222
Emmett Johnson,rec_yds,4.5,,-182,0.55,10.6,64.9,,ind_kc,20.0,True,,15.942624317765198,64.9,False,63.92688801902408
Caleb Douglas,rec,2.5,,-162,0.62,3.4,64.9,,mia_sf,2.0,False,,2.352190473112898,64.9,False,63.92688801902408
Cole Kmet,rec_yds,9.5,,-180,0.56,15.3,64.9,,min_chi,0.0,False,,15.158560826727568,64.9,False,63.92688801902408
Caleb Douglas,rec_yds,24.5,,-260,0.38,40.4,64.8,,mia_sf,19.0,False,,41.850203603402214,64.8,False,63.834433186978124
Ja'Marr Chase,rec_yds,89.5,,154,1.54,117.8,64.8,,cin_hou,75.0,False,,74.48809823750206,64.8,False,63.834433186978124
Jacoby Brissett,pass_yds,199.5,,-182,0.55,229.8,64.7,,sea_ari,95.0,False,,80.32157966221678,64.7,False,63.74195881374731
Brian Thomas Jr.,rec_yds,39.5,,114,1.14,60.2,64.7,,jax_den,40.0,True,,54.87315838309858,64.7,False,63.74195881374731
Terry McLaurin,rec_yds,39.5,,-235,0.43,53.1,64.7,,was_dal,50.0,True,,36.05193014541742,64.7,False,63.74195881374731
Tyjae Spears,rush_yds,14.5,,-166,0.6,25.3,64.7,,phi_ten,41.0,True,,28.62947393900795,64.7,False,63.74195881374731
Malik Washington,rec,3.5,,-104,0.96,4.4,64.7,,mia_sf,4.0,True,,2.38578949491733,64.7,False,63.74195881374731
Aaron Jones,rush_yds,29.5,,-1100,0.09,39.8,64.7,,min_chi,105.0,True,,27.304035330720538,64.7,False,63.74195881374731
Harold Fannin Jr.,rec_yds,29.5,,-154,0.65,41.9,64.7,,cle_tb,54.0,True,,32.87087748552764,64.7,False,63.74195881374731
Chuba Hubbard,rush_yds,24.5,,-1400,0.07,36.9,64.6,,car_atl,53.0,True,,33.106968954217685,64.6,False,63.649464997757676
Jordan Addison,rec_yds,29.5,,-205,0.49,44.5,64.6,,min_chi,21.0,False,,40.04875276719882,64.6,False,63.649464997757676
Kenyon Sadiq,rec_yds,14.5,,-210,0.48,24.8,64.6,,gb_nyj,17.0,True,,27.500143566809857,64.6,False,63.649464997757676
Xavier Hutchinson,rec,1.5,,-350,0.29,2.3,64.6,,cin_hou,3.0,True,,2.1359334809172696,64.6,False,63.649464997757676
Baker Mayfield,pass_yds,224.5,,114,1.14,262.1,64.6,,cle_tb,182.0,False,,100.38887360311176,64.6,False,63.649464997757676
David Njoku,rec_yds,14.5,,-280,0.36,21.9,64.6,,lv_lac,9.0,False,,19.757384698484746,64.6,False,63.649464997757676
Dalton Schultz,rec_yds,29.5,,-250,0.4,41.9,64.5,,cin_hou,140.0,True,,33.34623354025327,64.5,False,63.55695183819993
Saquon Barkley,rec_yds,9.5,,-132,0.76,18.4,64.5,,phi_ten,11.0,True,,23.933990202278558,64.5,False,63.55695183819993
Alvin Kamara,rec_yds,19.5,,240,2.4,29.2,64.5,,no_bal,7.0,False,,26.08536010810135,64.5,False,63.55695183819993
Travis Etienne,rec_yds,14.5,,128,1.28,23.8,64.5,,no_bal,6.0,False,,25.00967515518996,64.5,False,63.55695183819993
Rashod Bateman,rec_yds,14.5,,-550,0.18,22.7,64.5,,no_bal,88.0,True,,22.051541534683615,64.5,False,63.55695183819993
Courtland Sutton,rec_yds,39.5,,-114,0.88,59.5,64.4,,jax_den,25.0,False,,54.17538311854461,64.4,False,63.46441943502097
Tre Tucker,rec_yds,24.5,,-250,0.4,39.9,64.3,,lv_lac,119.0,True,,42.020327078493125,64.3,False,63.37186788891582
Aaron Rodgers,pass_yds,174.5,,-320,0.31,202.5,64.3,,pit_ne,187.0,True,,76.40059468816933,64.3,False,63.37186788891582
Kayshon Boutte,rec_yds,24.5,,-230,0.43,36.7,64.2,,cin_hou,37.0,True,,33.53400051482438,64.2,False,63.27929730131927
Geno Smith,rush_yds,9.5,,124,1.24,14.2,64.2,,gb_nyj,17.0,True,,12.918836263907746,64.2,False,63.27929730131927
Romeo Doubs,rec,3.5,,108,1.08,4.9,64.1,,pit_ne,3.0,False,,3.87668772975377,64.1,False,63.186707774397874
Hunter Henry,rec_yds,24.5,,-300,0.33,36.5,64.1,,pit_ne,40.0,True,,33.22875196931802,64.1,False,63.186707774397874
Rhamondre Stevenson,rush_yds,24.5,,-700,0.14,35.0,64.1,,pit_ne,43.0,True,,29.075157973153267,64.1,False,63.186707774397874
Juwan Johnson,rec_yds,29.5,,-205,0.49,43.1,64.1,,no_bal,66.0,True,,37.65925223189376,64.1,False,63.186707774397874
Breece Hall,rec_yds,19.5,,-104,0.96,31.7,64.1,,gb_nyj,63.0,True,,33.782564502139984,64.1,False,63.186707774397874
Denzel Boston,rec,2.5,,-136,0.74,3.4,64.1,,cle_tb,5.0,True,,2.4921563976988512,64.1,False,63.186707774397874
George Kittle,rec_yds,49.5,,140,1.4,65.9,64.0,,mia_sf,80.0,True,,45.75142334005329,64.0,False,63.09409941104192
Jaylen Warren,rec_yds,9.5,,-330,0.3,17.0,64.0,,pit_ne,34.0,True,,20.92290701526827,64.0,False,63.09409941104192
Greg Dulcich,rec_yds,29.5,,144,1.44,44.7,64.0,,mia_sf,17.0,False,,42.40375821761037,64.0,False,63.09409941104192
Jonathan Taylor,rush_yds,59.5,,-420,0.24,79.7,63.9,,ind_kc,92.0,True,,56.775524472817025,63.9,False,63.001472314857374
Ja'Marr Chase,rec,8.5,,270,2.7,10.2,63.9,,cin_hou,7.0,False,,4.778138198207371,63.9,False,63.001472314857374
Jerry Jeudy,rec,2.5,,-114,0.88,3.3,63.9,,cle_tb,0.0,False,,2.248535622685822,63.9,False,63.001472314857374
Jayden Daniels,pass_yds,174.5,,-420,0.24,199.1,63.8,,was_dal,96.0,False,,69.66510331519726,63.800000000000004,False,62.908826590158206
Carson Wentz,rush_yds,9.5,,102,1.02,15.0,63.8,,min_chi,6.0,False,,15.575531229007522,63.800000000000004,False,62.908826590158206
Evan Engram,rec_yds,19.5,,-166,0.6,28.6,63.7,,jax_den,17.0,False,,25.966514823426326,63.7,False,62.81616234195846
Drake London,rec,4.5,,-136,0.74,5.6,63.7,,car_atl,4.0,False,,3.1388094841504333,63.7,False,62.81616234195846
Romeo Doubs,rec_yds,39.5,,-102,0.98,57.8,63.6,,pit_ne,96.0,True,,52.61838208785586,63.6,False,62.7234796759646
Keaton Mitchell,rush_yds,14.5,,-300,0.33,25.1,63.6,,lv_lac,24.0,True,,30.478407110998486,63.6,False,62.7234796759646
Justice Hill,rush_yds,9.5,,-205,0.49,18.5,63.6,,no_bal,6.0,False,,25.877892830093053,63.6,False,62.7234796759646
Matthew Golden,rec_yds,14.5,,-1450,0.07,25.3,63.5,,gb_nyj,58.0,True,,31.292961589901985,63.5,False,62.63077869856789
Garrett Wilson,rec,4.5,,-270,0.37,5.6,63.5,,gb_nyj,5.0,True,,3.187246087860386,63.5,False,62.63077869856789
Jalen Nailor,rec_yds,24.5,,-198,0.51,39.9,63.5,,lv_lac,9.0,False,,44.62144523004542,63.5,False,62.63077869856789
Stefon Diggs,rec_yds,39.5,,-182,0.55,50.3,63.5,,was_dal,47.0,True,,31.292961589901974,63.5,False,62.63077869856789
Pat Bryant,rec_yds,29.5,,-125,0.8,43.0,63.5,,jax_den,0.0,False,,39.11620198737748,63.5,False,62.63077869856789
Bijan Robinson,rec_yds,19.5,,-600,0.17,28.6,63.5,,car_atl,9.0,False,,26.367217635935933,63.5,False,62.63077869856789
Jonathon Brooks,rec_yds,4.5,,-205,0.49,9.9,63.5,,car_atl,-5.0,False,,15.646480794950993,63.5,False,62.63077869856789
Chuba Hubbard,rec_yds,4.5,,-360,0.28,9.8,63.4,,car_atl,11.0,True,,15.475975234122748,63.4,False,62.538059516836796
Cam Ward,pass_td,1.0,,-188,0.53,1.0,63.4,,phi_ten,0.0,False,,,,,
C.J. Stroud,rush_yds,9.5,,-154,0.65,13.8,63.4,,cin_hou,29.0,True,,12.555979906929778,63.4,False,62.538059516836796
Brock Purdy,rush_yds,9.5,,-205,0.49,13.8,63.4,,mia_sf,30.0,True,,12.555979906929778,63.4,False,62.538059516836796
Matthew Golden,rec,1.5,,-1800,0.06,2.3,63.4,,gb_nyj,4.0,True,,2.335996261754376,63.4,False,62.538059516836796
KC Concepcion,rec_yds,24.5,,-205,0.49,38.1,63.4,,cle_tb,28.0,True,,39.71193644982441,63.4,False,62.538059516836796
Jerry Jeudy,rec_yds,29.5,,-114,0.88,41.9,63.4,,cle_tb,0.0,False,,36.20794205719284,63.4,False,62.538059516836796
Quentin Johnston,rec,3.5,,-162,0.62,4.6,63.3,,lv_lac,1.0,False,,3.2371079357444352,63.3,False,62.44532223850952
Tre Harris,rec_yds,24.5,,-200,0.5,35.3,63.2,,lv_lac,53.0,True,,32.03273726811261,63.2,False,62.35256697198659
Cooper Rush,pass_td,1.0,,-270,0.37,1.0,63.2,,car_atl,0.0,False,,,,,
Chase Brown,rec_yds,14.5,,-198,0.51,23.2,63.2,,cin_hou,2.0,False,,25.80414946597961,63.2,False,62.35256697198659
Cooper Rush,rush_yds,4.5,,240,2.4,8.0,63.2,,car_atl,20.0,True,,10.380979670221683,63.2,False,62.35256697198659
Tommy Tremble,rec_yds,4.5,,-360,0.28,8.1,63.2,,car_atl,4.0,False,,10.677579089370873,63.2,False,62.35256697198659
Travis Etienne,rush_yds,39.5,,-122,0.82,51.9,63.1,,no_bal,25.0,False,,37.069917608495345,63.1,False,62.259793826323474
Kenneth Walker III,rush_yds,49.5,,-650,0.15,60.3,63.1,,ind_kc,117.0,True,,32.28670243320562,63.1,False,62.259793826323474
Trevor Lawrence,pass_yds,199.5,,-200,0.5,222.9,63.1,,jax_den,189.0,False,,69.9545219386122,63.10000000000001,False,62.259793826323474
Denzel Boston,rec_yds,19.5,,-260,0.38,30.4,63.0,,cle_tb,95.0,True,,32.84583421271995,63.0,False,62.16700291122338
Chase Brown,rush_yds,49.5,,-162,0.62,65.8,63.0,,cin_hou,80.0,True,,49.118082354801395,63.0,False,62.16700291122338
David Montgomery,rec,1.5,,-168,0.6,2.2,62.9,,cin_hou,2.0,True,,2.1263282971079422,62.9,False,62.074194337029944
D'Andre Swift,rec_yds,14.5,,122,1.22,22.6,62.9,,min_chi,54.0,True,,24.604656009391903,62.9,False,62.074194337029944
Harold Fannin Jr.,rec,3.5,,-144,0.69,4.2,62.8,,cle_tb,5.0,True,,2.1435509922963267,62.8,False,61.981368214720156
Hunter Henry,rec,2.5,,-245,0.41,3.4,62.8,,pit_ne,3.0,True,,2.755994132952419,62.8,False,61.981368214720156
Chris Olave,rec_yds,69.5,,-106,0.94,85.0,62.6,,no_bal,86.0,True,,48.24487636893543,62.6,False,61.79566377278377
Ashton Jeanty,rec_yds,14.5,,-350,0.29,23.6,62.5,,lv_lac,15.0,True,,28.558932226017777,62.5,False,61.70278567821441
Brian Robinson,rush_yds,14.5,,-330,0.3,20.2,62.4,,car_atl,51.0,True,,18.037786062387884,62.4,False,61.60989048562936
Tee Higgins,rec_yds,59.5,,106,1.06,78.0,62.4,,cin_hou,95.0,True,,58.543691605995775,62.4,False,61.60989048562936
Ashton Jeanty,rush_yds,59.5,,-136,0.74,78.0,62.4,,lv_lac,48.0,False,,58.543691605995775,62.4,False,61.60989048562936
Andrei Iosivas,rec_yds,14.5,,-114,0.88,24.0,62.4,,cin_hou,7.0,False,,30.06297677064648,62.4,False,61.60989048562936
Woody Marks,rec_yds,4.5,,-270,0.37,9.9,62.3,,cin_hou,27.0,True,,17.2320568950001,62.3,False,61.51697830906734
Christian McCaffrey,rec,3.5,,-280,0.36,4.5,62.3,,mia_sf,4.0,True,,3.19112164722224,62.3,False,61.51697830906734
Pat Bryant,rec,2.5,,-198,0.51,3.3,62.3,,jax_den,0.0,False,,2.5528973177777914,62.3,False,61.51697830906734
Xavier Hutchinson,rec_yds,14.5,,-320,0.31,23.7,62.3,,cin_hou,37.0,True,,29.358319154444604,62.3,False,61.51697830906734
Xavier Legette,rec_yds,19.5,,110,1.1,28.2,62.3,,car_atl,64.0,True,,27.762758330833485,62.3,False,61.51697830906734
Rashee Rice,rec_yds,49.5,,-130,0.77,60.4,62.2,,ind_kc,83.0,True,,35.077811299996206,62.2,False,61.42404926315888
Rachaad White,rec_yds,9.5,,-152,0.66,18.0,62.2,,was_dal,40.0,True,,27.354256518345668,62.2,False,61.42404926315888
Breece Hall,rush_yds,49.5,,-280,0.36,66.6,62.1,,gb_nyj,29.0,False,,55.4999830065277,62.1,False,61.33110346311958
Joe Burrow,pass_td,2.0,,-122,0.82,2.1,62.1,,cin_hou,2.0,True,,0.32456130413174133,62.1,False,61.33110346311958
Caleb Williams,pass_yds,199.5,,-240,0.42,227.5,62.1,,min_chi,138.0,False,,90.87716515688749,62.1,False,61.33110346311958
CeeDee Lamb,rec_yds,69.5,,-152,0.66,86.5,62.1,,was_dal,153.0,True,,55.17542170239597,62.1,False,61.33110346311958
Derrick Henry,rec_yds,4.5,,-158,0.63,10.0,62.0,,no_bal,19.0,True,,18.004405560883946,62.0,False,61.2381410247435
Tetairoa McMillan,rec,4.5,,-102,0.98,5.3,62.0,,car_atl,5.0,True,,2.618822627037664,62.0,False,61.2381410247435
Jacory Croskey-Merritt,rush_yds,39.5,,-225,0.44,50.2,62.0,,was_dal,43.0,True,,35.02675263662877,62.0,False,61.2381410247435
MarShawn Lloyd,rec_yds,4.5,,-158,0.63,10.8,62.0,,gb_nyj,6.0,True,,20.62322818792161,62.0,False,61.2381410247435
Tyler Warren,rec_yds,39.5,,-138,0.72,49.5,61.9,,ind_kc,21.0,False,,33.019049120618526,61.9,False,61.14516206439647
Garrett Wilson,rec_yds,49.5,,-280,0.36,64.1,61.9,,gb_nyj,57.0,True,,48.20781171610303,61.9,False,61.14516206439647
Trey McBride,rec,5.5,,-198,0.51,6.3,61.9,,sea_ari,8.0,True,,2.6415239296494817,61.9,False,61.14516206439647
Darnell Washington,rec_yds,9.5,,-200,0.5,12.9,61.7,,pit_ne,7.0,False,,11.424304988906814,61.7,False,60.95915504607314
Jeremiyah Love,rec_yds,14.5,,-144,0.69,25.3,61.7,,sea_ari,16.0,True,,36.28896878829223,61.7,False,60.95915504607314
Christian Watson,rec,2.5,,-470,0.21,3.2,61.7,,gb_nyj,4.0,True,,2.352062791833756,61.7,False,60.95915504607314
Mack Hollins,rec_yds,29.5,,-168,0.6,40.5,61.7,,pit_ne,18.0,False,,36.96098672881616,61.7,False,60.95915504607314
Chase Brown,rec,3.5,,-108,0.93,5.3,61.7,,cin_hou,3.0,False,,6.0481614647153705,61.7,False,60.95915504607314
Darren Waller,rec_yds,19.5,,116,1.16,28.0,61.7,,car_atl,33.0,True,,28.56076247226703,61.7,False,60.95915504607314
Gunnar Helm,rec_yds,14.5,,-250,0.4,19.7,61.7,,phi_ten,13.0,False,,17.472466453622182,61.7,False,60.95915504607314
TreVeyon Henderson,rush_yds,29.5,,-215,0.47,38.8,61.7,,pit_ne,76.0,True,,31.248834234362743,61.7,False,60.95915504607314
Courtland Sutton,rec,3.5,,-102,0.98,4.5,61.6,,jax_den,3.0,False,,3.389922573915175,61.6,False,60.866127223629164
Carnell Tate,rec_yds,29.5,,-240,0.42,40.9,61.6,,phi_ten,27.0,False,,38.645117342632986,61.6,False,60.866127223629164
Kenneth Walker III,rec,1.5,,-580,0.17,2.3,61.6,,ind_kc,6.0,True,,2.711938059132139,61.6,False,60.866127223629164
Dak Prescott,rush_yds,9.5,,102,1.02,13.0,61.6,,was_dal,26.0,True,,11.864729008703112,61.6,False,60.866127223629164
Drake Maye,pass_yds,174.5,,-420,0.24,194.7,61.6,,pit_ne,208.0,True,,68.47643599308648,61.6,False,60.866127223629164
Jakobi Meyers,rec_yds,29.5,,-192,0.52,40.2,61.5,,jax_den,28.0,False,,36.59684924419668,61.5,False,60.7730833502661
Carson Wentz,pass_yds,174.5,,-320,0.31,210.3,61.5,,min_chi,143.0,False,,122.44553298525621,61.5,False,60.7730833502661
Tony Pollard,rush_yds,49.5,,162,1.62,63.1,61.5,,phi_ten,64.0,True,,46.51562146925933,61.5,False,60.7730833502661
Joe Burrow,pass_yds,249.5,,-114,0.88,283.3,61.4,,cin_hou,207.0,False,,116.64833903825118,61.4,False,60.68002354511201
Cooper Kupp,rec_yds,24.5,,-106,0.94,31.0,61.4,,sea_ari,20.0,False,,22.432372891971372,61.4,False,60.68002354511201
Michael Mayer,rec_yds,14.5,,-1800,0.06,20.3,61.4,,lv_lac,23.0,True,,20.016578888220614,61.4,False,60.68002354511201
Quentin Johnston,rec_yds,39.5,,-205,0.49,53.8,61.3,,lv_lac,7.0,False,,49.800329528869916,61.3,False,60.586947927828305
Colston Loveland,rec_yds,39.5,,-250,0.4,50.3,61.3,,min_chi,3.0,False,,37.61143768613952,61.3,False,60.586947927828305
Jonathan Taylor,rec,1.5,,-420,0.24,2.5,61.2,,ind_kc,4.0,True,,3.514499421093716,61.199999999999996,False,60.493856618603594
Rhamondre Stevenson,rec_yds,14.5,,-158,0.63,19.6,61.2,,pit_ne,3.0,False,,17.923947047577958,61.199999999999996,False,60.493856618603594
Kyle Monangai,rush_yds,24.5,,-320,0.31,35.0,61.2,,min_chi,47.0,True,,36.90224392148402,61.199999999999996,False,60.493856618603594
Patrick Mahomes,pass_yds,199.5,,-205,0.49,222.2,61.2,,ind_kc,382.0,True,,79.77913685882731,61.199999999999996,False,60.493856618603594
Bhayshul Tuten,rush_yds,29.5,,-420,0.24,37.7,61.1,,jax_den,65.0,True,,29.085612585424617,61.1,False,60.400749738147475
Saquon Barkley,rush_yds,69.5,,-192,0.52,88.4,61.1,,phi_ten,9.0,False,,67.0387899834787,61.1,False,60.400749738147475
Malik Washington,rec_yds,29.5,,-158,0.63,42.9,61.1,,mia_sf,43.0,True,,47.53014739569387,61.1,False,60.400749738147475
De'Von Achane,rec_yds,24.5,,-148,0.68,33.7,61.1,,mia_sf,19.0,False,,32.6326385104764,61.1,False,60.400749738147475
T.J. Hockenson,rec,2.5,,-310,0.32,2.9,61.1,,min_chi,3.0,True,,1.4188103700207122,61.1,False,60.400749738147475
Justice Hill,rec_yds,9.5,,-182,0.55,15.9,61.1,,no_bal,12.0,True,,22.700965920331402,61.1,False,60.400749738147475
Jalen Coker,rec_yds,24.5,,-600,0.17,33.1,61.1,,car_atl,66.0,True,,30.504422955445325,61.1,False,60.400749738147475
Javonte Williams,rec,2.5,,-110,0.91,3.7,61.1,,was_dal,3.0,True,,4.256431110062138,61.1,False,60.400749738147475
Rico Dowdle,rush_yds,39.5,,134,1.34,48.9,60.9,,pit_ne,22.0,False,,33.97013645895141,60.9,False,60.214489748947805
Caleb Williams,rush_yds,19.5,,-260,0.38,26.1,60.9,,min_chi,42.0,True,,23.85137240734887,60.9,False,60.214489748947805
C.J. Stroud,pass_yds,224.5,,-102,0.98,250.0,60.9,,cin_hou,353.0,True,,92.15302975566607,60.9,False,60.214489748947805
Emeka Egbuka,rec_yds,49.5,,-136,0.74,63.3,60.9,,cle_tb,16.0,False,,49.871051397183976,60.9,False,60.214489748947805
Lamar Jackson,pass_yds,199.5,,-162,0.62,220.1,60.8,,no_bal,235.0,True,,75.1522793028135,60.8,False,60.12133688417358
Rome Odunze,rec_yds,39.5,,-112,0.89,50.0,60.8,,min_chi,43.0,True,,38.30577343104573,60.8,False,60.12133688417358
Josh Oliver,rec_yds,4.5,,-340,0.29,7.1,60.8,,min_chi,24.0,True,,9.48523913530656,60.8,False,60.12133688417358
Christian McCaffrey,rec_yds,19.5,,-550,0.18,26.0,60.8,,mia_sf,43.0,True,,23.713097838266403,60.8,False,60.12133688417358
Xavier Worthy,rec_yds,24.5,,-275,0.36,32.4,60.8,,ind_kc,25.0,True,,28.82053429573916,60.8,False,60.12133688417358
Bijan Robinson,rush_yds,59.5,,-330,0.3,71.0,60.7,,car_atl,72.0,True,,42.35595582580401,60.699999999999996,False,60.028168936094616
Bucky Irving,rush_yds,49.5,,-250,0.4,62.5,60.7,,cle_tb,89.0,True,,47.88064571612627,60.699999999999996,False,60.028168936094616
Derrick Henry,rush_yds,79.5,,-225,0.44,95.1,60.7,,no_bal,68.0,False,,57.456774859351505,60.699999999999996,False,60.028168936094616
Makai Lemon,rec_yds,29.5,,108,1.08,40.2,60.7,,phi_ten,14.0,False,,39.40945455096548,60.699999999999996,False,60.028168936094616
Cam Ward,pass_yds,199.5,,122,1.22,221.1,60.7,,phi_ten,183.0,False,,79.55553442064056,60.699999999999996,False,60.028168936094616
Adonai Mitchell,rec_yds,14.5,,-470,0.21,23.8,60.7,,gb_nyj,63.0,True,,34.25307731999803,60.699999999999996,False,60.028168936094616
Trey McBride,rec_yds,49.5,,-210,0.48,59.9,60.7,,sea_ari,41.0,False,,38.30451657290101,60.699999999999996,False,60.028168936094616
Cade Otton,rec_yds,24.5,,-146,0.68,32.3,60.6,,cle_tb,38.0,True,,29.00613550735224,60.6,False,59.93498602793461
KC Concepcion,rec,3.5,,110,1.1,4.3,60.6,,cle_tb,6.0,True,,2.9749882571643327,60.6,False,59.93498602793461
Ryan Flournoy,rec_yds,24.5,,-174,0.57,32.4,60.6,,was_dal,23.0,False,,29.378009039497787,60.6,False,59.93498602793461
Omarion Hampton,rush_yds,49.5,,-240,0.42,63.1,60.6,,lv_lac,94.0,True,,50.57480037179368,60.6,False,59.93498602793461
D'Andre Swift,rush_yds,49.5,,-210,0.48,63.7,60.5,,min_chi,45.0,False,,53.3211944847178,60.5,False,59.84178828340221
Tyler Allgeier,rush_yds,24.5,,-250,0.4,28.6,60.4,,sea_ari,10.0,False,,15.547122294611487,60.4,False,59.74857582668515
Chris Brooks,rush_yds,29.5,,128,1.28,37.2,60.4,,gb_nyj,11.0,False,,29.198254065489866,60.4,False,59.74857582668515
Xavier Legette,rec,2.5,,250,2.5,3.0,60.4,,car_atl,2.0,False,,1.8959905237331074,60.4,False,59.74857582668515
Jonathon Brooks,rush_yds,29.5,,158,1.58,38.2,60.3,,car_atl,16.0,False,,33.31801986735324,60.3,False,59.65534878244447
Chris Rodriguez Jr.,rush_yds,29.5,,130,1.3,36.9,60.3,,jax_den,13.0,False,,28.339465174530332,60.3,False,59.65534878244447
Deshaun Watson,pass_yds,174.5,,-118,0.85,199.7,60.3,,cle_tb,238.0,True,,96.50736789164381,60.3,False,59.65534878244447
Parker Washington,rec_yds,49.5,,-172,0.58,64.9,60.3,,jax_den,98.0,True,,58.976724822671265,60.3,False,59.65534878244447
David Montgomery,rec_yds,9.5,,-152,0.66,15.0,60.3,,cin_hou,14.0,True,,21.063116008096873,60.3,False,59.65534878244447
Caleb Douglas,rec_yds,29.5,,-192,0.52,40.4,60.2,,mia_sf,19.0,False,,42.161895306172205,60.199999999999996,False,59.562107275808785
Jaylen Waddle,rec_yds,49.5,,-132,0.76,64.7,60.2,,jax_den,138.0,True,,58.79456960126768,60.199999999999996,False,59.562107275808785
Jalen Hurts,rush_yds,29.5,,-114,0.88,38.5,60.1,,phi_ten,16.0,False,,35.16499567952322,60.099999999999994,False,59.46885143236847
Tetairoa McMillan,rec_yds,59.5,,-104,0.96,72.1,60.0,,car_atl,101.0,True,,49.73413883183859,60.0,False,59.37558137817006
Woody Marks,rush_yds,29.5,,-114,0.88,36.6,60.0,,cin_hou,8.0,False,,28.02479251635351,60.0,False,59.37558137817006
Justin Herbert,rush_yds,14.5,,-205,0.49,18.8,59.9,,lv_lac,2.0,False,,17.147899749995364,59.9,False,59.282297239710616
Chris Brooks,rec_yds,4.5,,-245,0.41,9.3,59.9,,gb_nyj,15.0,True,,19.141841581390175,59.9,False,59.282297239710616
Marvin Harrison Jr.,rec_yds,39.5,,118,1.18,49.5,59.9,,sea_ari,0.0,False,,39.87883662789619,59.9,False,59.282297239710616
Tre Tucker,rec_yds,29.5,,-180,0.56,39.9,59.8,,lv_lac,119.0,True,,41.90612956345356,59.8,False,59.18899914393201
Dallas Goedert,rec_yds,39.5,,100,1.0,48.5,59.8,,phi_ten,4.0,False,,36.264919814527126,59.8,False,59.18899914393201
George Pickens,rec_yds,69.5,,112,1.12,83.5,59.7,,was_dal,40.0,False,,57.005689025011826,59.699999999999996,False,59.095687218215545
Jaxon Smith-Njigba,rec_yds,69.5,,-192,0.52,81.3,59.7,,sea_ari,155.0,True,,48.04765217822424,59.699999999999996,False,59.095687218215545
Ja'Marr Chase,rec_yds,99.5,,220,2.2,117.8,59.7,,cin_hou,75.0,False,,74.51457922555116,59.699999999999996,False,59.095687218215545
Bo Nix,pass_yds,199.5,,-198,0.51,220.4,59.7,,jax_den,288.0,True,,85.10135004448196,59.699999999999996,False,59.095687218215545
Quinshon Judkins,rush_yds,49.5,,-130,0.77,58.0,59.7,,cle_tb,21.0,False,,34.61059690804289,59.699999999999996,False,59.095687218215545
AJ Barner,rec,2.5,,-122,0.82,2.9,59.7,,sea_ari,1.0,False,,1.6287339721431946,59.699999999999996,False,59.095687218215545
Tucker Kraft,rec_yds,49.5,,114,1.14,60.2,59.6,,gb_nyj,15.0,False,,44.03165931431013,59.599999999999994,False,59.00236159037628
Greg Dulcich,rec,2.5,,120,1.2,3.0,59.6,,mia_sf,2.0,False,,2.0575541735658933,59.599999999999994,False,59.00236159037628
Luther Burden III,rec,5.5,,205,2.05,6.1,59.6,,min_chi,3.0,False,,2.469065008279071,59.599999999999994,False,59.00236159037628
Josh Downs,rec_yds,29.5,,-220,0.45,36.6,59.6,,ind_kc,72.0,True,,29.217269264635693,59.599999999999994,False,59.00236159037628
Chris Bell,rec,3.5,,580,5.8,4.2,59.5,,mia_sf,0.0,False,,2.911498379248589,59.5,False,58.90902238865764
Brenton Strange,rec_yds,24.5,,-182,0.55,31.4,59.5,,jax_den,17.0,False,,28.699055452593218,59.5,False,58.90902238865764
Roman Wilson,rec_yds,9.5,,-900,0.11,13.2,59.5,,pit_ne,28.0,True,,15.389348576028247,59.5,False,58.90902238865764
Javonte Williams,rec_yds,14.5,,-102,0.98,19.8,59.5,,was_dal,20.0,True,,22.04420201431074,59.5,False,58.90902238865764
Trevor Lawrence,rush_yds,14.5,,-146,0.68,18.5,59.4,,jax_den,6.0,False,,16.817555497142717,59.400000000000006,False,58.81566974172587
Drake Maye,rush_yds,24.5,,-152,0.66,31.3,59.4,,pit_ne,20.0,False,,28.589844345142623,59.4,False,58.81566974172587
De'Von Achane,rush_yds,69.5,,154,1.54,85.0,59.3,,mia_sf,74.0,True,,65.88204939697887,59.3,False,58.72230377866477
Rome Odunze,rec,3.5,,200,2.0,4.1,59.2,,min_chi,3.0,False,,2.57850750445179,59.20000000000001,False,58.62892462897015
Jaylin Noel,rec_yds,19.5,,-178,0.56,25.0,59.2,,cin_hou,31.0,True,,23.636318790808087,59.20000000000001,False,58.62892462897015
Jalen Nailor,rec_yds,29.5,,-138,0.72,39.9,59.2,,lv_lac,9.0,False,,44.694130077164374,59.20000000000001,False,58.62892462897015
Terry McLaurin,rec,3.5,,-178,0.56,4.0,59.2,,was_dal,2.0,False,,2.148756253709826,59.20000000000001,False,58.62892462897014
Drake London,rec_yds,59.5,,100,1.0,71.5,59.1,,car_atl,51.0,False,,52.147136473512866,59.099999999999994,False,58.53553242254461
Jaylen Warren,rush_yds,29.5,,-310,0.32,36.1,59.1,,pit_ne,43.0,True,,28.680925060432084,59.099999999999994,False,58.53553242254461
Dak Prescott,pass_yds,249.5,,-174,0.57,273.0,59.1,,was_dal,279.0,True,,102.1214755939627,59.099999999999994,False,58.53553242254461
Kenneth Walker III,rec_yds,9.5,,-380,0.26,13.7,59.0,,ind_kc,61.0,True,,18.45788934564627,59.0,False,58.44212728969222
Chuba Hubbard,rush_yds,29.5,,-750,0.13,36.9,58.9,,car_atl,53.0,True,,32.89278364097615,58.9,False,58.34870936111321
Keenan Allen,rec_yds,29.5,,-106,0.94,34.6,58.9,,ind_kc,5.0,False,,22.669350887699785,58.9,False,58.34870936111321
Jordan Love,pass_yds,199.5,,-470,0.21,215.9,58.9,,gb_nyj,145.0,False,,72.89752050162285,58.9,False,58.34870936111321
Tyjae Spears,rec_yds,9.5,,-270,0.37,13.2,58.9,,phi_ten,29.0,True,,16.446391820488074,58.9,False,58.34870936111321
Bucky Irving,rec_yds,14.5,,-140,0.71,20.6,58.8,,cle_tb,1.0,False,,27.427659590553354,58.8,False,58.25527876789876
Jaylen Waddle,rec,3.5,,-205,0.49,4.2,58.7,,jax_den,8.0,True,,3.184212654661086,58.70000000000001,False,58.16183564152575
Jake Ferguson,rec_yds,24.5,,-138,0.72,30.6,58.7,,was_dal,43.0,True,,27.74813884776089,58.70000000000001,False,58.16183564152575
Omarion Hampton,rec_yds,14.5,,140,1.4,20.1,58.7,,lv_lac,21.0,True,,25.473701237288687,58.70000000000001,False,58.16183564152575
Kalif Raymond,rec_yds,9.5,,-420,0.24,12.4,58.7,,min_chi,40.0,True,,13.191738140738783,58.70000000000001,False,58.16183564152575
Jalen Nailor,rec,2.5,,-148,0.68,3.1,58.7,,lv_lac,1.0,False,,2.729325132566645,58.70000000000001,False,58.16183564152575
DeVonta Smith,rec_yds,69.5,,130,1.3,80.5,58.6,,phi_ten,117.0,True,,50.62886799462437,58.599999999999994,False,58.06838011385167
Daniel Jones,rush_yds,24.5,,550,5.5,30.5,58.6,,ind_kc,10.0,False,,27.61574617888602,58.599999999999994,False,58.06838011385167
KC Concepcion,rec_yds,29.5,,-140,0.71,38.1,58.6,,cle_tb,28.0,False,,39.58256952306997,58.599999999999994,False,58.06838011385167
Jonathan Taylor,rec_yds,9.5,,-300,0.33,12.9,58.6,,ind_kc,40.0,True,,15.64892283470208,58.599999999999994,False,58.06838011385167
Noah Gray,rec,1.5,,140,1.4,1.8,58.6,,ind_kc,0.0,False,,1.3807873089443012,58.599999999999994,False,58.06838011385167
Kyle Pitts,rec_yds,39.5,,148,1.48,47.9,58.5,,car_atl,15.0,False,,39.124073839701765,58.5,False,57.97491231710941
Kayshon Boutte,rec_yds,29.5,,-162,0.62,36.7,58.5,,cin_hou,37.0,True,,33.534920434030106,58.5,False,57.97491231710941
Adonai Mitchell,rec,1.5,,-440,0.23,2.0,58.5,,gb_nyj,6.0,True,,2.3288139190298676,58.5,False,57.97491231710941
Parker Washington,rec,4.5,,-114,0.88,5.4,58.5,,jax_den,7.0,True,,4.191865054253763,58.5,False,57.97491231710941
Travis Kelce,rec,3.5,,-158,0.63,3.9,58.5,,ind_kc,9.0,True,,1.8630511352238934,58.5,False,57.97491231710941
Dalton Schultz,rec,3.5,,-275,0.36,3.9,58.5,,cin_hou,12.0,True,,1.8630511352238934,58.5,False,57.97491231710941
Luther Burden III,rec_yds,59.5,,132,1.32,69.1,58.5,,min_chi,32.0,False,,44.713227245373425,58.5,False,57.97491231710941
Bo Nix,rush_yds,19.5,,108,1.08,24.2,58.5,,jax_den,9.0,False,,21.890850838880752,58.5,False,57.97491231710941
Carnell Tate,rec,3.5,,-138,0.72,4.1,58.4,,phi_ten,3.0,False,,2.828358273601444,58.4,False,57.88143238390218
Breece Hall,rec_yds,24.5,,146,1.46,31.7,58.4,,gb_nyj,63.0,True,,33.94029928321734,58.4,False,57.88143238390218
Tyler Shough,pass_yds,199.5,,-260,0.38,227.7,58.4,,no_bal,252.0,True,,132.9328388592679,58.4,False,57.88143238390218
Hunter Henry,rec_yds,29.5,,-215,0.47,36.5,58.4,,pit_ne,40.0,True,,32.99751319201687,58.4,False,57.88143238390218
Antonio Williams,rec_yds,4.5,,-1100,0.09,8.1,58.4,,was_dal,24.0,True,,16.97014964160867,58.4,False,57.88143238390218
Jayden Daniels,rush_yds,39.5,,108,1.08,48.8,58.3,,was_dal,69.0,True,,44.375686435907205,58.3,False,57.787940447198395
Rachaad White,rush_yds,24.5,,104,1.04,29.5,58.3,,was_dal,43.0,True,,23.857895933283448,58.3,False,57.787940447198395
T.J. Hockenson,rec_yds,24.5,,-186,0.54,29.9,58.3,,min_chi,29.0,True,,25.76652760794612,58.3,False,57.787940447198395
Jahan Dotson,rec_yds,9.5,,-245,0.41,13.3,58.2,,car_atl,11.0,True,,18.356368504781273,58.20000000000001,False,57.69443664032672
Evan Engram,rec,2.5,,-168,0.6,3.0,58.2,,jax_den,1.0,False,,2.415311645365956,58.20000000000001,False,57.69443664032672
Chris Bell,rec_yds,39.5,,280,2.8,49.7,58.1,,mia_sf,0.0,False,,49.88936750615956,58.099999999999994,False,57.60092109697087
Tyjae Spears,rush_yds,19.5,,108,1.08,25.3,58.0,,phi_ten,41.0,True,,28.728020462339497,57.99999999999999,False,57.507393951164865
Brenton Strange,rec,2.5,,-245,0.41,3.0,58.0,,jax_den,2.0,False,,2.476553488132715,57.99999999999999,False,57.507393951164865
Rico Dowdle,rec,1.5,,-310,0.32,1.9,57.9,,pit_ne,2.0,True,,2.0066631444235825,57.9,False,57.413855337287856
Jeremiyah Love,rush_yds,59.5,,310,3.1,66.8,57.9,,sea_ari,29.0,False,,36.62160238573038,57.9,False,57.413855337287856
Mike Evans,rec_yds,49.5,,-108,0.93,59.0,57.9,,mia_sf,54.0,True,,47.658249680060095,57.9,False,57.413855337287856
Patrick Mahomes,rush_yds,19.5,,108,1.08,23.8,57.9,,ind_kc,17.0,False,,21.571628802553523,57.9,False,57.413855337287856
Jadarian Price,rush_yds,49.5,,-220,0.45,57.7,57.9,,sea_ari,52.0,True,,41.13659446068347,57.9,False,57.413855337287856
Brian Thomas Jr.,rec_yds,49.5,,178,1.78,60.2,57.8,,jax_den,40.0,False,,54.37554960275236,57.8,False,57.32030539005929
MarShawn Lloyd,rush_yds,59.5,,140,1.4,69.1,57.7,,gb_nyj,20.0,False,,49.42730547964338,57.70000000000001,False,57.226744244533975
Kenyon Sadiq,rec_yds,19.5,,-128,0.78,24.8,57.7,,gb_nyj,17.0,False,,27.287991566886472,57.70000000000001,False,57.226744244533975
Tony Pollard,rec_yds,9.5,,-114,0.88,12.7,57.7,,phi_ten,1.0,False,,16.475768493214467,57.70000000000001,False,57.226744244533975
DeVonta Smith,rec,5.5,,154,1.54,6.1,57.6,,phi_ten,10.0,True,,3.1303656056376967,57.60000000000001,False,57.13317203609722
Juwan Johnson,rec,3.5,,-152,0.66,4.0,57.6,,no_bal,4.0,True,,2.608638004698082,57.60000000000001,False,57.13317203609722
Rhamondre Stevenson,rush_yds,29.5,,-440,0.23,35.0,57.5,,pit_ne,43.0,True,,29.082306300849652,57.49999999999999,False,57.03958890045996
Geno Smith,pass_yds,199.5,,-144,0.69,217.2,57.5,,gb_nyj,247.0,True,,93.59214936818881,57.49999999999999,False,57.03958890045996
Alvin Kamara,rush_yds,24.5,,205,2.05,28.3,57.5,,no_bal,15.0,False,,20.093229807859764,57.49999999999999,False,57.03958890045996
George Holani,rush_yds,39.5,,168,1.68,46.2,57.4,,sea_ari,13.0,False,,35.91199660115422,57.4,False,56.94599497365396
Cole Kmet,rec,1.5,,-112,0.89,1.7,57.3,,min_chi,0.0,False,,1.0868552128814977,57.3,False,56.85239039202696
Matthew Golden,rec_yds,19.5,,-750,0.13,25.3,57.3,,gb_nyj,58.0,True,,31.518801173563446,57.3,False,56.85239039202696
Courtland Sutton,rec_yds,49.5,,148,1.48,59.5,57.3,,jax_den,25.0,False,,54.3427606440749,57.3,False,56.85239039202696
Keaton Mitchell,rush_yds,19.5,,-168,0.6,25.1,57.3,,lv_lac,24.0,True,,30.43194596068195,57.3,False,56.85239039202696
Braelon Allen,rush_yds,9.5,,-670,0.15,12.2,57.2,,gb_nyj,7.0,False,,14.8786303397282,57.2,False,56.758775292237985
Tre Harris,rec_yds,29.5,,-140,0.71,35.3,57.2,,lv_lac,53.0,True,,31.96150221126798,57.2,False,56.758775292237985
Alvin Kamara,rec_yds,24.5,,370,3.7,29.2,57.2,,no_bal,7.0,False,,25.89983799878613,57.2,False,56.758775292237985
Devaughn Vele,rec,3.5,,-146,0.68,4.0,57.1,,no_bal,5.0,True,,2.794534735350342,57.10000000000001,False,56.665149811252434
George Pickens,rec,5.5,,178,1.78,6.0,57.1,,was_dal,6.0,True,,2.794534735350342,57.10000000000001,False,56.665149811252434
Makai Lemon,rec,3.5,,205,2.05,4.0,57.1,,phi_ten,1.0,False,,2.794534735350342,57.10000000000001,False,56.665149811252434
J.K. Dobbins,rush_yds,49.5,,-180,0.56,55.3,57.1,,jax_den,36.0,False,,32.41660293006395,57.10000000000001,False,56.665149811252434
Jonathan Taylor,rush_yds,69.5,,-245,0.41,79.7,57.1,,ind_kc,92.0,True,,57.00850860114699,57.10000000000001,False,56.665149811252434
Denzel Boston,rec_yds,24.5,,-182,0.55,30.4,57.1,,cle_tb,95.0,True,,32.97550987713403,57.10000000000001,False,56.665149811252434
Tyquan Thornton,rec_yds,9.5,,-174,0.57,12.0,57.1,,ind_kc,86.0,True,,13.972673676751711,57.10000000000001,False,56.665149811252434
Malik Willis,pass_yds,224.5,,240,2.4,243.5,57.0,,mia_sf,197.0,False,,107.7255278493131,56.99999999999999,False,56.57151408633755
Alec Pierce,rec,2.5,,-140,0.71,2.9,56.9,,ind_kc,1.0,False,,2.3011144944465105,56.89999999999999,False,56.47786825505761
Jalen Hurts,pass_yds,224.5,,136,1.36,240.0,56.8,,phi_ten,264.0,True,,90.49267285614457,56.8,False,56.38421245526919
Travis Etienne,rec_yds,19.5,,210,2.1,23.8,56.8,,no_bal,6.0,False,,25.104418921382045,56.8,False,56.38421245526919
Cooper Rush,pass_yds,149.5,,-280,0.36,167.6,56.8,,car_atl,86.0,False,,105.67208894814299,56.8,False,56.38421245526919
Kirk Cousins,pass_yds,224.5,,194,1.94,241.3,56.7,,lv_lac,253.0,True,,99.56058956284211,56.7,False,56.29054682511665
Ashton Jeanty,rec,3.5,,-168,0.6,4.1,56.7,,lv_lac,4.0,True,,3.5557353415300708,56.7,False,56.29054682511665
DK Metcalf,rec,3.5,,-270,0.37,3.8,56.7,,pit_ne,4.0,True,,1.7778676707650354,56.7,False,56.29054682511665
Bryce Young,pass_yds,174.5,,-400,0.25,189.9,56.6,,car_atl,287.0,True,,92.65975856606124,56.60000000000001,False,56.196871503027346
Jayden Reed,rec_yds,39.5,,104,1.04,45.8,56.5,,gb_nyj,4.0,False,,38.49479574817328,56.49999999999999,False,56.1031866277071
Christian Watson,rec_yds,39.5,,-310,0.32,46.5,56.5,,gb_nyj,41.0,True,,42.77199527574811,56.49999999999999,False,56.1031866277071
Saquon Barkley,rec_yds,14.5,,140,1.4,18.4,56.5,,phi_ten,11.0,False,,23.830111653631082,56.49999999999999,False,56.1031866277071
Chris Olave,rec,6.5,,144,1.44,7.1,56.4,,no_bal,8.0,True,,3.7239650964294824,56.39999999999999,False,56.00949233813564
Justin Herbert,pass_yds,249.5,,164,1.64,266.3,56.4,,lv_lac,192.0,False,,104.27102270002564,56.39999999999999,False,56.00949233813564
Jeremiyah Love,rec_yds,19.5,,118,1.18,25.3,56.4,,sea_ari,16.0,False,,35.99832926548502,56.39999999999999,False,56.00949233813564
D'Andre Swift,rec,3.5,,470,4.7,4.1,56.3,,min_chi,5.0,True,,3.7835857138321165,56.3,False,55.915788773561935
Evan Engram,rec_yds,24.5,,-106,0.94,28.6,56.3,,jax_den,17.0,False,,25.85450237785282,56.3,False,55.915788773561935
Romeo Doubs,rec_yds,49.5,,162,1.62,57.8,56.3,,pit_ne,96.0,True,,52.339602374677625,56.3,False,55.915788773561935
Bijan Robinson,rec_yds,24.5,,-380,0.26,28.6,56.2,,car_atl,9.0,False,,26.274995307051356,56.2,False,55.822076073499716
Bucky Irving,rec,2.5,,114,1.14,2.9,56.2,,cle_tb,4.0,True,,2.563414176297692,56.2,False,55.822076073499716
Alvin Kamara,rec,4.5,,640,6.4,5.1,56.1,,no_bal,5.0,True,,3.9086659327210467,56.10000000000001,False,55.72835437772285
Daniel Jones,pass_yds,199.5,,-192,0.52,211.0,56.1,,ind_kc,210.0,True,,74.9160970438201,56.10000000000001,False,55.72835437772285
Justice Hill,rush_yds,14.5,,-102,0.98,18.5,56.1,,no_bal,6.0,False,,26.057772884806994,56.10000000000001,False,55.72835437772285
Saquon Barkley,rec,2.5,,162,1.62,3.0,56.1,,phi_ten,1.0,False,,3.2572216106008742,56.10000000000001,False,55.72835437772285
Javonte Williams,rush_yds,49.5,,-420,0.24,55.8,56.0,,was_dal,30.0,False,,41.73036191033581,56.00000000000001,False,55.634623826260984
Michael Wilson,rec,3.5,,-132,0.76,3.9,56.0,,sea_ari,2.0,False,,2.6495467879578296,56.00000000000001,False,55.634623826260984
Andrei Iosivas,rec_yds,19.5,,130,1.3,24.0,55.9,,cin_hou,7.0,False,,30.316434647343964,55.89999999999999,False,55.54088455939489
Kyle Monangai,rush_yds,29.5,,-210,0.48,35.0,55.9,,min_chi,47.0,True,,37.05342012453151,55.89999999999999,False,55.54088455939489
David Montgomery,rush_yds,49.5,,-220,0.45,55.0,55.9,,cin_hou,10.0,False,,37.05342012453151,55.89999999999999,False,55.54088455939489
Chris Brooks,rec,1.5,,106,1.06,2.0,55.9,,gb_nyj,1.0,False,,3.3684927385937735,55.89999999999999,False,55.54088455939489
Ashton Jeanty,rush_yds,69.5,,124,1.24,78.0,55.8,,lv_lac,48.0,False,,58.25891384053468,55.8,False,55.447136717652114
Rashod Bateman,rec_yds,19.5,,-350,0.29,22.7,55.8,,no_bal,88.0,True,,21.932767563495403,55.8,False,55.447136717652114
Tee Higgins,rec_yds,69.5,,164,1.64,78.0,55.8,,cin_hou,95.0,True,,58.25891384053468,55.8,False,55.447136717652114
Wan'Dale Robinson,rec_yds,39.5,,-102,0.98,44.1,55.7,,phi_ten,9.0,False,,32.08538944225636,55.7,False,55.353380441802436
Chase Brown,rec_yds,19.5,,-114,0.88,23.2,55.7,,cin_hou,2.0,False,,25.80781324703227,55.7,False,55.353380441802436
Xavier Hutchinson,rec_yds,19.5,,-225,0.44,23.7,55.7,,cin_hou,37.0,True,,29.29535557771231,55.7,False,55.353380441802436
Alec Pierce,rec_yds,39.5,,-146,0.68,45.4,55.7,,ind_kc,11.0,False,,41.15299950202443,55.7,False,55.353380441802436
Ashton Jeanty,rec_yds,19.5,,-210,0.48,23.6,55.7,,lv_lac,15.0,False,,28.597847111576318,55.7,False,55.353380441802436
George Kittle,rec_yds,59.5,,220,2.2,65.9,55.6,,mia_sf,80.0,True,,45.443129676538604,55.60000000000001,False,55.25961587285349
Tee Higgins,rec,5.5,,230,2.3,5.9,55.6,,cin_hou,5.0,False,,2.8401956047836627,55.60000000000001,False,55.25961587285349
Ja'Marr Chase,rec,9.5,,430,4.3,10.2,55.6,,cin_hou,7.0,False,,4.970342308371401,55.60000000000001,False,55.25961587285349
Michael Wilson,rec_yds,39.5,,-102,0.98,44.8,55.5,,sea_ari,18.0,False,,38.321321369188,55.50000000000001,False,55.16584315204629
De'Von Achane,rec,4.5,,122,1.22,5.0,55.4,,mia_sf,3.0,False,,3.682592049923391,55.39999999999999,False,55.0720624208509
Chuba Hubbard,rec,1.5,,-210,0.48,1.9,55.4,,car_atl,2.0,True,,2.946073639938712,55.39999999999999,False,55.0720624208509
Dallas Goedert,rec,3.5,,-128,0.78,3.8,55.4,,phi_ten,1.0,False,,2.209555229954033,55.39999999999999,False,55.0720624208509
Chase Brown,rec,4.5,,194,1.94,5.3,55.3,,cin_hou,3.0,False,,6.003999101192426,55.3,False,54.97827382096201
Xavier Legette,rec_yds,24.5,,154,1.54,28.2,55.3,,car_atl,64.0,True,,27.768495843014975,55.3,False,54.97827382096201
Saquon Barkley,rush_yds,79.5,,-114,0.88,88.4,55.3,,phi_ten,9.0,False,,66.7944900007658,55.3,False,54.97827382096201
Travis Etienne,rec,2.5,,158,1.58,2.8,55.2,,no_bal,2.0,False,,2.295052427909245,55.2,False,54.88447749429453
CeeDee Lamb,rec,6.5,,140,1.4,6.9,55.2,,was_dal,8.0,True,,3.0600699038789982,55.2,False,54.88447749429453
Tyjae Spears,rec,2.5,,-138,0.72,2.8,55.2,,phi_ten,2.0,False,,2.295052427909245,55.2,False,54.88447749429453
De'Von Achane,rec_yds,29.5,,102,1.02,33.7,55.1,,mia_sf,19.0,False,,32.76431390788014,55.1,False,54.79067358297931
Breece Hall,rush_yds,59.5,,-166,0.6,66.6,55.1,,gb_nyj,29.0,False,,55.3872925585592,55.1,False,54.79067358297931
Rachaad White,rec_yds,14.5,,124,1.24,18.0,55.1,,was_dal,40.0,True,,27.30359492323343,55.1,False,54.79067358297931
Chase Brown,rush_yds,59.5,,106,1.06,65.8,55.1,,cin_hou,80.0,True,,49.146470861820156,55.1,False,54.79067358297931
CeeDee Lamb,rec_yds,79.5,,102,1.02,86.5,55.1,,was_dal,153.0,True,,54.60718984646686,55.1,False,54.79067358297931
Adonai Mitchell,rec_yds,19.5,,-310,0.32,23.8,55.0,,gb_nyj,63.0,True,,34.21895521268932,55.00000000000001,False,54.69686222935874
Baker Mayfield,pass_yds,249.5,,200,2.0,262.1,55.0,,cle_tb,182.0,False,,100.26949666974096,55.00000000000001,False,54.69686222935874
Jordan Addison,rec_yds,39.5,,-114,0.88,44.5,55.0,,min_chi,21.0,False,,39.78948280545269,55.00000000000001,False,54.69686222935874
D'Andre Swift,rec_yds,19.5,,194,1.94,22.6,55.0,,min_chi,54.0,True,,24.669479339380683,55.00000000000001,False,54.69686222935874
Breece Hall,rec,3.5,,182,1.82,4.0,55.0,,gb_nyj,5.0,True,,3.978948280545269,55.00000000000001,False,54.69686222935874
Tony Pollard,rec,2.5,,265,2.65,2.9,55.0,,phi_ten,1.0,False,,3.183158624436215,55.00000000000001,False,54.69686222935874
Devaughn Vele,rec_yds,39.5,,-122,0.82,43.7,54.9,,no_bal,64.0,True,,34.10883623708157,54.89999999999999,False,54.60304357598249
Darren Waller,rec_yds,24.5,,178,1.78,28.0,54.9,,car_atl,33.0,True,,28.42403019756795,54.89999999999999,False,54.60304357598249
Greg Dulcich,rec_yds,39.5,,265,2.65,44.7,54.9,,mia_sf,17.0,False,,42.22998772210098,54.89999999999999,False,54.60304357598249
David Njoku,rec_yds,19.5,,-180,0.56,21.9,54.8,,lv_lac,9.0,False,,19.898858394416536,54.79999999999999,False,54.50921776560318
Jaylen Warren,rec_yds,14.5,,-178,0.56,17.0,54.8,,pit_ne,34.0,True,,20.727977494183904,54.79999999999999,False,54.50921776560318
Rico Dowdle,rec_yds,9.5,,-215,0.47,11.4,54.8,,pit_ne,22.0,True,,15.753262895579768,54.79999999999999,False,54.50921776560318
Jalen Coker,rec_yds,29.5,,-400,0.25,33.1,54.7,,car_atl,66.0,True,,30.486413412470668,54.7,False,54.415384941172064
Mark Andrews,rec_yds,39.5,,-192,0.52,43.3,54.5,,no_bal,49.0,True,,33.616852962996006,54.50000000000001,False,54.22769882292704
Chris Olave,rec_yds,79.5,,142,1.42,85.0,54.5,,no_bal,86.0,True,,48.65597139381004,54.50000000000001,False,54.22769882292705
DK Metcalf,rec_yds,49.5,,-186,0.54,53.4,54.5,,pit_ne,27.0,False,,34.501506988338015,54.50000000000001,False,54.22769882292705
Jonathon Brooks,rec,1.5,,146,1.46,1.8,54.5,,car_atl,1.0,False,,2.6539620760260028,54.50000000000001,False,54.22769882292705
Ja'Marr Chase,rec_yds,109.5,,310,3.1,117.8,54.5,,cin_hou,75.0,False,,73.42628410338604,54.50000000000001,False,54.22769882292705
Kyle Pitts,rec,3.5,,102,1.02,3.8,54.3,,car_atl,1.0,False,,2.7779174604919623,54.29999999999999,False,54.0399863686685
Omarion Hampton,rec,3.5,,320,3.2,3.9,54.3,,lv_lac,2.0,False,,3.703889947322618,54.29999999999999,False,54.0399863686685
Noah Gray,rec_yds,14.5,,116,1.16,16.3,54.3,,ind_kc,0.0,False,,16.66750476295179,54.29999999999999,False,54.0399863686685
Dontayvion Wicks,rec_yds,14.5,,-380,0.26,16.2,54.1,,phi_ten,74.0,True,,16.512333934381857,54.1,False,53.85224872872381
Pat Freiermuth,rec_yds,19.5,,-290,0.34,21.3,54.1,,pit_ne,32.0,True,,17.483647695227862,54.1,False,53.85224872872381
Bijan Robinson,rec,3.5,,-330,0.3,3.8,54.1,,car_atl,3.0,False,,2.9139412825379742,54.1,False,53.85224872872381
Jalen Coker,rec,2.5,,-600,0.17,2.7,54.1,,car_atl,8.0,True,,1.9426275216919857,54.1,False,53.85224872872381
Brock Purdy,pass_yds,224.5,,-162,0.62,232.9,54.0,,mia_sf,287.0,True,,83.63724809976243,54.0,False,53.758370824357904
Terry McLaurin,rec_yds,49.5,,-138,0.72,53.1,54.0,,was_dal,50.0,True,,35.84453489989817,54.0,False,53.758370824357904
Xavier Worthy,rec_yds,29.5,,-194,0.52,32.4,54.0,,ind_kc,25.0,False,,28.87476422491795,54.0,False,53.758370824357904
Romeo Doubs,rec,4.5,,230,2.3,4.9,53.9,,pit_ne,3.0,False,,4.085187007054376,53.900000000000006,False,53.66448705619169
Derrick Henry,rush_yds,89.5,,-140,0.71,95.1,53.9,,no_bal,68.0,False,,57.19261809876116,53.900000000000006,False,53.66448705619169
Ryan Flournoy,rec_yds,29.5,,-122,0.82,32.4,53.9,,was_dal,23.0,False,,29.61760580114419,53.900000000000006,False,53.66448705619169
Garrett Wilson,rec_yds,59.5,,-172,0.58,64.1,53.8,,gb_nyj,57.0,False,,48.21986460780998,53.79999999999999,False,53.57059756877349
Xavier Worthy,rec,2.5,,-250,0.4,2.7,53.8,,ind_kc,5.0,True,,2.0965158525134817,53.79999999999999,False,53.57059756877349
Cade Otton,rec_yds,29.5,,100,1.0,32.3,53.8,,cle_tb,38.0,True,,29.35122193518869,53.79999999999999,False,53.57059756877349
Juwan Johnson,rec_yds,39.5,,-102,0.98,43.1,53.8,,no_bal,66.0,True,,37.737285345242654,53.79999999999999,False,53.57059756877349
Travis Kelce,rec_yds,39.5,,-138,0.72,42.2,53.7,,ind_kc,101.0,True,,29.070202876048675,53.7,False,53.47670250680822
Aaron Rodgers,rush_yds,4.5,,178,1.78,5.1,53.7,,pit_ne,5.0,True,,6.460045083566362,53.7,False,53.47670250680822
Pat Bryant,rec_yds,39.5,,152,1.52,43.0,53.6,,jax_den,0.0,False,,38.733337042807044,53.6,False,53.38280201515311
Parker Washington,rec_yds,59.5,,-104,0.96,64.9,53.6,,jax_den,98.0,True,,59.76000572318808,53.6,False,53.38280201515311
Jaylen Waddle,rec_yds,59.5,,118,1.18,64.7,53.5,,jax_den,138.0,True,,59.19528255221895,53.5,False,53.28889623881354
Carson Wentz,pass_yds,199.5,,-178,0.56,210.3,53.5,,min_chi,143.0,False,,122.94404837768558,53.5,False,53.28889623881354
Jakobi Meyers,rec,3.5,,-132,0.76,3.8,53.5,,jax_den,1.0,False,,3.415112454935705,53.5,False,53.28889623881354
Jaxon Smith-Njigba,rec,6.5,,-106,0.94,6.8,53.4,,sea_ari,9.0,True,,3.515811988228665,53.400000000000006,False,53.19498532293907
Quentin Johnston,rec_yds,49.5,,-120,0.83,53.8,53.4,,lv_lac,7.0,False,,50.39330516461086,53.400000000000006,False,53.19498532293907
Kayshon Boutte,rec,2.5,,-178,0.56,2.6,53.3,,cin_hou,3.0,True,,1.207535622207316,53.29999999999999,False,53.101069412819136
Rashod Bateman,rec,1.5,,-450,0.22,1.6,53.3,,no_bal,7.0,True,,1.207535622207316,53.29999999999999,False,53.101069412819136
Bryce Young,rush_yds,14.5,,100,1.0,15.7,53.3,,car_atl,6.0,False,,14.49042746648777,53.29999999999999,False,53.101069412819136
De'Von Achane,rush_yds,79.5,,230,2.3,85.0,53.3,,mia_sf,74.0,False,,66.41445922140232,53.29999999999999,False,53.10106941281912
D'Andre Swift,rush_yds,59.5,,-122,0.82,63.7,53.1,,min_chi,45.0,False,,53.99579027049209,53.1,False,52.913223191675996
Tony Pollard,rush_yds,59.5,,265,2.65,63.1,53.1,,phi_ten,64.0,True,,46.28210594613606,53.1,False,52.913223191675996
Mack Hollins,rec,3.5,,120,1.2,3.7,53.1,,pit_ne,2.0,False,,2.5712281081186714,53.1,False,52.913223191675996
Joe Burrow,pass_yds,274.5,,158,1.58,283.3,53.0,,cin_hou,207.0,False,,116.91266271125397,53.0,False,52.81929317189462
Emeka Egbuka,rec_yds,59.5,,120,1.2,63.3,53.0,,cle_tb,16.0,False,,50.48501344349593,53.0,False,52.81929317189462
Harold Fannin Jr.,rec_yds,39.5,,128,1.28,41.9,52.9,,cle_tb,54.0,True,,32.986807753531096,52.900000000000006,False,52.725358740343296
Dalton Schultz,rec_yds,39.5,,-130,0.77,41.9,52.9,,cin_hou,140.0,True,,32.986807753531096,52.900000000000006,False,52.725358740343296
Malik Washington,rec_yds,39.5,,118,1.18,42.9,52.8,,mia_sf,43.0,True,,48.403183377990906,52.800000000000004,False,52.63142004294987
George Pickens,rec_yds,79.5,,164,1.64,83.5,52.8,,was_dal,40.0,False,,56.94492162116579,52.800000000000004,False,52.63142004294987
Omarion Hampton,rush_yds,59.5,,-136,0.74,63.1,52.8,,lv_lac,94.0,True,,51.250429459049236,52.800000000000004,False,52.63142004294987
Cooper Kupp,rec_yds,29.5,,130,1.3,31.0,52.7,,sea_ari,20.0,False,,22.146526050975936,52.7,False,52.53747722575767
Caleb Williams,rush_yds,24.5,,-154,0.65,26.1,52.7,,min_chi,42.0,True,,23.62296112104102,52.7,False,52.53747722575767
Emmett Johnson,rec_yds,9.5,,116,1.16,10.6,52.7,,ind_kc,20.0,True,,16.24078577071568,52.7,False,52.53747722575767
Jacoby Brissett,pass_yds,224.5,,106,1.06,229.8,52.6,,sea_ari,95.0,False,,81.26523567691042,52.6,False,52.443530434921406
Brenton Strange,rec_yds,29.5,,-125,0.8,31.4,52.6,,jax_den,17.0,False,,29.132820337005537,52.6,False,52.443530434921406
Travis Etienne,rush_yds,49.5,,148,1.48,51.9,52.6,,no_bal,25.0,False,,36.79935200463858,52.6,False,52.443530434921406
Breece Hall,rec_yds,29.5,,205,2.05,31.7,52.6,,gb_nyj,63.0,True,,33.73273933758537,52.6,False,52.443530434921406
Jerry Jeudy,rec_yds,39.5,,152,1.52,41.9,52.6,,cle_tb,0.0,False,,36.79935200463858,52.6,False,52.443530434921406
Brian Thomas Jr.,rec,3.5,,205,2.05,3.7,52.5,,jax_den,3.0,False,,3.1894478804367314,52.5,False,52.34957981670312
Christian McCaffrey,rec_yds,24.5,,-330,0.3,26.0,52.5,,mia_sf,43.0,True,,23.920859103275465,52.5,False,52.34957981670312
Justice Hill,rec_yds,14.5,,-102,0.98,15.9,52.5,,no_bal,12.0,False,,22.326135163057106,52.5,False,52.34957981670312
Drake Maye,rush_yds,29.5,,104,1.04,31.3,52.5,,pit_ne,20.0,False,,28.70503092393057,52.5,False,52.34957981670312
MarShawn Lloyd,rec_yds,9.5,,138,1.38,10.8,52.5,,gb_nyj,6.0,False,,20.731411222838748,52.5,False,52.34957981670312
Tre Tucker,rec,3.5,,114,1.14,3.7,52.5,,lv_lac,5.0,True,,3.1894478804367314,52.5,False,52.34957981670312
Bucky Irving,rush_yds,59.5,,-144,0.69,62.5,52.5,,cle_tb,89.0,True,,47.84171820655093,52.5,False,52.34957981670312
Jaylen Warren,rec,2.5,,-182,0.55,2.6,52.5,,pit_ne,2.0,False,,1.5947239402183657,52.5,False,52.34957981670312
Kenyon Sadiq,rec,2.5,,-112,0.89,2.6,52.2,,gb_nyj,2.0,False,,1.8124543918381262,52.2,False,52.06770646190244
Dak Prescott,pass_td,2.0,,-198,0.51,1.75,52.2,,was_dal,4.0,True,,,,,
Mike Evans,rec,4.5,,174,1.74,4.7,52.2,,mia_sf,3.0,False,,3.6249087836762524,52.2,False,52.06770646190244
Tetairoa McMillan,rec_yds,69.5,,146,1.46,72.1,52.1,,car_atl,101.0,True,,49.37003184822465,52.1,False,51.97374199878264
Javonte Williams,rec,3.5,,220,2.2,3.7,52.1,,was_dal,3.0,False,,3.797694757555754,52.1,False,51.97374199878264
Jayden Reed,rec,3.5,,-108,0.93,3.6,52.1,,gb_nyj,1.0,False,,1.898847378777877,52.1,False,51.97374199878264
Cole Kmet,rec_yds,14.5,,-102,0.98,15.3,52.1,,min_chi,0.0,False,,15.190779030223016,52.1,False,51.97374199878264
Colston Loveland,rec,4.5,,-128,0.78,4.6,52.0,,min_chi,1.0,False,,1.9938754739293219,52.0,False,51.879774441060334
Tucker Kraft,rec,4.5,,152,1.52,4.6,52.0,,gb_nyj,2.0,False,,1.9938754739293219,52.0,False,51.879774441060334
Marvin Harrison Jr.,rec,3.5,,120,1.2,3.6,51.8,,sea_ari,0.0,False,,2.215593732895418,51.800000000000004,False,51.69183062917385
Drake London,rec,5.5,,154,1.54,5.6,51.7,,car_atl,4.0,False,,2.3460088485562505,51.7,False,51.597854668886534
Michael Mayer,rec_yds,19.5,,-850,0.12,20.3,51.6,,lv_lac,23.0,True,,19.9417649686356,51.6,False,51.50387620174249
Bucky Irving,rec_yds,19.5,,116,1.16,20.6,51.6,,cle_tb,1.0,False,,27.419926831873962,51.6,False,51.50387620174249
Jake Ferguson,rec_yds,29.5,,110,1.1,30.6,51.6,,was_dal,43.0,True,,27.419926831873962,51.6,False,51.50387620174249
Aaron Rodgers,pass_yds,199.5,,-166,0.6,202.5,51.6,,pit_ne,187.0,False,,74.78161863238344,51.6,False,51.50387620174249
Drake London,rec_yds,69.5,,154,1.54,71.5,51.5,,car_atl,51.0,False,,53.17976766223261,51.5,False,51.40989537485625
Jaxon Smith-Njigba,rec_yds,79.5,,-125,0.8,81.3,51.5,,sea_ari,155.0,True,,47.86179089600927,51.5,False,51.40989537485625
Brian Robinson,rush_yds,19.5,,-200,0.5,20.2,51.5,,car_atl,51.0,True,,18.612918681781395,51.5,False,51.40989537485625
Carnell Tate,rec_yds,39.5,,-130,0.77,40.9,51.4,,phi_ten,27.0,False,,39.88603787161443,51.4,False,51.31591233540561
Bijan Robinson,rush_yds,69.5,,-205,0.49,71.0,51.4,,car_atl,72.0,True,,42.73504057672979,51.4,False,51.31591233540561
Daniel Jones,rush_yds,29.5,,850,8.5,30.5,51.4,,ind_kc,10.0,False,,28.49002705115319,51.4,False,51.31591233540561
MarShawn Lloyd,rec,1.5,,130,1.3,1.6,51.4,,gb_nyj,2.0,True,,2.8490027051153217,51.4,False,51.31591233540561
Caleb Williams,pass_yds,224.5,,-125,0.8,227.5,51.3,,min_chi,138.0,False,,92.04730691279094,51.300000000000004,False,51.221927230627685
Carson Wentz,rush_yds,14.5,,194,1.94,15.0,51.3,,min_chi,6.0,False,,15.34121781879849,51.300000000000004,False,51.221927230627685
Derrick Henry,rec_yds,9.5,,132,1.32,10.0,51.1,,no_bal,19.0,True,,18.131441955315132,51.1,False,51.03395141431106
Tyjae Spears,rush_yds,24.5,,174,1.74,25.3,51.1,,phi_ten,41.0,True,,29.010307128504234,51.1,False,51.03395141431106
Mack Hollins,rec_yds,39.5,,110,1.1,40.5,51.1,,pit_ne,18.0,False,,36.262883910630265,51.1,False,51.03395141431106
Denzel Boston,rec_yds,29.5,,-130,0.77,30.4,51.1,,cle_tb,95.0,True,,32.63659551956719,51.1,False,51.03395141431106
Brock Purdy,pass_td,2.0,,-188,0.53,1.71,51.0,,mia_sf,2.0,True,,,,,
Tyler Shough,pass_yds,224.5,,-138,0.72,227.7,51.0,,no_bal,252.0,True,,127.64815950403576,51.0,False,50.93996099750733
Garrett Wilson,rec,5.5,,-132,0.76,5.6,51.0,,gb_nyj,5.0,False,,3.9890049845011175,51.0,False,50.93996099750733
Matthew Golden,rec_yds,24.5,,-500,0.2,25.3,51.0,,gb_nyj,58.0,True,,31.91203987600908,51.0,False,50.93996099750733
Stefon Diggs,rec_yds,49.5,,-104,0.96,50.3,51.0,,was_dal,47.0,False,,31.91203987600894,51.0,False,50.93996099750733
Kenneth Walker III,rush_yds,59.5,,-330,0.3,60.3,51.0,,ind_kc,117.0,True,,31.91203987600894,51.0,False,50.93996099750733
Rashee Rice,rec_yds,59.5,,130,1.3,60.4,51.0,,ind_kc,83.0,True,,35.901044860510126,51.0,False,50.93996099750733
Jonathon Brooks,rec_yds,9.5,,102,1.02,9.9,51.0,,car_atl,-5.0,False,,15.95601993800454,51.0,False,50.93996099750733
Omarion Hampton,rec_yds,19.5,,225,2.25,20.1,50.9,,lv_lac,21.0,True,,26.5938958507851,50.9,False,50.84596910483832
David Montgomery,rec_yds,14.5,,122,1.22,15.0,50.9,,cin_hou,14.0,False,,22.161579875654194,50.9,False,50.84596910483832
Jeremiyah Love,rec_yds,24.5,,182,1.82,25.3,50.9,,sea_ari,16.0,False,,35.45852780104674,50.9,False,50.84596910483832
Caleb Douglas,rec_yds,39.5,,-108,0.93,40.4,50.9,,mia_sf,19.0,False,,39.89084377617749,50.9,False,50.84596910483832
Woody Marks,rec_yds,9.5,,-130,0.77,9.9,50.9,,cin_hou,27.0,True,,17.72926390052337,50.9,False,50.84596910483832
DeVonta Smith,rec_yds,79.5,,194,1.94,80.5,50.8,,phi_ten,117.0,True,,49.86444263271862,50.8,False,50.75197588377811
Jacory Croskey-Merritt,rush_yds,49.5,,-122,0.82,50.2,50.8,,was_dal,43.0,False,,34.90510984290317,50.8,False,50.75197588377811
Keaton Mitchell,rush_yds,24.5,,-104,0.96,25.1,50.8,,lv_lac,24.0,False,,29.91866557963124,50.8,False,50.75197588377811
Jakobi Meyers,rec_yds,39.5,,-102,0.98,40.2,50.8,,jax_den,28.0,False,,34.90510984290317,50.8,False,50.75197588377811
Colston Loveland,rec_yds,49.5,,-138,0.72,50.3,50.8,,min_chi,3.0,False,,39.89155410617475,50.8,False,50.75197588377811
Quentin Johnston,rec,4.5,,140,1.4,4.6,50.8,,lv_lac,1.0,False,,4.986444263271844,50.8,False,50.75197588377811
Chuba Hubbard,rec_yds,9.5,,-166,0.6,9.8,50.8,,car_atl,11.0,True,,14.95933278981562,50.8,False,50.75197588377811
Jaylin Noel,rec_yds,24.5,,-125,0.8,25.0,50.8,,cin_hou,31.0,True,,24.93222131635931,50.8,False,50.75197588377811
Makai Lemon,rec_yds,39.5,,194,1.94,40.2,50.7,,phi_ten,14.0,False,,39.892180844828424,50.7,False,50.65798148183633
T.J. Hockenson,rec_yds,29.5,,-125,0.8,29.9,50.6,,min_chi,29.0,False,,26.595149333870037,50.6,False,50.56398604655412
Tre Harris,rec,3.5,,138,1.38,3.5,50.6,,lv_lac,1.0,False,,,,,
Tucker Kraft,rec_yds,59.5,,182,1.82,60.2,50.6,,gb_nyj,15.0,False,,46.54151133427292,50.6,False,50.56398604655412
Rome Odunze,rec_yds,49.5,,140,1.4,50.0,50.5,,min_chi,43.0,False,,39.893183581616476,50.5,False,50.4699897255003
Mark Andrews,rec,3.5,,-200,0.5,3.5,50.5,,no_bal,6.0,True,,,,,
Javonte Williams,rec_yds,19.5,,158,1.58,19.8,50.5,,was_dal,20.0,True,,23.935910148969942,50.5,False,50.4699897255003
Gunnar Helm,rec_yds,19.5,,-152,0.66,19.7,50.5,,phi_ten,13.0,False,,15.957273432646534,50.5,False,50.4699897255003
Brian Thomas Jr.,rec_yds,59.5,,270,2.7,60.2,50.5,,jax_den,40.0,False,,55.8504570142633,50.5,False,50.4699897255003
Courtland Sutton,rec,4.5,,220,2.2,4.5,50.5,,jax_den,3.0,False,,,,,
Trey McBride,rec_yds,59.5,,-120,0.83,59.9,50.4,,sea_ari,41.0,False,,39.8935595936164,50.4,False,50.3759926662673
Kenyon Sadiq,rec_yds,24.5,,122,1.22,24.8,50.4,,gb_nyj,17.0,False,,29.920169695212476,50.4,False,50.3759926662673
Aaron Jones,rush_yds,39.5,,-420,0.24,39.8,50.4,,min_chi,105.0,True,,29.92016969521212,50.4,False,50.3759926662673
Tre Tucker,rec_yds,39.5,,102,1.02,39.9,50.4,,lv_lac,119.0,True,,39.8935595936164,50.4,False,50.3759926662673
Jalen Nailor,rec_yds,39.5,,130,1.3,39.9,50.4,,lv_lac,9.0,False,,39.8935595936164,50.4,False,50.3759926662673
C.J. Stroud,pass_yds,249.5,,182,1.82,250.0,50.2,,cin_hou,353.0,True,,99.735152327054,50.2,False,50.187996923728264
Rhamondre Stevenson,rec_yds,19.5,,106,1.06,19.6,50.2,,pit_ne,3.0,False,,19.947030465411082,50.2,False,50.187996923728264
Chris Bell,rec_yds,49.5,,430,4.3,49.7,50.2,,mia_sf,0.0,False,,39.894060930822164,50.2,False,50.187996923728264
Jordan Love,pass_td,2.0,,-120,0.83,1.69,50.2,,gb_nyj,2.0,True,,,,,
Jonathan Taylor,rush_yds,79.5,,-152,0.66,79.7,50.1,,ind_kc,92.0,True,,79.78837252591552,50.1,False,50.093998535689934
Deshaun Watson,pass_yds,199.5,,162,1.62,199.7,50.1,,cle_tb,238.0,True,,79.78837252590985,50.1,False,50.093998535689934
Courtland Sutton,rec_yds,59.5,,225,2.25,59.5,50.0,,jax_den,25.0,False,,,,,
Marvin Harrison Jr.,rec_yds,49.5,,194,1.94,49.5,50.0,,sea_ari,0.0,False,,,,,
Rachaad White,rush_yds,29.5,,154,1.54,29.5,50.0,,was_dal,43.0,True,,,,,
Darren Waller,rec,1.5,,-210,0.48,1.5,50.0,,car_atl,3.0,True,,,,,
Tyler Warren,rec_yds,49.5,,132,1.32,49.5,50.0,,ind_kc,21.0,False,,,,,
Emeka Egbuka,rec,4.5,,146,1.46,4.5,50.0,,cle_tb,3.0,False,,,,,
Jonathan Taylor,rec,2.5,,-138,0.72,2.5,49.8,,ind_kc,4.0,True,,,,,
Jayden Daniels,pass_yds,199.5,,-205,0.49,199.1,49.8,,was_dal,96.0,False,,79.78812186164433,49.8,False,49.812003076271736
MarShawn Lloyd,rush_yds,69.5,,210,2.1,69.1,49.7,,gb_nyj,20.0,False,,53.19180272267464,49.70000000000001,False,49.7180049835327
Jordan Addison,rec,3.5,,106,1.06,3.5,49.7,,min_chi,2.0,False,,,,,
Chris Brooks,rec_yds,9.5,,-114,0.88,9.3,49.6,,gb_nyj,15.0,True,,19.9467797968082,49.6,False,49.6240073337327
Ryan Flournoy,rec,3.5,,182,1.82,3.5,49.6,,was_dal,5.0,True,,,,,
Luther Burden III,rec_yds,69.5,,200,2.0,69.1,49.6,,min_chi,32.0,False,,39.893559593617105,49.6,False,49.6240073337327
Mike Evans,rec_yds,59.5,,146,1.46,59.0,49.6,,mia_sf,54.0,False,,49.86694949202067,49.6,False,49.6240073337327
Bo Nix,rush_yds,24.5,,178,1.78,24.2,49.5,,jax_den,9.0,False,,23.935910148969942,49.5,False,49.5300102744997
Alvin Kamara,rec_yds,29.5,,580,5.8,29.2,49.5,,no_bal,7.0,False,,23.935910148969942,49.5,False,49.5300102744997
Dak Prescott,pass_yds,274.5,,104,1.04,273.0,49.4,,was_dal,279.0,True,,99.73181000201299,49.4,False,49.43601395344588
Jayden Daniels,rush_yds,49.5,,198,1.98,48.8,49.4,,was_dal,69.0,True,,46.54151133427292,49.4,False,49.43601395344588
Cooper Kupp,rec,2.5,,124,1.24,2.5,49.4,,sea_ari,2.0,False,,,,,
Tyler Warren,rec,4.5,,-136,0.74,4.5,49.4,,ind_kc,6.0,True,,,,,
Andrei Iosivas,rec_yds,24.5,,188,1.88,24.0,49.3,,cin_hou,7.0,False,,28.494414889163046,49.3,False,49.34201851816367
Christian McCaffrey,rec,4.5,,-136,0.74,4.5,49.3,,mia_sf,4.0,False,,,,,
Saquon Barkley,rush_yds,89.5,,138,1.38,88.4,49.3,,phi_ten,9.0,False,,62.687712756158376,49.3,False,49.34201851816367
Rico Dowdle,rush_yds,49.5,,235,2.35,48.9,49.3,,pit_ne,22.0,False,,34.193297866995735,49.3,False,49.34201851816367
Adonai Mitchell,rec_yds,24.5,,-215,0.47,23.8,49.2,,gb_nyj,63.0,True,,34.905109842902995,49.2,False,49.24802411622189
Parker Washington,rec,5.5,,174,1.74,5.4,49.1,,jax_den,7.0,True,,4.432315975130823,49.1,False,49.15403089516168
Geno Smith,rush_yds,14.5,,230,2.3,14.2,49.1,,gb_nyj,17.0,True,,13.29694792539255,49.1,False,49.15403089516168
Trevor Lawrence,pass_yds,224.5,,-104,0.96,222.9,49.1,,jax_den,189.0,False,,70.91705560209317,49.1,False,49.15403089516168
TreVeyon Henderson,rush_yds,39.5,,100,1.0,38.8,49.1,,pit_ne,76.0,True,,31.026211825916,49.1,False,49.15403089516168
Ashton Jeanty,rush_yds,79.5,,194,1.94,78.0,49.0,,lv_lac,48.0,False,,59.83507476751697,49.0,False,49.06003900249267
George Kittle,rec,4.5,,168,1.68,4.5,49.0,,mia_sf,4.0,False,,,,,
Tee Higgins,rec_yds,79.5,,230,2.3,78.0,49.0,,cin_hou,95.0,True,,59.83507476751697,49.0,False,49.06003900249267
Xavier Hutchinson,rec_yds,24.5,,-158,0.63,23.7,48.9,,cin_hou,37.0,True,,29.010307128504234,48.9,False,48.96604858568894
Travis Etienne,rec_yds,24.5,,320,3.2,23.8,48.9,,no_bal,6.0,False,,25.384018737441156,48.9,False,48.96604858568894
Patrick Mahomes,pass_yds,224.5,,-106,0.94,222.2,48.9,,ind_kc,382.0,True,,83.40463299445001,48.9,False,48.96604858568894
Jalen Hurts,rush_yds,39.5,,182,1.82,38.5,48.9,,phi_ten,16.0,False,,36.262883910630265,48.9,False,48.96604858568894
Dallas Goedert,rec_yds,49.5,,178,1.78,48.5,48.9,,phi_ten,4.0,False,,36.262883910630265,48.9,False,48.96604858568894
Chase Brown,rec,5.5,,370,3.7,5.3,48.8,,cin_hou,3.0,False,,6.648035189013655,48.8,False,48.8720597921851
Ashton Jeanty,rec_yds,24.5,,-136,0.74,23.6,48.7,,lv_lac,15.0,False,,27.614192073837476,48.70000000000001,False,48.778072769372315
Patrick Mahomes,rush_yds,24.5,,174,1.74,23.8,48.7,,ind_kc,17.0,False,,21.47770494631805,48.70000000000001,False,48.778072769372315
Romeo Doubs,rec_yds,59.5,,240,2.4,57.8,48.7,,pit_ne,96.0,True,,52.1601405839154,48.70000000000001,False,48.778072769372315
Evan Engram,rec_yds,29.5,,142,1.42,28.6,48.6,,jax_den,17.0,False,,25.64102434603783,48.6,False,48.68408766459439
Bijan Robinson,rec_yds,29.5,,-260,0.38,28.6,48.6,,car_atl,9.0,False,,25.64102434603783,48.6,False,48.68408766459439
KC Concepcion,rec_yds,39.5,,132,1.32,38.1,48.6,,cle_tb,28.0,False,,39.88603787161443,48.6,False,48.68408766459439
Justice Hill,rush_yds,19.5,,174,1.74,18.5,48.5,,no_bal,6.0,False,,26.589883831116303,48.5,False,48.59010462514375
Jonathon Brooks,rush_yds,39.5,,310,3.1,38.2,48.4,,car_atl,16.0,False,,32.40536807403275,48.4,False,48.49612379825751
Justin Herbert,rush_yds,19.5,,-114,0.88,18.8,48.4,,lv_lac,2.0,False,,17.449044347556118,48.4,False,48.49612379825751
Kyle Pitts,rec_yds,49.5,,250,2.5,47.9,48.4,,car_atl,15.0,False,,39.8835299372712,48.4,False,48.49612379825751
Bo Nix,pass_td,2.0,,114,1.14,1.63,48.4,,jax_den,1.0,False,,9.22306629799396,48.4,False,48.49612379825751
Kenneth Walker III,rec_yds,14.5,,-210,0.48,13.7,48.3,,ind_kc,61.0,True,,18.76807078845009,48.3,False,48.402145331113466
Cam Ward,pass_yds,224.5,,225,2.25,221.1,48.3,,phi_ten,183.0,False,,79.76430085091293,48.3,False,48.402145331113466
Jadarian Price,rush_yds,59.5,,-122,0.82,57.7,48.3,,sea_ari,52.0,False,,42.2281592740126,48.3,False,48.402145331113466
Quinshon Judkins,rush_yds,59.5,,130,1.3,58.0,48.3,,cle_tb,21.0,False,,35.19013272834388,48.3,False,48.402145331113466
Saquon Barkley,rec_yds,19.5,,225,2.25,18.4,48.2,,phi_ten,11.0,False,,24.371531061849605,48.199999999999996,False,48.30816937082615
KC Concepcion,rec,4.5,,235,2.35,4.3,48.1,,cle_tb,6.0,True,,4.1978042333659245,48.10000000000001,False,48.21419606444288
Bo Nix,pass_yds,224.5,,-104,0.96,220.4,48.1,,jax_den,288.0,True,,86.05498678400124,48.10000000000001,False,48.21419606444288
Emmett Johnson,rush_yds,4.5,,-900,0.11,4.0,48.1,,ind_kc,15.0,True,,10.494510583414801,48.10000000000001,False,48.21419606444288
Cam Ward,rush_yds,9.5,,-158,0.63,9.1,48.1,,phi_ten,7.0,False,,8.395608466731849,48.10000000000001,False,48.21419606444288
Caleb Douglas,rec,3.5,,154,1.54,3.4,48.1,,mia_sf,2.0,False,,2.0989021166829622,48.10000000000001,False,48.21419606444288
Xavier Legette,rec_yds,29.5,,205,2.05,28.2,48.1,,car_atl,64.0,True,,27.2857275168785,48.10000000000001,False,48.21419606444288
Chase Brown,rec_yds,24.5,,136,1.36,23.2,48.0,,cin_hou,2.0,False,,25.92038116108129,48.0,False,48.120225558939666
Denzel Boston,rec,3.5,,188,1.88,3.4,48.0,,cle_tb,5.0,True,,1.9938754739293307,48.0,False,48.120225558939666
Jake Ferguson,rec,3.5,,100,1.0,3.4,48.0,,was_dal,4.0,True,,1.9938754739293307,48.0,False,48.120225558939666
Darren Waller,rec_yds,29.5,,250,2.5,28.0,47.9,,car_atl,33.0,True,,28.48271068166813,47.9,False,48.02625800121736
Breece Hall,rush_yds,69.5,,102,1.02,66.6,47.9,,gb_nyj,29.0,False,,55.066573984558495,47.9,False,48.02625800121736
Brock Purdy,rush_yds,14.5,,100,1.0,13.8,47.8,,mia_sf,30.0,True,,12.68718074286686,47.8,False,47.93229353809756
Tyler Allgeier,rush_yds,29.5,,-166,0.6,28.6,47.8,,sea_ari,10.0,False,,16.312089526543094,47.8,False,47.93229353809756
C.J. Stroud,rush_yds,14.5,,128,1.28,13.8,47.8,,cin_hou,29.0,True,,12.68718074286686,47.8,False,47.93229353809756
Malik Willis,pass_yds,249.5,,430,4.3,243.5,47.8,,mia_sf,197.0,False,,108.74726351028748,47.8,False,47.93229353809756
Hunter Henry,rec,3.5,,104,1.04,3.4,47.8,,pit_ne,3.0,False,,1.8124543918381262,47.8,False,47.93229353809756
CeeDee Lamb,rec_yds,89.5,,152,1.52,86.5,47.8,,was_dal,153.0,True,,54.37363175514374,47.8,False,47.93229353809756
Rachaad White,rec_yds,19.5,,205,2.05,18.0,47.8,,was_dal,40.0,True,,27.18681587757187,47.8,False,47.93229353809756
Alvin Kamara,rush_yds,29.5,,310,3.1,28.3,47.7,,no_bal,15.0,False,,20.802842322752237,47.70000000000001,False,47.838332316318656
Lamar Jackson,pass_yds,224.5,,116,1.16,220.1,47.7,,no_bal,235.0,True,,76.27708851675835,47.70000000000001,False,47.838332316318656
Malik Washington,rec,4.5,,205,2.05,4.4,47.7,,mia_sf,4.0,False,,1.7335701935626815,47.70000000000001,False,47.838332316318656
Wan'Dale Robinson,rec,4.5,,110,1.1,4.4,47.7,,phi_ten,1.0,False,,1.7335701935626815,47.70000000000001,False,47.838332316318656
Trevor Lawrence,rush_yds,19.5,,118,1.18,18.5,47.6,,jax_den,6.0,False,,16.61256184279833,47.599999999999994,False,47.74437448253178
Germie Bernard,rec_yds,9.5,,-194,0.52,8.9,47.6,,pit_ne,35.0,True,,9.967537105678991,47.599999999999994,False,47.74437448253178
Bhayshul Tuten,rush_yds,39.5,,-200,0.5,37.7,47.5,,jax_den,65.0,True,,28.70503092393051,47.5,False,47.65042018329688
Kenneth Walker III,rec,2.5,,-192,0.52,2.3,47.4,,ind_kc,6.0,True,,3.0666126670532194,47.4,False,47.556469565078594
Jahan Dotson,rec_yds,14.5,,-152,0.66,13.3,47.4,,car_atl,11.0,False,,18.39967600231929,47.4,False,47.556469565078594
Cooper Rush,pass_yds,174.5,,-146,0.68,167.6,47.4,,car_atl,86.0,False,,105.79813701333607,47.4,False,47.556469565078594
Jaylin Noel,rec,2.5,,-112,0.89,2.4,47.3,,cin_hou,1.0,False,,1.4764350700650637,47.3,False,47.46252277424233
De'Von Achane,rush_yds,89.5,,350,3.5,85.0,47.3,,mia_sf,74.0,False,,66.43957815292781,47.3,False,47.46252277424233
Christian Watson,rec_yds,49.5,,-180,0.56,46.5,47.2,,gb_nyj,41.0,False,,42.708691215874346,47.199999999999996,False,47.36857995705013
Drake Maye,pass_yds,199.5,,-215,0.47,194.7,47.2,,pit_ne,208.0,True,,68.33390594539911,47.199999999999996,False,47.36857995705013
Trey McBride,rec,6.5,,-102,0.98,6.3,47.2,,sea_ari,8.0,True,,2.8472460810582922,47.199999999999996,False,47.36857995705013
Ja'Marr Chase,rec,10.5,,700,7.0,10.2,47.0,,cin_hou,7.0,False,,3.9856589560654805,47.0,False,47.18070682810538
Josh Downs,rec,3.5,,-174,0.57,3.4,47.0,,ind_kc,7.0,True,,1.328552985355158,47.0,False,47.18070682810538
Pat Bryant,rec,3.5,,130,1.3,3.3,47.0,,jax_den,0.0,False,,2.657105970710316,47.0,False,47.18070682810538
Tetairoa McMillan,rec,5.5,,194,1.94,5.3,47.0,,car_atl,5.0,False,,2.657105970710316,47.0,False,47.18070682810538
Chase Brown,rush_yds,69.5,,172,1.72,65.8,47.0,,cin_hou,80.0,True,,49.15646045814085,47.0,False,47.18070682810538
Jeremiyah Love,rush_yds,69.5,,490,4.9,66.8,47.0,,sea_ari,29.0,False,,35.870930604589276,47.0,False,47.18070682810538
Chuba Hubbard,rush_yds,39.5,,-320,0.31,36.9,46.9,,car_atl,53.0,True,,33.42596540554272,46.9,False,47.086776808324004
Derrick Henry,rush_yds,99.5,,106,1.06,95.1,46.9,,no_bal,68.0,False,,56.56701837861079,46.9,False,47.086776808324004
Parker Washington,rec_yds,69.5,,146,1.46,64.9,46.9,,jax_den,98.0,True,,59.138246486729315,46.9,False,47.086776808324004
George Kittle,rec_yds,69.5,,320,3.2,65.9,46.9,,mia_sf,80.0,True,,46.28210594613597,46.9,False,47.086776808324004
Xavier Hutchinson,rec,2.5,,-132,0.76,2.3,46.9,,cin_hou,3.0,True,,2.5712281081186714,46.9,False,47.086776808324004
Geno Smith,pass_yds,224.5,,132,1.32,217.2,46.9,,gb_nyj,247.0,True,,93.84982594633156,46.9,False,47.086776808324004
Justin Herbert,pass_yds,274.5,,280,2.8,266.3,46.9,,lv_lac,192.0,False,,105.42035243286529,46.9,False,47.086776808324004
D'Andre Swift,rec_yds,24.5,,280,2.8,22.6,46.9,,min_chi,54.0,True,,24.426667027127337,46.9,False,47.086776808324004
Tyjae Spears,rec_yds,14.5,,-144,0.69,13.2,46.8,,phi_ten,29.0,True,,16.189630307022636,46.8,False,46.99285134612092
Chris Brooks,rush_yds,39.5,,235,2.35,37.2,46.8,,gb_nyj,11.0,False,,28.643192081655382,46.8,False,46.99285134612092
Rashod Bateman,rec_yds,24.5,,-250,0.4,22.7,46.8,,no_bal,88.0,True,,22.41641119433903,46.8,False,46.99285134612092
Kirk Cousins,pass_yds,249.5,,320,3.2,241.3,46.7,,lv_lac,253.0,True,,99.01792102099968,46.70000000000001,False,46.898930587180864
Jaylen Waddle,rec_yds,69.5,,182,1.82,64.7,46.7,,jax_den,138.0,True,,57.96170986595108,46.70000000000001,False,46.898930587180864
Kayshon Boutte,rec_yds,39.5,,106,1.06,36.7,46.7,,cin_hou,37.0,False,,33.810997421804785,46.70000000000001,False,46.89893058718088
Antonio Williams,rec_yds,9.5,,-490,0.2,8.1,46.7,,was_dal,24.0,True,,16.905498710902414,46.70000000000001,False,46.898930587180864
Roman Wilson,rec_yds,14.5,,-470,0.21,13.2,46.6,,pit_ne,28.0,True,,15.235185282324233,46.599999999999994,False,46.80501467706093
Rachaad White,rec,2.5,,154,1.54,2.3,46.6,,was_dal,6.0,True,,2.3438746588191135,46.599999999999994,False,46.80501467706093
Jaylen Waddle,rec,4.5,,110,1.1,4.2,46.6,,jax_den,8.0,True,,3.515811988228665,46.599999999999994,False,46.80501467706093
Javonte Williams,rush_yds,59.5,,-240,0.42,55.8,46.5,,was_dal,30.0,False,,42.11972027754055,46.50000000000001,False,46.711103761186465
Stefon Diggs,rec,4.5,,-128,0.78,4.3,46.4,,was_dal,5.0,True,,2.2133335453032617,46.4,False,46.61719798484689
Hunter Henry,rec_yds,39.5,,-114,0.88,36.5,46.4,,pit_ne,40.0,True,,33.2000031795489,46.4,False,46.61719798484689
Ja'Marr Chase,rec_yds,124.5,,520,5.2,117.8,46.4,,cin_hou,75.0,False,,74.14667376765924,46.4,False,46.61719798484689
George Holani,rush_yds,49.5,,310,3.1,46.2,46.3,,sea_ari,13.0,False,,35.53024795961498,46.3,False,46.52329749319178
Chris Rodriguez Jr.,rush_yds,39.5,,240,2.4,36.9,46.3,,jax_den,13.0,False,,27.993528695454266,46.3,False,46.52329749319178
Chris Olave,rec_yds,89.5,,205,2.05,85.0,46.3,,no_bal,86.0,False,,48.450338126747745,46.3,False,46.52329749319178
Jerry Jeudy,rec,3.5,,210,2.1,3.3,46.2,,cle_tb,0.0,False,,2.096515852513476,46.199999999999996,False,46.42940243122651
Jayden Reed,rec_yds,49.5,,178,1.78,45.8,46.1,,gb_nyj,4.0,False,,37.78797981525309,46.10000000000001,False,46.33551294380833
Josh Downs,rec_yds,39.5,,-114,0.88,36.6,46.0,,ind_kc,72.0,True,,28.87476422491795,46.0,False,46.241629175642096
Alec Pierce,rec_yds,49.5,,108,1.08,45.4,46.0,,ind_kc,11.0,False,,40.82294252488403,46.0,False,46.241629175642096
Ashton Jeanty,rec,4.5,,124,1.24,4.1,45.9,,lv_lac,4.0,False,,3.8852550433839714,45.9,False,46.14775127127619
Woody Marks,rush_yds,39.5,,174,1.74,36.6,45.9,,cin_hou,8.0,False,,28.168099064533752,45.9,False,46.14775127127619
Bryce Young,pass_yds,199.5,,-210,0.48,189.9,45.9,,car_atl,287.0,True,,93.24612104121518,45.9,False,46.14775127127619
Matthew Golden,rec,2.5,,-420,0.24,2.3,45.9,,gb_nyj,4.0,True,,1.9426275216919857,45.9,False,46.14775127127619
Jonathan Taylor,rec_yds,14.5,,-160,0.62,12.9,45.9,,ind_kc,40.0,True,,15.541020173535868,45.9,False,46.14775127127619
Jalen Hurts,pass_yds,249.5,,235,2.35,240.0,45.8,,phi_ten,264.0,True,,90.06991360188638,45.8,False,46.05387937509835
George Pickens,rec_yds,89.5,,225,2.25,83.5,45.8,,was_dal,40.0,False,,56.88626122224403,45.8,False,46.05387937509835
D'Andre Swift,rec,4.5,,920,9.2,4.1,45.8,,min_chi,5.0,True,,3.7924174148162724,45.8,False,46.05387937509835
D'Andre Swift,rush_yds,69.5,,134,1.34,63.7,45.7,,min_chi,45.0,False,,53.706404236177946,45.70000000000001,False,45.9600136313315
Tony Pollard,rec_yds,14.5,,154,1.54,12.7,45.6,,phi_ten,1.0,False,,16.28720442780604,45.599999999999994,False,45.86615418402946
Rashee Rice,rec,5.5,,146,1.46,5.3,45.6,,ind_kc,4.0,False,,1.8096893808673384,45.599999999999994,False,45.86615418402946
Christian Watson,rec,3.5,,-188,0.53,3.2,45.6,,gb_nyj,4.0,True,,2.7145340713010033,45.599999999999994,False,45.86615418402946
Greg Dulcich,rec_yds,49.5,,430,4.3,44.7,45.5,,mia_sf,17.0,False,,42.463393216416115,45.50000000000001,False,45.77230117707296
Garrett Wilson,rec_yds,69.5,,-110,0.91,64.1,45.5,,gb_nyj,57.0,False,,47.77131736846821,45.50000000000001,False,45.77230117707296
Harold Fannin Jr.,rec,4.5,,152,1.52,4.2,45.5,,cle_tb,5.0,True,,2.653962076026007,45.50000000000001,False,45.77230117707296
Quentin Johnston,rec_yds,59.5,,132,1.32,53.8,45.5,,lv_lac,7.0,False,,50.425279444494194,45.50000000000001,False,45.77230117707296
Jeremiyah Love,rec_yds,29.5,,265,2.65,25.3,45.4,,sea_ari,16.0,False,,36.34425367252342,45.4,False,45.67845475416523
Carson Wentz,pass_yds,224.5,,106,1.06,210.3,45.4,,min_chi,143.0,False,,122.87819098805531,45.4,False,45.67845475416523
Jaylen Warren,rush_yds,39.5,,-148,0.68,36.1,45.3,,pit_ne,43.0,True,,28.792723778444497,45.3,False,45.584615058827936
Jordan Love,pass_yds,224.5,,-245,0.41,215.9,45.3,,gb_nyj,145.0,False,,72.8286542631243,45.3,False,45.584615058827936
David Montgomery,rush_yds,59.5,,-128,0.78,55.0,45.2,,cin_hou,10.0,False,,37.31035948953093,45.199999999999996,False,45.49078223439681
Jaylen Warren,rec_yds,19.5,,-102,0.98,17.0,45.2,,pit_ne,34.0,True,,20.72797749418385,45.199999999999996,False,45.49078223439681
Chris Olave,rec,7.5,,250,2.5,7.1,45.2,,no_bal,8.0,True,,3.3164763990694195,45.199999999999996,False,45.49078223439681
Michael Wilson,rec_yds,49.5,,168,1.68,44.8,45.1,,sea_ari,18.0,False,,38.169411979591274,45.10000000000001,False,45.39695642401751
Kyle Monangai,rush_yds,39.5,,100,1.0,35.0,45.1,,min_chi,47.0,True,,36.54518168258737,45.10000000000001,False,45.39695642401751
Baker Mayfield,pass_yds,274.5,,360,3.6,262.1,45.1,,cle_tb,182.0,False,,100.70227841424057,45.10000000000001,False,45.39695642401751
Emeka Egbuka,rec_yds,69.5,,182,1.82,63.3,45.0,,cle_tb,16.0,False,,49.338958678761365,44.99999999999999,False,45.30313777064126
De'Von Achane,rec,5.5,,230,2.3,5.0,45.0,,mia_sf,3.0,False,,3.978948280545269,44.99999999999999,False,45.30313777064126
Jordan Addison,rec_yds,49.5,,144,1.44,44.5,45.0,,min_chi,21.0,False,,39.78948280545269,44.99999999999999,False,45.30313777064126
Omarion Hampton,rush_yds,69.5,,124,1.24,63.1,45.0,,lv_lac,94.0,True,,50.93053799097944,44.99999999999999,False,45.30313777064126
Dak Prescott,rush_yds,14.5,,198,1.98,13.0,45.0,,was_dal,26.0,True,,11.936844841635807,44.99999999999999,False,45.30313777064126
David Montgomery,rec,2.5,,178,1.78,2.2,44.9,,cin_hou,2.0,False,,2.3403081362771547,44.900000000000006,False,45.2093264170207
J.K. Dobbins,rush_yds,59.5,,-102,0.98,55.3,44.9,,jax_den,36.0,False,,32.76431390788021,44.900000000000006,False,45.2093264170207
Rhamondre Stevenson,rec,2.5,,-144,0.69,2.3,44.9,,pit_ne,1.0,False,,1.5602054241847723,44.900000000000006,False,45.2093264170207
Tre Harris,rec_yds,39.5,,132,1.32,35.3,44.8,,lv_lac,53.0,True,,32.130733990729475,44.8,False,45.11552250570547
Michael Mayer,rec,2.5,,-1400,0.07,2.3,44.8,,lv_lac,3.0,True,,1.5300349519394991,44.8,False,45.11552250570547
David Njoku,rec_yds,24.5,,-114,0.88,21.9,44.8,,lv_lac,9.0,False,,19.89045437521348,44.8,False,45.11552250570547
Tommy Tremble,rec_yds,9.5,,-182,0.55,8.1,44.8,,car_atl,4.0,False,,10.710244663576486,44.8,False,45.11552250570547
DeVonta Smith,rec,6.5,,280,2.8,6.1,44.7,,phi_ten,10.0,True,,3.0019995505962167,44.7,False,45.02172617903799
Matthew Golden,rec_yds,29.5,,-340,0.29,25.3,44.7,,gb_nyj,58.0,True,,31.52099528126024,44.7,False,45.02172617903799
Rome Odunze,rec,4.5,,450,4.5,4.1,44.6,,min_chi,3.0,False,,2.9460736399387093,44.599999999999994,False,44.92793757914909
Tony Pollard,rush_yds,69.5,,400,4.0,63.1,44.5,,phi_ten,64.0,False,,46.27480316279316,44.50000000000001,False,44.83415684795371
Malik Washington,rec_yds,49.5,,194,1.94,42.9,44.5,,mia_sf,43.0,False,,47.720890761630464,44.50000000000001,False,44.83415684795371
Joe Burrow,pass_yds,299.5,,270,2.7,283.3,44.5,,cin_hou,207.0,False,,117.13309550582014,44.50000000000001,False,44.83415684795371
Darnell Washington,rec_yds,14.5,,-112,0.89,12.9,44.4,,pit_ne,7.0,False,,11.360782419134638,44.39999999999999,False,44.74038412714651
Breece Hall,rec,4.5,,370,3.7,4.0,44.4,,gb_nyj,5.0,True,,3.5502445059795753,44.39999999999999,False,44.74038412714651
Cooper Rush,rush_yds,9.5,,490,4.9,8.0,44.3,,car_atl,20.0,True,,10.462626992040112,44.3,False,44.646619558197564
Keaton Mitchell,rush_yds,29.5,,144,1.44,25.1,44.3,,lv_lac,24.0,False,,30.690372509984318,44.3,False,44.646619558197564
Luther Burden III,rec,6.5,,390,3.9,6.1,44.3,,min_chi,3.0,False,,2.7900338645440326,44.3,False,44.646619558197564
Caleb Williams,rush_yds,29.5,,104,1.04,26.1,44.3,,min_chi,42.0,True,,23.715287848624243,44.3,False,44.646619558197564
Bucky Irving,rec_yds,24.5,,178,1.78,20.6,44.3,,cle_tb,1.0,False,,27.202830179304282,44.3,False,44.646619558197564
Jalen Nailor,rec,3.5,,172,1.72,3.1,44.2,,lv_lac,1.0,False,,2.7415959454369205,44.199999999999996,False,44.552863282347886
Bucky Irving,rush_yds,69.5,,118,1.18,62.5,44.2,,cle_tb,89.0,True,,47.97792904514612,44.199999999999996,False,44.552863282347886
Tyjae Spears,rush_yds,29.5,,265,2.65,25.3,44.2,,phi_ten,41.0,True,,28.786757427087664,44.199999999999996,False,44.552863282347886
Christian McCaffrey,rec_yds,29.5,,-230,0.43,26.0,44.1,,mia_sf,43.0,True,,23.579449170156416,44.10000000000001,False,44.45911544060511
Tetairoa McMillan,rec_yds,79.5,,205,2.05,72.1,44.1,,car_atl,101.0,True,,49.85369253118789,44.10000000000001,False,44.45911544060511
Carnell Tate,rec,4.5,,158,1.58,4.1,43.9,,phi_ten,3.0,False,,2.6057772884807067,43.900000000000006,False,44.27164562227715
Drake London,rec_yds,79.5,,225,2.25,71.5,43.9,,car_atl,51.0,False,,52.11554576961408,43.900000000000006,False,44.27164562227715
Rhamondre Stevenson,rush_yds,39.5,,-210,0.48,35.0,43.9,,pit_ne,43.0,True,,29.314994495407923,43.900000000000006,False,44.27164562227715
Braelon Allen,rush_yds,14.5,,-320,0.31,12.2,43.8,,gb_nyj,7.0,False,,14.739631513711736,43.8,False,44.177923926500284
George Pickens,rec,6.5,,320,3.2,6.0,43.7,,was_dal,6.0,False,,3.152988094860099,43.7,False,44.084211226438065
Justice Hill,rec_yds,19.5,,154,1.54,15.9,43.7,,no_bal,12.0,False,,22.70151428299271,43.7,False,44.084211226438065
Kalif Raymond,rec_yds,14.5,,-245,0.41,12.4,43.6,,min_chi,40.0,True,,13.033877837503171,43.599999999999994,False,43.99050766186434
Devaughn Vele,rec,4.5,,154,1.54,4.0,43.5,,no_bal,5.0,True,,3.0551425196962936,43.50000000000001,False,43.8968133722929
Tyler Shough,pass_yds,249.5,,136,1.36,227.7,43.5,,no_bal,252.0,True,,133.20421385875846,43.50000000000001,False,43.8968133722929
Juwan Johnson,rec,4.5,,146,1.46,4.0,43.5,,no_bal,4.0,False,,3.0551425196962936,43.50000000000001,False,43.8968133722929
Saquon Barkley,rush_yds,99.5,,205,2.05,88.4,43.4,,phi_ten,9.0,False,,66.78722857683628,43.39999999999999,False,43.803128496972654
Romeo Doubs,rec,5.5,,450,4.5,4.9,43.4,,pit_ne,3.0,False,,3.610120463612772,43.39999999999999,False,43.803128496972654
Cade Otton,rec,3.5,,158,1.58,3.2,43.4,,cle_tb,5.0,True,,1.805060231806386,43.39999999999999,False,43.803128496972654
Adonai Mitchell,rec_yds,29.5,,-154,0.65,23.8,43.4,,gb_nyj,63.0,True,,34.29614440432135,43.39999999999999,False,43.803128496972654
Pat Bryant,rec_yds,49.5,,250,2.5,43.0,43.4,,jax_den,0.0,False,,39.10963835580505,43.39999999999999,False,43.803128496972654
Chris Brooks,rec,2.5,,300,3.0,2.0,43.4,,gb_nyj,1.0,False,,3.0084337196773117,43.39999999999999,False,43.803128496972654
Juwan Johnson,rec_yds,49.5,,174,1.74,43.1,43.3,,no_bal,66.0,True,,37.9278436429875,43.300000000000004,False,43.709453174883365
Devaughn Vele,rec_yds,49.5,,140,1.4,43.7,43.3,,no_bal,64.0,True,,34.37210830145741,43.300000000000004,False,43.709453174883365
Brian Thomas Jr.,rec_yds,69.5,,390,3.9,60.2,43.3,,jax_den,40.0,False,,55.113897793716205,43.300000000000004,False,43.709453174883365
Wan'Dale Robinson,rec_yds,49.5,,174,1.74,44.1,43.3,,phi_ten,9.0,False,,32.0016180737707,43.300000000000004,False,43.709453174883365
Jaxon Smith-Njigba,rec_yds,89.5,,118,1.18,81.3,43.2,,sea_ari,155.0,True,,47.87354305937972,43.2,False,43.61578754473081
Jonathan Taylor,rush_yds,89.5,,-102,0.98,79.7,43.2,,ind_kc,92.0,True,,57.21472219291719,43.2,False,43.61578754473081
Kenyon Sadiq,rec_yds,29.5,,178,1.78,24.8,43.2,,gb_nyj,17.0,False,,27.43971370476641,43.2,False,43.61578754473081
Saquon Barkley,rec,3.5,,370,3.7,3.0,43.1,,phi_ten,1.0,False,,2.876393118058139,43.10000000000001,False,43.52213174494239
Omarion Hampton,rec_yds,24.5,,350,3.5,20.1,43.1,,lv_lac,21.0,False,,25.312259438911614,43.10000000000001,False,43.52213174494239
Andrei Iosivas,rec,2.5,,290,2.9,2.2,43.1,,cin_hou,1.0,False,,1.7258358708348822,43.10000000000001,False,43.52213174494239
Woody Marks,rec,1.5,,104,1.04,1.3,43.0,,cin_hou,5.0,True,,1.1339529247296094,42.99999999999999,False,43.42848591366244
DeVonta Smith,rec_yds,89.5,,270,2.7,80.5,43.0,,phi_ten,117.0,True,,51.02788161283244,42.99999999999999,False,43.42848591366244
Javonte Williams,rec,4.5,,430,4.3,3.7,43.0,,was_dal,3.0,False,,4.535811698918438,42.99999999999999,False,43.42848591366244
Terry McLaurin,rec_yds,59.5,,114,1.14,53.1,43.0,,was_dal,50.0,False,,36.2864935913475,42.99999999999999,False,43.42848591366244
De'Von Achane,rec_yds,39.5,,198,1.98,33.7,43.0,,mia_sf,19.0,False,,32.88463481715866,42.99999999999999,False,43.42848591366244
Tyquan Thornton,rec_yds,14.5,,-114,0.88,12.0,42.9,,ind_kc,86.0,True,,13.972673676751736,42.900000000000006,False,43.33485018874757
DK Metcalf,rec_yds,59.5,,-114,0.88,53.4,42.9,,pit_ne,27.0,False,,34.09332377127424,42.900000000000006,False,43.33485018874757
Daniel Jones,pass_yds,224.5,,102,1.02,211.0,42.9,,ind_kc,210.0,False,,75.45243785445938,42.900000000000006,False,43.33485018874757
Makai Lemon,rec,4.5,,430,4.3,4.0,42.9,,phi_ten,1.0,False,,2.7945347353503474,42.900000000000006,False,43.33485018874757
Tee Higgins,rec,6.5,,430,4.3,5.9,42.9,,cin_hou,5.0,False,,3.353441682420415,42.900000000000006,False,43.33485018874757
MarShawn Lloyd,rec_yds,14.5,,240,2.4,10.8,42.9,,gb_nyj,6.0,False,,20.679557041592567,42.900000000000006,False,43.33485018874757
Pat Freiermuth,rec_yds,24.5,,-188,0.53,21.3,42.8,,pit_ne,32.0,True,,17.633932254492684,42.8,False,43.241224707762015
Andrei Iosivas,rec_yds,29.5,,250,2.5,24.0,42.8,,cin_hou,7.0,False,,30.308321062409306,42.8,False,43.241224707762015
Courtland Sutton,rec_yds,69.5,,350,3.5,59.5,42.6,,jax_den,25.0,False,,53.59999492709575,42.599999999999994,False,43.05400502634603
Mark Andrews,rec_yds,49.5,,-110,0.91,43.3,42.6,,no_bal,49.0,False,,33.231996854799384,42.599999999999994,False,43.05400502634603
Omarion Hampton,rec,4.5,,680,6.8,3.9,42.5,,lv_lac,2.0,False,,3.1726152328199624,42.50000000000001,False,42.96041109954004
Jaylin Noel,rec_yds,29.5,,114,1.14,25.0,42.4,,cin_hou,31.0,True,,23.47774204228274,42.39999999999999,False,42.86682796390278
Noah Gray,rec_yds,19.5,,178,1.78,16.3,42.4,,ind_kc,0.0,False,,16.69528323006772,42.39999999999999,False,42.86682796390278
Tony Pollard,rec,3.5,,640,6.4,2.9,42.3,,phi_ten,1.0,False,,3.089206592477719,42.300000000000004,False,42.773255755466025
Rico Dowdle,rec_yds,14.5,,-114,0.88,11.4,42.3,,pit_ne,22.0,True,,15.960900727801544,42.300000000000004,False,42.773255755466025
Tee Higgins,rec_yds,89.5,,320,3.2,78.0,42.2,,cin_hou,95.0,True,,58.441011255294576,42.2,False,42.67969460994071
Chris Bell,rec_yds,59.5,,640,6.4,49.7,42.2,,mia_sf,0.0,False,,49.80190524364232,42.2,False,42.67969460994071
Ashton Jeanty,rush_yds,89.5,,280,2.8,78.0,42.2,,lv_lac,48.0,False,,58.441011255294576,42.2,False,42.67969460994071
Chase Brown,rec,6.5,,680,6.8,5.3,42.2,,cin_hou,3.0,False,,6.098192478813348,42.2,False,42.67969460994071
Xavier Hutchinson,rec_yds,29.5,,-114,0.88,23.7,42.2,,cin_hou,37.0,True,,29.47459698093118,42.2,False,42.67969460994071
Dontayvion Wicks,rec_yds,19.5,,-245,0.41,16.2,42.1,,phi_ten,74.0,True,,16.554970941494563,42.1,False,42.586144662712144
Brock Purdy,pass_yds,249.5,,114,1.14,232.9,42.1,,mia_sf,287.0,True,,83.27652049357867,42.1,False,42.586144662712144
Bijan Robinson,rush_yds,79.5,,-125,0.8,71.0,42.1,,car_atl,72.0,False,,42.64159181900114,42.1,False,42.586144662712144
Adonai Mitchell,rec,2.5,,-138,0.72,2.0,42.1,,gb_nyj,6.0,True,,2.508328930529479,42.1,False,42.586144662712144
CeeDee Lamb,rec,7.5,,240,2.4,6.9,42.0,,was_dal,8.0,True,,2.9718641857592516,41.99999999999999,False,42.492606048835114
Travis Etienne,rush_yds,59.5,,235,2.35,51.9,41.9,,no_bal,25.0,False,,37.172469906550255,41.900000000000006,False,42.39907890302913
Ashton Jeanty,rec_yds,29.5,,110,1.1,23.6,41.8,,lv_lac,15.0,False,,28.50067741531828,41.79999999999999,False,42.30556335967328
Michael Mayer,rec_yds,24.5,,-490,0.2,20.3,41.7,,lv_lac,23.0,False,,20.040632583958093,41.7,False,42.212059552801605
Jerry Jeudy,rec_yds,49.5,,235,2.35,41.9,41.7,,cle_tb,0.0,False,,36.26400181859085,41.7,False,42.212059552801605
Jalen Coker,rec_yds,39.5,,-210,0.48,33.1,41.7,,car_atl,66.0,True,,30.538106794602808,41.7,False,42.212059552801605
MarShawn Lloyd,rush_yds,79.5,,310,3.1,69.1,41.6,,gb_nyj,20.0,False,,49.024876742425086,41.6,False,42.11856761609782
Tucker Kraft,rec_yds,69.5,,280,2.8,60.2,41.6,,gb_nyj,15.0,False,,43.83955324082239,41.6,False,42.11856761609782
Javonte Williams,rec_yds,24.5,,240,2.4,19.8,41.6,,was_dal,20.0,False,,22.15547314321132,41.6,False,42.11856761609782
Justin Herbert,pass_td,2.0,,-132,0.76,1.42,41.6,,lv_lac,1.0,False,,2.734079664481398,41.6,False,42.11856761609782
Jalen Nailor,rec_yds,49.5,,205,2.05,39.9,41.5,,lv_lac,9.0,False,,44.71322724537346,41.5,False,42.02508768289059
David Montgomery,rec_yds,19.5,,198,1.98,15.0,41.5,,cin_hou,14.0,False,,20.959325271268806,41.5,False,42.02508768289059
Caleb Douglas,rec_yds,49.5,,152,1.52,40.4,41.4,,mia_sf,19.0,False,,41.883881704643755,41.39999999999999,False,41.93161988614833
Keenan Allen,rec_yds,39.5,,182,1.82,34.6,41.4,,ind_kc,5.0,False,,22.55285937942355,41.39999999999999,False,41.93161988614833
Mike Evans,rec_yds,69.5,,210,2.1,59.0,41.3,,mia_sf,54.0,False,,47.763189819916334,41.300000000000004,False,41.83816435847425
De'Von Achane,rush_yds,99.5,,520,5.2,85.0,41.3,,mia_sf,74.0,False,,65.95869070369399,41.300000000000004,False,41.83816435847425
Jalen Hurts,pass_td,2.0,,134,1.34,1.41,41.3,,phi_ten,2.0,True,,2.6838363803572043,41.300000000000004,False,41.83816435847425
Romeo Doubs,rec_yds,69.5,,370,3.7,57.8,41.2,,pit_ne,96.0,True,,52.60715036220889,41.2,False,41.74472123210124
Evan Engram,rec,3.5,,146,1.46,3.0,41.2,,jax_den,1.0,False,,2.2481688188978155,41.2,False,41.74472123210124
Carnell Tate,rec_yds,49.5,,134,1.34,40.9,41.2,,phi_ten,27.0,False,,38.66850368504243,41.2,False,41.74472123210124
Dalton Schultz,rec_yds,49.5,,138,1.38,41.9,41.0,,cin_hou,140.0,True,,33.39999024450274,40.99999999999999,False,41.55787271030778
Travis Etienne,rec_yds,29.5,,470,4.7,23.8,41.0,,no_bal,6.0,False,,25.04999268337705,40.99999999999999,False,41.55787271030778
Tre Tucker,rec_yds,49.5,,168,1.68,39.9,41.0,,lv_lac,119.0,True,,42.18946136147714,40.99999999999999,False,41.55787271030778
Breece Hall,rec_yds,39.5,,390,3.9,31.7,40.9,,gb_nyj,63.0,True,,33.89563870778337,40.900000000000006,False,41.46446757745539
Chuba Hubbard,rec,2.5,,144,1.44,1.9,40.9,,car_atl,2.0,False,,2.607356823675644,40.900000000000006,False,41.46446757745539
Harold Fannin Jr.,rec_yds,49.5,,225,2.25,41.9,40.9,,cle_tb,54.0,True,,33.02651976655815,40.900000000000006,False,41.46446757745539
Terry McLaurin,rec,4.5,,124,1.24,4.0,40.8,,was_dal,2.0,False,,2.148756253709826,40.79999999999999,False,41.37107537102986
Justice Hill,rush_yds,24.5,,270,2.7,18.5,40.8,,no_bal,6.0,False,,25.78507504451791,40.79999999999999,False,41.37107537102985
Brenton Strange,rec,3.5,,104,1.04,3.0,40.8,,jax_den,2.0,False,,2.148756253709826,40.79999999999999,False,41.37107537102986
Luther Burden III,rec_yds,79.5,,300,3.0,69.1,40.8,,min_chi,32.0,False,,44.6941300771644,40.79999999999999,False,41.37107537102985
Breece Hall,rush_yds,79.5,,162,1.62,66.6,40.8,,gb_nyj,29.0,False,,55.43791134571354,40.79999999999999,False,41.37107537102985
C.J. Stroud,pass_td,2.0,,108,1.08,1.4,40.7,,cin_hou,0.0,False,,2.5502728798830536,40.7,False,41.27769622133523
CeeDee Lamb,rec_yds,99.5,,210,2.1,86.5,40.7,,was_dal,153.0,True,,55.255912397466155,40.7,False,41.27769622133523
Makai Lemon,rec_yds,49.5,,320,3.2,40.2,40.7,,phi_ten,14.0,False,,39.52922963818731,40.7,False,41.27769622133523
Brian Robinson,rush_yds,24.5,,-128,0.78,20.2,40.6,,car_atl,51.0,True,,18.078872159428425,40.6,False,41.18433025827413
Rachaad White,rec_yds,24.5,,310,3.1,18.0,40.6,,was_dal,40.0,True,,27.328527682856915,40.6,False,41.18433025827413
Ryan Flournoy,rec_yds,39.5,,152,1.52,32.4,40.5,,was_dal,23.0,False,,29.530912132378543,40.5,False,41.09097761134236
Jayden Daniels,rush_yds,59.5,,320,3.2,48.8,40.5,,was_dal,69.0,True,,44.50433236851414,40.5,False,41.09097761134236
Bo Nix,rush_yds,29.5,,270,2.7,24.2,40.5,,jax_den,9.0,False,,22.04420201431074,40.5,False,41.09097761134236
Caleb Williams,pass_yds,249.5,,142,1.42,227.5,40.4,,min_chi,138.0,False,,90.5323836368992,40.39999999999999,False,40.99763840962369
Mack Hollins,rec_yds,49.5,,182,1.82,40.5,40.4,,pit_ne,18.0,False,,37.03597512418604,40.39999999999999,False,40.99763840962369
Emmett Johnson,rec_yds,14.5,,194,1.94,10.6,40.4,,ind_kc,20.0,True,,16.04892255381395,40.39999999999999,False,40.99763840962369
Chase Brown,rec_yds,29.5,,198,1.98,23.2,40.4,,cin_hou,2.0,False,,25.925182586930227,40.39999999999999,False,40.99763840962369
Colston Loveland,rec_yds,59.5,,120,1.2,50.3,40.3,,min_chi,3.0,False,,37.460881359293495,40.300000000000004,False,40.904312781784455
Jaxon Smith-Njigba,rec,7.5,,168,1.68,6.8,40.3,,sea_ari,9.0,True,,2.850284451250592,40.300000000000004,False,40.904312781784455
Jacoby Brissett,pass_yds,249.5,,194,1.94,229.8,40.3,,sea_ari,95.0,False,,80.2151481280523,40.300000000000004,False,40.904312781784455
Rome Odunze,rec_yds,59.5,,205,2.05,50.0,40.2,,min_chi,43.0,False,,38.27963758200085,40.2,False,40.81100085606799
Xavier Worthy,rec_yds,39.5,,-102,0.98,32.4,40.2,,ind_kc,25.0,False,,28.60899229812696,40.2,False,40.81100085606799
Cade Otton,rec_yds,39.5,,194,1.94,32.3,40.2,,cle_tb,38.0,False,,29.01193585162171,40.2,False,40.81100085606799
Parker Washington,rec_yds,79.5,,220,2.2,64.9,40.2,,jax_den,98.0,True,,58.82975881023287,40.2,False,40.81100085606799
Carson Wentz,pass_td,2.0,,134,1.34,1.38,40.1,,min_chi,0.0,False,,2.472487870929564,40.1,False,40.717702760289384
Travis Kelce,rec_yds,49.5,,128,1.28,42.2,40.1,,ind_kc,101.0,True,,29.11155073836421,40.1,False,40.717702760289384
Trey McBride,rec_yds,69.5,,136,1.36,59.9,40.1,,sea_ari,41.0,False,,38.28368316278035,40.1,False,40.717702760289384
Derrick Henry,rush_yds,109.5,,158,1.58,95.1,40.1,,no_bal,68.0,False,,57.42552474417054,40.1,False,40.717702760289384
Derrick Henry,rec_yds,14.5,,210,2.1,10.0,40.1,,no_bal,19.0,True,,17.945476482553286,40.1,False,40.717702760289384
Jaylen Waddle,rec_yds,79.5,,270,2.7,64.7,40.1,,jax_den,138.0,True,,59.02067820928635,40.1,False,40.717702760289384
Alec Pierce,rec,3.5,,174,1.74,2.9,40.1,,ind_kc,1.0,False,,2.392730197673772,40.1,False,40.717702760289384
Marvin Harrison Jr.,rec_yds,59.5,,310,3.1,49.5,40.1,,sea_ari,0.0,False,,39.87883662789619,40.1,False,40.717702760289384
Rico Dowdle,rec,2.5,,-104,0.96,1.9,40.0,,pit_ne,2.0,False,,2.368292325325649,40.0,False,40.62441862182994
Derrick Henry,rec,1.5,,182,1.82,1.2,40.0,,no_bal,3.0,True,,1.1841461626628245,40.0,False,40.62441862182994
Travis Etienne,rec,3.5,,370,3.7,2.8,40.0,,no_bal,2.0,False,,2.763007712879924,40.0,False,40.62441862182994
Jakobi Meyers,rec,4.5,,164,1.64,3.8,40.0,,jax_den,1.0,False,,2.763007712879924,40.0,False,40.62441862182994
Josh Oliver,rec_yds,9.5,,-178,0.56,7.1,40.0,,min_chi,24.0,True,,9.473169301302596,40.0,False,40.62441862182994
Bucky Irving,rec,3.5,,270,2.7,2.9,40.0,,cle_tb,4.0,True,,2.368292325325649,40.0,False,40.62441862182994
Jakobi Meyers,rec_yds,49.5,,168,1.68,40.2,40.0,,jax_den,28.0,False,,36.70853104254754,40.0,False,40.62441862182994
Xavier Legette,rec,3.5,,640,6.4,3.0,40.0,,car_atl,2.0,False,,1.9735769377713737,40.0,False,40.62441862182994
Saquon Barkley,rec_yds,24.5,,320,3.2,18.4,39.9,,phi_ten,11.0,False,,23.83405262723241,39.900000000000006,False,40.53114856763153
Deshaun Watson,pass_yds,224.5,,280,2.8,199.7,39.9,,cle_tb,238.0,True,,96.89909920579736,39.900000000000006,False,40.53114856763153
Michael Wilson,rec,4.5,,168,1.68,3.9,39.9,,sea_ari,2.0,False,,2.3443330453015485,39.900000000000006,False,40.53114856763153
David Njoku,rec,2.5,,-144,0.69,2.2,39.9,,lv_lac,1.0,False,,1.1721665226507734,39.900000000000006,False,40.53114856763153
Parker Washington,rec,6.5,,320,3.2,5.4,39.8,,jax_den,7.0,True,,4.254870168512786,39.79999999999999,False,40.4378927241912
Rashee Rice,rec_yds,69.5,,198,1.98,60.4,39.8,,ind_kc,83.0,True,,35.19938048496943,39.79999999999999,False,40.4378927241912
Rashid Shaheed,rec,2.5,,152,1.52,2.1,39.7,,sea_ari,3.0,True,,1.5318629824070449,39.7,False,40.34465121755553
Darnell Washington,rec,1.5,,-154,0.65,1.3,39.7,,pit_ne,1.0,False,,0.7659314912035224,39.7,False,40.34465121755553
Dak Prescott,pass_yds,299.5,,188,1.88,273.0,39.7,,was_dal,279.0,False,,101.48592258446675,39.7,False,40.34465121755553
Bijan Robinson,rec,4.5,,-158,0.63,3.8,39.6,,car_atl,3.0,False,,2.6543867332263513,39.6,False,40.25142417331485
Patrick Mahomes,rush_yds,29.5,,265,2.65,23.8,39.6,,ind_kc,17.0,False,,21.614291970557424,39.6,False,40.25142417331485
Jacory Croskey-Merritt,rush_yds,59.5,,140,1.4,50.2,39.6,,was_dal,43.0,False,,35.26542374143579,39.6,False,40.25142417331485
Drake London,rec,6.5,,280,2.8,5.6,39.6,,car_atl,4.0,False,,3.412782942719595,39.6,False,40.25142417331485
C.J. Stroud,pass_yds,274.5,,310,3.1,250.0,39.5,,cin_hou,353.0,True,,91.99783555461873,39.5,False,40.15821171659779
Bryce Young,rush_yds,19.5,,178,1.78,15.7,39.5,,car_atl,6.0,False,,14.269052045206172,39.5,False,40.15821171659779
Woody Marks,rec_yds,14.5,,132,1.32,9.9,39.5,,cin_hou,27.0,True,,17.27306300209168,39.5,False,40.15821171659779
Mack Hollins,rec,4.5,,250,2.5,3.7,39.5,,pit_ne,2.0,False,,3.0040109568855087,39.5,False,40.15821171659779
Courtland Sutton,rec,5.5,,410,4.1,4.5,39.4,,jax_den,3.0,False,,3.718735321455413,39.39999999999999,False,40.06501397206538
Dalton Schultz,rec,4.5,,-138,0.72,3.9,39.3,,cin_hou,12.0,True,,2.209875956128905,39.300000000000004,False,39.971831063905384
Chris Brooks,rec_yds,14.5,,158,1.58,9.3,39.3,,gb_nyj,15.0,True,,19.152258286450504,39.300000000000004,False,39.971831063905384
Tre Tucker,rec,4.5,,240,2.4,3.7,39.3,,lv_lac,5.0,True,,2.946501274838539,39.300000000000004,False,39.971831063905384
Jonathon Brooks,rec,2.5,,400,4.0,1.8,39.2,,car_atl,1.0,False,,2.5537182287363818,39.2,False,39.87866311582642
Cole Kmet,rec_yds,19.5,,154,1.54,15.3,39.1,,min_chi,0.0,False,,15.17814607740382,39.1,False,39.785510251052195
Denzel Boston,rec_yds,39.5,,138,1.38,30.4,39.1,,cle_tb,95.0,True,,32.88598316770829,39.1,False,39.785510251052195
Rhamondre Stevenson,rec_yds,24.5,,162,1.62,19.6,39.1,,pit_ne,3.0,False,,17.707837090304455,39.1,False,39.785510251052195
Gunnar Helm,rec_yds,24.5,,104,1.04,19.7,39.1,,phi_ten,13.0,False,,17.346452659890087,39.1,False,39.785510251052195
Chase Brown,rush_yds,79.5,,250,2.5,65.8,39.0,,cin_hou,80.0,True,,49.04785678892666,39.0,False,39.69237259231555
D'Andre Swift,rec_yds,29.5,,400,4.0,22.6,39.0,,min_chi,54.0,True,,24.702935171065242,39.0,False,39.69237259231555
George Pickens,rec_yds,99.5,,320,3.2,83.5,38.9,,was_dal,40.0,False,,56.752414800828504,38.9,False,39.599250261852525
Kenneth Walker III,rush_yds,69.5,,-205,0.49,60.3,38.8,,ind_kc,117.0,True,,32.33339467406217,38.79999999999999,False,39.5061433813964
Brenton Strange,rec_yds,39.5,,158,1.58,31.4,38.8,,jax_den,17.0,False,,28.46744531085908,38.79999999999999,False,39.5061433813964
Jadarian Price,rush_yds,69.5,,138,1.38,57.7,38.7,,sea_ari,52.0,False,,41.093978212633914,38.7,False,39.413052072171695
Drake Maye,rush_yds,39.5,,210,2.1,31.3,38.7,,pit_ne,20.0,False,,28.55683231725408,38.7,False,39.413052072171695
Malik Willis,pass_yds,274.5,,750,7.5,243.5,38.7,,mia_sf,197.0,False,,107.9587563213264,38.7,False,39.413052072171695
KC Concepcion,rec_yds,49.5,,220,2.2,38.1,38.7,,cle_tb,28.0,False,,39.70096200203616,38.7,False,39.413052072171695
Brian Thomas Jr.,rec,4.5,,450,4.5,3.7,38.7,,jax_den,3.0,False,,2.78603242119552,38.7,False,39.413052072171695
Aaron Rodgers,pass_yds,224.5,,116,1.16,202.5,38.6,,pit_ne,187.0,False,,75.92495440359542,38.6,False,39.31997645488799
Malik Willis,pass_td,2.0,,320,3.2,1.33,38.6,,mia_sf,1.0,False,,2.3122599750185873,38.6,False,39.31997645488799
Keenan Allen,rec,3.5,,-130,0.77,3.1,38.6,,ind_kc,1.0,False,,1.3804537164290074,38.6,False,39.31997645488799
Carson Wentz,rush_yds,19.5,,320,3.2,15.0,38.6,,min_chi,6.0,False,,15.530104309826335,38.6,False,39.31997645488799
Ja'Marr Chase,rec,11.5,,1100,11.0,10.2,38.6,,cin_hou,7.0,False,,4.486474578394277,38.6,False,39.31997645488799
Stefon Diggs,rec_yds,59.5,,154,1.54,50.3,38.5,,was_dal,47.0,False,,31.466449817440143,38.5,False,39.2269166497339
Kirk Cousins,rush_yds,4.5,,250,2.5,2.6,38.5,,lv_lac,4.0,False,,6.498505940558288,38.5,False,39.2269166497339
Garrett Wilson,rec,6.5,,142,1.42,5.6,38.4,,gb_nyj,5.0,False,,3.0509303165236585,38.4,False,39.133872776370836
Jonathon Brooks,rec_yds,14.5,,164,1.64,9.9,38.4,,car_atl,-5.0,False,,15.593643840009802,38.4,False,39.133872776370836
Jonathan Taylor,rec,3.5,,178,1.78,2.5,38.4,,ind_kc,4.0,True,,3.389922573915175,38.4,False,39.133872776370836
D'Andre Swift,rush_yds,79.5,,205,2.05,63.7,38.3,,min_chi,45.0,False,,53.08941730139047,38.3,False,39.04084495392686
Greg Dulcich,rec,3.5,,290,2.9,3.0,38.3,,mia_sf,2.0,False,,1.6800448513098254,38.3,False,39.04084495392686
George Kittle,rec_yds,79.5,,520,5.2,65.9,38.3,,mia_sf,80.0,True,,45.69721995562723,38.3,False,39.04084495392686
Kyle Pitts,rec_yds,59.5,,410,4.1,47.9,38.3,,car_atl,15.0,False,,38.977040550387954,38.3,False,39.04084495392686
Chris Olave,rec_yds,99.5,,290,2.9,85.0,38.2,,no_bal,86.0,False,,48.295942714179425,38.2,False,38.9478333009903
Quentin Johnston,rec,5.5,,280,2.8,4.6,38.2,,lv_lac,1.0,False,,2.997679202949069,38.2,False,38.9478333009903
Cooper Rush,pass_yds,199.5,,132,1.32,167.6,38.1,,car_atl,86.0,False,,105.33076669477312,38.1,False,38.85483793560353
Chuba Hubbard,rec_yds,14.5,,110,1.1,9.8,38.1,,car_atl,11.0,False,,15.518953086690704,38.1,False,38.85483793560353
Tyler Warren,rec_yds,59.5,,220,2.2,49.5,38.1,,ind_kc,21.0,False,,33.019049120618526,38.1,False,38.85483793560353
Dallas Goedert,rec_yds,59.5,,280,2.8,48.5,38.0,,phi_ten,4.0,False,,36.00881112176789,38.0,False,38.7618589752565
Tyjae Spears,rec,3.5,,174,1.74,2.8,38.0,,phi_ten,2.0,False,,2.2914697986579573,38.0,False,38.7618589752565
Christian Watson,rec_yds,59.5,,-112,0.89,46.5,38.0,,gb_nyj,41.0,False,,42.55586768936205,38.0,False,38.7618589752565
Kyle Pitts,rec,4.5,,220,2.2,3.8,37.9,,car_atl,1.0,False,,2.2719291289221877,37.9,False,38.66889653688042
Rashod Bateman,rec_yds,29.5,,-188,0.53,22.7,37.9,,no_bal,88.0,True,,22.070168680958393,37.9,False,38.66889653688042
Caleb Williams,pass_td,2.0,,-136,0.74,1.31,37.8,,min_chi,0.0,False,,2.2205219997245282,37.79999999999999,False,38.5759507368411
Rico Dowdle,rush_yds,59.5,,400,4.0,48.9,37.8,,pit_ne,22.0,False,,34.11236695228986,37.79999999999999,False,38.5759507368411
Dontayvion Wicks,rec,1.5,,-360,0.28,1.2,37.8,,phi_ten,5.0,True,,0.9654443477063168,37.79999999999999,False,38.5759507368411
Kenneth Walker III,rec_yds,19.5,,-128,0.78,13.7,37.7,,ind_kc,61.0,True,,18.508505553888995,37.7,False,38.48302169093266
Jalen Hurts,rush_yds,49.5,,320,3.2,38.5,37.7,,phi_ten,16.0,False,,35.10233811944464,37.7,False,38.48302169093266
Quentin Johnston,rec_yds,69.5,,198,1.98,53.8,37.7,,lv_lac,7.0,False,,50.10060986138918,37.7,False,38.48302169093266
Saquon Barkley,rush_yds,109.5,,300,3.0,88.4,37.6,,phi_ten,9.0,False,,66.7714536695411,37.6,False,38.39010951437064
Garrett Wilson,rec_yds,79.5,,136,1.36,64.1,37.5,,gb_nyj,57.0,False,,48.330500690183946,37.5,False,38.29721432178559
Justin Herbert,pass_yds,299.5,,490,4.9,266.3,37.5,,lv_lac,192.0,False,,104.19302746195493,37.5,False,38.29721432178559
Mike Evans,rec,5.5,,320,3.2,4.7,37.5,,mia_sf,3.0,False,,2.5106753605290346,37.5,False,38.29721432178559
Jake Ferguson,rec_yds,39.5,,225,2.25,30.6,37.4,,was_dal,43.0,True,,27.701896753775824,37.4,False,38.20433622721623
Carson Wentz,pass_yds,249.5,,188,1.88,210.3,37.4,,min_chi,143.0,False,,122.01284862337215,37.4,False,38.20433622721623
Bucky Irving,rec_yds,29.5,,240,2.4,20.6,37.3,,cle_tb,1.0,False,,27.476076625676374,37.3,False,38.11147534410273
Omarion Hampton,rush_yds,79.5,,194,1.94,63.1,37.3,,lv_lac,94.0,True,,50.63007378214523,37.3,False,38.11147534410273
Emeka Egbuka,rec_yds,79.5,,270,2.7,63.3,37.2,,cle_tb,16.0,False,,49.6078943931436,37.20000000000001,False,38.018631785279844
Javonte Williams,rush_yds,69.5,,-144,0.69,55.8,37.2,,was_dal,30.0,False,,41.95235513494244,37.20000000000001,False,38.018631785279844
Marvin Harrison Jr.,rec,4.5,,270,2.7,3.6,37.1,,sea_ari,0.0,False,,2.7338506677102106,37.1,False,37.925805662970056
DK Metcalf,rec,4.5,,-122,0.82,3.8,37.1,,pit_ne,4.0,False,,2.1263282971079422,37.1,False,37.925805662970056
Justin Herbert,rush_yds,24.5,,144,1.44,18.8,37.0,,lv_lac,2.0,False,,17.176261927752634,37.0,False,37.83299708877662
Quinshon Judkins,rush_yds,69.5,,205,2.05,58.0,37.0,,cle_tb,21.0,False,,34.653861784062336,37.0,False,37.83299708877662
Colston Loveland,rec,5.5,,162,1.62,4.6,36.9,,min_chi,1.0,False,,2.69055853610047,36.9,False,37.740206173676526
Tucker Kraft,rec,5.5,,290,2.9,4.6,36.9,,gb_nyj,2.0,False,,2.69055853610047,36.9,False,37.740206173676526
Kirk Cousins,pass_yds,274.5,,580,5.8,241.3,36.9,,lv_lac,253.0,False,,99.25171488726171,36.9,False,37.740206173676526
Jahan Dotson,rec_yds,19.5,,102,1.02,13.3,36.8,,car_atl,11.0,False,,18.389163987249837,36.8,False,37.64743302801341
Jonathon Brooks,rush_yds,49.5,,550,5.5,38.2,36.7,,car_atl,16.0,False,,33.25392697628374,36.7,False,37.55467776149048
Patrick Mahomes,pass_yds,249.5,,172,1.72,222.2,36.7,,ind_kc,382.0,True,,80.33913331438468,36.7,False,37.55467776149048
Geno Smith,pass_yds,249.5,,230,2.3,217.2,36.6,,gb_nyj,247.0,False,,94.315849068333,36.6,False,37.461940483163204
TreVeyon Henderson,rush_yds,49.5,,182,1.82,38.8,36.6,,pit_ne,76.0,True,,31.243950000964798,36.6,False,37.461940483163204
Bo Nix,pass_yds,249.5,,174,1.74,220.4,36.6,,jax_den,288.0,True,,84.97186402131544,36.6,False,37.461940483163204
Alec Pierce,rec_yds,59.5,,162,1.62,45.4,36.6,,ind_kc,11.0,False,,41.171934113420896,36.6,False,37.461940483163204
Christian McCaffrey,rec,5.5,,146,1.46,4.5,36.5,,mia_sf,4.0,False,,2.897496443509443,36.5,False,37.36922130143211
Jonathan Taylor,rush_yds,99.5,,142,1.42,79.7,36.4,,ind_kc,92.0,False,,56.93136422620471,36.4,False,37.2765203240354
Jeremiyah Love,rush_yds,79.5,,750,7.5,66.8,36.4,,sea_ari,29.0,False,,36.51658210468687,36.4,False,37.2765203240354
Drake London,rec_yds,89.5,,320,3.2,71.5,36.4,,car_atl,51.0,False,,51.755785660186106,36.4,False,37.2765203240354
Tetairoa McMillan,rec_yds,89.5,,300,3.0,72.1,36.4,,car_atl,101.0,True,,50.030592804846584,36.4,False,37.2765203240354
Malik Washington,rec_yds,59.5,,310,3.1,42.9,36.4,,mia_sf,43.0,False,,47.730335664393856,36.4,False,37.2765203240354
Jaylen Warren,rec,3.5,,134,1.34,2.6,36.3,,pit_ne,2.0,False,,2.5681168506685372,36.3,False,37.18383765804154
Dallas Goedert,rec,4.5,,178,1.78,3.8,36.3,,phi_ten,1.0,False,,1.9974242171866405,36.3,False,37.18383765804154
Greg Dulcich,rec_yds,59.5,,750,7.5,44.7,36.3,,mia_sf,17.0,False,,42.23125487766038,36.3,False,37.18383765804154
Bucky Irving,rush_yds,79.5,,188,1.88,62.5,36.2,,cle_tb,89.0,True,,48.14255107147784,36.20000000000001,False,37.0911734098418
Tyler Shough,pass_yds,274.5,,230,2.3,227.7,36.2,,no_bal,252.0,False,,132.53361118500962,36.20000000000001,False,37.0911734098418
Brian Thomas Jr.,rec_yds,79.5,,580,5.8,60.2,36.2,,jax_den,40.0,False,,54.65595503997189,36.20000000000001,False,37.0911734098418
Tony Pollard,rush_yds,79.5,,630,6.3,63.1,36.2,,phi_ten,64.0,False,,46.44340221013156,36.20000000000001,False,37.0911734098418
Joe Burrow,pass_yds,324.5,,470,4.7,283.3,36.2,,cin_hou,207.0,False,,116.67488847911096,36.20000000000001,False,37.0911734098418
Trevor Lawrence,rush_yds,24.5,,194,1.94,18.5,36.1,,jax_den,6.0,False,,16.86401717014367,36.1,False,36.998527685142626
Aaron Jones,rush_yds,49.5,,-225,0.44,39.8,36.1,,min_chi,105.0,True,,27.263494425065605,36.1,False,36.998527685142626
Cam Ward,pass_yds,249.5,,390,3.9,221.1,36.0,,phi_ten,183.0,False,,79.22807456448253,36.0,False,36.90590058895808
Drake Maye,pass_td,2.0,,116,1.16,1.26,36.0,,pit_ne,0.0,False,,2.0643934921731355,36.0,False,36.90590058895808
Jayden Reed,rec_yds,59.5,,280,2.8,45.8,36.0,,gb_nyj,4.0,False,,38.21917681455671,36.0,False,36.90590058895808
Jaylen Warren,rec_yds,24.5,,154,1.54,17.0,36.0,,pit_ne,34.0,True,,20.92290701526827,36.0,False,36.90590058895808
Chase Brown,rec,7.5,,1100,11.0,5.3,35.9,,cin_hou,3.0,False,,6.091937861041632,35.9,False,36.8132922256021
KC Concepcion,rec,5.5,,470,4.7,4.3,35.8,,cle_tb,6.0,True,,3.2984262801466597,35.8,False,36.72070269868073
Jayden Daniels,pass_yds,224.5,,-108,0.93,199.1,35.7,,was_dal,96.0,False,,69.30625375283934,35.699999999999996,False,36.62813211108418
Ashton Jeanty,rush_yds,99.5,,400,4.0,78.0,35.7,,lv_lac,48.0,False,,58.6647423498443,35.699999999999996,False,36.62813211108418
Travis Kelce,rec,4.5,,140,1.4,3.9,35.7,,ind_kc,9.0,True,,1.6371556004607717,35.699999999999996,False,36.62813211108418
George Holani,rush_yds,59.5,,520,5.2,46.2,35.6,,sea_ari,13.0,False,,36.026629773832184,35.60000000000001,False,36.53558056497903
Courtland Sutton,rec_yds,79.5,,490,4.9,59.5,35.6,,jax_den,25.0,False,,54.17538311854465,35.60000000000001,False,36.53558056497903
Tee Higgins,rec_yds,99.5,,450,4.5,78.0,35.6,,cin_hou,95.0,False,,58.2385368524355,35.60000000000001,False,36.53558056497903
Omarion Hampton,rec_yds,29.5,,490,4.9,20.1,35.6,,lv_lac,21.0,False,,25.46243006571598,35.60000000000001,False,36.53558056497903
De'Von Achane,rush_yds,109.5,,700,7.0,85.0,35.5,,mia_sf,74.0,False,,65.885703365823,35.5,False,36.44304816180007
T.J. Hockenson,rec_yds,39.5,,162,1.62,29.9,35.5,,min_chi,29.0,False,,25.816438869873508,35.5,False,36.44304816180007
Baker Mayfield,pass_yds,299.5,,630,6.3,262.1,35.5,,cle_tb,182.0,False,,100.57654309721546,35.5,False,36.44304816180007
Bryce Young,pass_yds,224.5,,-110,0.91,189.9,35.4,,car_atl,287.0,True,,92.37912304967186,35.4,False,36.3505350022423
Ashton Jeanty,rec,5.5,,230,2.3,4.1,35.4,,lv_lac,4.0,False,,3.7378835916052213,35.4,False,36.3505350022423
DeVonta Smith,rec_yds,99.5,,370,3.7,80.5,35.4,,phi_ten,117.0,True,,50.72842017178513,35.4,False,36.3505350022423
Jordan Addison,rec_yds,59.5,,220,2.2,44.5,35.4,,min_chi,21.0,False,,40.04875276719879,35.4,False,36.3505350022423
Tre Harris,rec,4.5,,290,2.9,3.5,35.3,,lv_lac,1.0,False,,2.6508772165748105,35.3,False,36.25804118625269
Justice Hill,rec_yds,24.5,,225,2.25,15.9,35.3,,no_bal,12.0,False,,22.797544062543366,35.3,False,36.25804118625269
Antonio Williams,rec_yds,14.5,,-290,0.34,8.1,35.2,,was_dal,24.0,True,,16.84536497243864,35.20000000000001,False,36.165566813021876
Trevor Lawrence,pass_yds,249.5,,174,1.74,222.9,35.2,,jax_den,189.0,False,,70.01354816669809,35.20000000000001,False,36.16556681302189
Jaxon Smith-Njigba,rec_yds,99.5,,168,1.68,81.3,35.2,,sea_ari,155.0,True,,47.904006640372394,35.20000000000001,False,36.16556681302189
Cooper Kupp,rec_yds,39.5,,225,2.25,31.0,35.2,,sea_ari,20.0,False,,22.37275035402007,35.20000000000001,False,36.16556681302189
Kayshon Boutte,rec_yds,49.5,,174,1.74,36.7,35.1,,cin_hou,37.0,False,,33.45337561760566,35.099999999999994,False,36.07311198097592
Jalen Hurts,pass_yds,274.5,,410,4.1,240.0,35.1,,phi_ten,264.0,False,,90.16730146932777,35.099999999999994,False,36.07311198097592
Chuba Hubbard,rush_yds,49.5,,-172,0.58,36.9,35.1,,car_atl,53.0,True,,32.93066662358058,35.099999999999994,False,36.07311198097592
Joe Burrow,pass_td,3.0,,310,3.1,2.1,35.1,,cin_hou,2.0,False,,2.352190473112898,35.099999999999994,False,36.07311198097592
Michael Wilson,rec_yds,59.5,,265,2.65,44.8,35.1,,sea_ari,18.0,False,,38.41911106084401,35.099999999999994,False,36.07311198097592
De'Von Achane,rec,6.5,,410,4.1,5.0,35.0,,mia_sf,3.0,False,,3.8928635532517872,35.0,False,35.98067678776778
Tyjae Spears,rec_yds,19.5,,116,1.16,13.2,35.0,,phi_ten,29.0,True,,16.35002692365751,35.0,False,35.980676787767784
David Njoku,rec_yds,29.5,,126,1.26,21.9,35.0,,lv_lac,9.0,False,,19.72384200314239,35.0,False,35.98067678776778
David Montgomery,rush_yds,69.5,,130,1.3,55.0,34.9,,cin_hou,10.0,False,,37.36904730431832,34.9,False,35.88826133026877
T.J. Hockenson,rec,3.5,,-128,0.78,2.9,34.9,,min_chi,3.0,False,,1.546305405695931,34.9,False,35.88826133026877
Jaylen Waddle,rec,5.5,,220,2.2,4.2,34.9,,jax_den,8.0,True,,3.3503283790078493,34.9,False,35.88826133026877
Hunter Henry,rec_yds,49.5,,148,1.48,36.5,34.8,,pit_ne,40.0,False,,33.271422876585426,34.8,False,35.79586570455999
Lamar Jackson,pass_yds,249.5,,200,2.0,220.1,34.8,,no_bal,235.0,False,,75.2446025055086,34.8,False,35.79586570455999
Kyle Monangai,rush_yds,49.5,,182,1.82,35.0,34.7,,min_chi,47.0,False,,36.85510610214038,34.699999999999996,False,35.70349000592359
Jeremiyah Love,rec_yds,39.5,,490,4.9,25.3,34.7,,sea_ari,16.0,False,,36.09258666554437,34.699999999999996,False,35.70349000592359
Chris Bell,rec_yds,69.5,,920,9.2,49.7,34.5,,mia_sf,0.0,False,,49.642092342773815,34.5,False,35.51879876694881
MarShawn Lloyd,rec,2.5,,360,3.6,1.6,34.5,,gb_nyj,2.0,False,,2.256458742853355,34.5,False,35.51879876694881
Daniel Jones,pass_td,2.0,,168,1.68,1.22,34.5,,ind_kc,1.0,False,,1.9555975771395748,34.5,False,35.51879876694881
Darren Waller,rec_yds,39.5,,490,4.9,28.0,34.4,,car_atl,33.0,False,,28.637547821944754,34.4,False,35.426483413100264
Bhayshul Tuten,rush_yds,49.5,,-108,0.93,37.7,34.3,,jax_den,65.0,True,,29.18702098511035,34.3,False,35.33418835928559
Javonte Williams,rec,5.5,,880,8.8,3.7,34.3,,was_dal,3.0,False,,4.452257438406664,34.3,False,35.33418835928559
Chris Olave,rec,8.5,,410,4.1,7.1,34.3,,no_bal,8.0,False,,3.462866896538518,34.3,False,35.33418835928559
Xavier Legette,rec_yds,39.5,,360,3.6,28.2,34.2,,car_atl,64.0,True,,27.76338584293149,34.20000000000001,False,35.24191369665819
Roman Wilson,rec_yds,19.5,,-300,0.33,13.2,34.1,,pit_ne,28.0,True,,15.375773645621447,34.099999999999994,False,35.14965951551814
Geno Smith,rush_yds,19.5,,400,4.0,14.2,34.1,,gb_nyj,17.0,False,,12.935174654252965,34.099999999999994,False,35.14965951551814
Breece Hall,rec,5.5,,700,7.0,4.0,34.1,,gb_nyj,5.0,False,,3.6608984870527252,34.099999999999994,False,35.14965951551814
MarShawn Lloyd,rush_yds,89.5,,470,4.7,69.1,34.0,,gb_nyj,20.0,False,,49.45896625385051,34.00000000000001,False,35.05742590530292
Breece Hall,rush_yds,89.5,,235,2.35,66.6,34.0,,gb_nyj,29.0,False,,55.52011407907729,34.00000000000001,False,35.05742590530292
Romeo Doubs,rec_yds,79.5,,550,5.5,57.8,34.0,,pit_ne,96.0,True,,52.61076312296843,34.00000000000001,False,35.05742590530292
Bijan Robinson,rec_yds,39.5,,-138,0.72,28.6,34.0,,car_atl,9.0,False,,26.426604517988743,34.00000000000001,False,35.05742590530292
Antonio Williams,rec,1.5,,-280,0.36,1.0,33.9,,was_dal,3.0,True,,1.204256756362297,33.9,False,34.965212954577794
Tony Pollard,rec_yds,19.5,,230,2.3,12.7,33.9,,phi_ten,1.0,False,,16.37789188652724,33.9,False,34.965212954577794
Evan Engram,rec_yds,39.5,,280,2.8,28.6,33.8,,jax_den,17.0,False,,26.081067942828785,33.8,False,34.873020751026296
CeeDee Lamb,rec_yds,109.5,,290,2.9,86.5,33.8,,was_dal,153.0,True,,55.03344611789561,33.8,False,34.873020751026296
Parker Washington,rec_yds,89.5,,310,3.1,64.9,33.8,,jax_den,98.0,True,,58.86185976087964,33.8,False,34.873020751026296
Rachaad White,rec_yds,29.5,,450,4.5,18.0,33.7,,was_dal,40.0,True,,27.337692458915967,33.699999999999996,False,34.78084938144039
Jaylen Waddle,rec_yds,89.5,,390,3.9,64.7,33.7,,jax_den,138.0,True,,58.95432808531442,33.699999999999996,False,34.78084938144039
Pat Bryant,rec_yds,59.5,,390,3.9,43.0,33.7,,jax_den,0.0,False,,39.223645701922905,33.699999999999996,False,34.78084938144038
Rachaad White,rush_yds,39.5,,300,3.0,29.5,33.7,,was_dal,43.0,True,,23.771906486013883,33.699999999999996,False,34.78084938144039
MarShawn Lloyd,rec_yds,19.5,,390,3.9,10.8,33.7,,gb_nyj,6.0,False,,20.681558642832076,33.699999999999996,False,34.78084938144039
Roman Wilson,rec,1.5,,-500,0.2,1.1,33.7,,pit_ne,5.0,True,,0.9508762594405551,33.699999999999996,False,34.78084938144039
Kenneth Walker III,rec,3.5,,128,1.28,2.3,33.6,,ind_kc,6.0,True,,2.8341677277817903,33.60000000000001,False,34.68869893171074
Jonathan Taylor,rec_yds,19.5,,106,1.06,12.9,33.6,,ind_kc,40.0,True,,15.587922502799843,33.60000000000001,False,34.68869893171074
Justice Hill,rush_yds,29.5,,400,4.0,18.5,33.5,,no_bal,6.0,False,,25.812628001529983,33.5,False,34.59656948681668
Chris Brooks,rush_yds,49.5,,400,4.0,37.2,33.5,,gb_nyj,11.0,False,,28.863211310801702,33.5,False,34.59656948681668
Ja'Marr Chase,rec_yds,149.5,,1000,10.0,117.8,33.5,,cin_hou,75.0,False,,74.38730069531823,33.5,False,34.59656948681668
Romeo Doubs,rec,6.5,,850,8.5,4.9,33.4,,pit_ne,3.0,False,,3.730521106708302,33.4,False,34.504461130816196
Mike Evans,rec_yds,79.5,,310,3.1,59.0,33.4,,mia_sf,54.0,False,,47.79730167970013,33.4,False,34.504461130816196
Emeka Egbuka,rec,5.5,,290,2.9,4.5,33.3,,cle_tb,3.0,False,,2.316722682149547,33.3,False,34.412373946835714
Mark Andrews,rec,4.5,,114,1.14,3.5,33.3,,no_bal,6.0,True,,2.316722682149547,33.3,False,34.412373946835714
Drake Maye,pass_yds,224.5,,-114,0.88,194.7,33.2,,pit_ne,208.0,False,,68.60080382871956,33.20000000000001,False,34.32030801705979
Kirk Cousins,pass_td,2.0,,194,1.94,1.18,33.2,,lv_lac,3.0,True,,1.887673125488256,33.20000000000001,False,34.32030801705979
Jalen Coker,rec,3.5,,-240,0.42,2.7,33.2,,car_atl,8.0,True,,1.8416323175495173,33.20000000000001,False,34.32030801705979
Juwan Johnson,rec_yds,59.5,,280,2.8,43.1,33.2,,no_bal,66.0,True,,37.753462509765114,33.20000000000001,False,34.320308017059794
Jayden Reed,rec,4.5,,198,1.98,3.6,33.2,,gb_nyj,1.0,False,,2.0718363572432072,33.20000000000001,False,34.32030801705979
Bijan Robinson,rush_yds,89.5,,124,1.24,71.0,33.1,,car_atl,72.0,False,,42.319227109777906,33.099999999999994,False,34.228263422720694
Hunter Henry,rec,4.5,,225,2.25,3.4,33.1,,pit_ne,3.0,False,,2.5162783686894974,33.099999999999994,False,34.228263422720694
Tucker Kraft,rec_yds,79.5,,410,4.1,60.2,33.1,,gb_nyj,15.0,False,,44.14924774155208,33.099999999999994,False,34.228263422720694
J.K. Dobbins,rush_yds,69.5,,154,1.54,55.3,33.1,,jax_den,36.0,False,,32.4828662139917,33.099999999999994,False,34.228263422720694
Javonte Williams,rec_yds,29.5,,350,3.5,19.8,33.0,,was_dal,20.0,False,,22.04980609106192,33.00000000000001,False,34.13624024408792
Jalen Nailor,rec_yds,59.5,,310,3.1,39.9,33.0,,lv_lac,9.0,False,,44.55424735925915,33.00000000000001,False,34.13624024408792
Tre Harris,rec_yds,49.5,,220,2.2,35.3,32.9,,lv_lac,53.0,True,,32.077626467853875,32.9,False,34.044238560457366
Josh Downs,rec_yds,49.5,,154,1.54,36.6,32.9,,ind_kc,72.0,True,,29.14094235459964,32.9,False,34.044238560457366
Jordan Addison,rec,4.5,,225,2.25,3.5,32.9,,min_chi,2.0,False,,2.258987779426329,32.9,False,34.044238560457366
Trey McBride,rec,7.5,,174,1.74,6.3,32.8,,sea_ari,8.0,True,,2.693950359587195,32.8,False,33.95225845014066
Chris Rodriguez Jr.,rush_yds,49.5,,400,4.0,36.9,32.8,,jax_den,13.0,False,,28.286478775665547,32.8,False,33.95225845014066
Jahan Dotson,rec,1.5,,-152,0.66,1.1,32.6,,car_atl,2.0,True,,0.8869464772225647,32.60000000000001,False,33.76836325770799
David Montgomery,rec_yds,24.5,,300,3.0,15.0,32.6,,cin_hou,14.0,False,,21.064978834035916,32.60000000000001,False,33.76836325770799
Luther Burden III,rec_yds,89.5,,430,4.3,69.1,32.5,,min_chi,32.0,False,,44.95746988607105,32.49999999999999,False,33.676448327194564
AJ Barner,rec,3.5,,200,2.0,2.9,32.5,,sea_ari,1.0,False,,1.3222785260609131,32.49999999999999,False,33.676448327194564
Matthew Golden,rec_yds,39.5,,-188,0.53,25.3,32.5,,gb_nyj,58.0,True,,31.293925116774936,32.49999999999999,False,33.676448327194564
Terry McLaurin,rec_yds,69.5,,168,1.68,53.1,32.5,,was_dal,50.0,False,,36.142279712331614,32.49999999999999,False,33.676448327194564
Brock Purdy,rush_yds,19.5,,174,1.74,13.8,32.5,,mia_sf,30.0,True,,12.56164599757867,32.49999999999999,False,33.676448327194564
Caleb Douglas,rec_yds,59.5,,230,2.3,40.4,32.5,,mia_sf,19.0,False,,42.09253307960573,32.49999999999999,False,33.676448327194564
C.J. Stroud,rush_yds,19.5,,220,2.2,13.8,32.5,,cin_hou,29.0,True,,12.56164599757867,32.49999999999999,False,33.676448327194564
DeVonta Smith,rec,7.5,,520,5.2,6.1,32.4,,phi_ten,10.0,True,,3.066527992921539,32.400000000000006,False,33.58455527317757
Adonai Mitchell,rec_yds,39.5,,114,1.14,23.8,32.4,,gb_nyj,63.0,True,,34.38892106347725,32.400000000000006,False,33.58455527317757
Tetairoa McMillan,rec,6.5,,370,3.7,5.3,32.4,,car_atl,5.0,False,,2.628452565361319,32.400000000000006,False,33.58455527317757
George Pickens,rec_yds,109.5,,430,4.3,83.5,32.4,,was_dal,40.0,False,,56.94980558282857,32.400000000000006,False,33.58455527317757
Woody Marks,rush_yds,49.5,,310,3.1,36.6,32.3,,cin_hou,8.0,False,,28.084621569914056,32.3,False,33.492684168880295
Denzel Boston,rec,4.5,,390,3.9,3.4,32.3,,cle_tb,5.0,True,,2.3948126920081756,32.3,False,33.49268416888028
Michael Mayer,rec_yds,29.5,,-320,0.31,20.3,32.3,,lv_lac,23.0,False,,20.02934251497747,32.3,False,33.492684168880295
Jordan Love,pass_yds,249.5,,-130,0.77,215.9,32.2,,gb_nyj,145.0,False,,72.70942558869886,32.2,False,33.400835086474046
Devaughn Vele,rec_yds,59.5,,225,2.25,43.7,32.2,,no_bal,64.0,True,,34.19074179468577,32.2,False,33.40083508647403
Pat Bryant,rec,4.5,,280,2.8,3.3,32.2,,jax_den,0.0,False,,2.5967651995963887,32.2,False,33.40083508647403
Jayden Daniels,rush_yds,69.5,,550,5.5,48.8,32.1,,was_dal,69.0,False,,44.525293820984174,32.099999999999994,False,33.309008097066325
Ryan Flournoy,rec,4.5,,400,4.0,3.5,32.1,,was_dal,5.0,True,,2.1509803778253223,32.099999999999994,False,33.30900809706634
Pat Freiermuth,rec_yds,29.5,,-130,0.77,21.3,32.1,,pit_ne,32.0,True,,17.63803909816764,32.099999999999994,False,33.309008097066325
Tre Tucker,rec_yds,59.5,,265,2.65,39.9,32.1,,lv_lac,119.0,True,,42.159215405376315,32.099999999999994,False,33.309008097066325
Saquon Barkley,rec_yds,29.5,,490,4.9,18.4,32.1,,phi_ten,11.0,False,,23.875882193861077,32.099999999999994,False,33.309008097066325
Jaylen Warren,rush_yds,49.5,,126,1.26,36.1,32.0,,pit_ne,43.0,False,,28.65091812373723,32.00000000000001,False,33.21720327068907
DK Metcalf,rec_yds,69.5,,138,1.38,53.4,31.9,,pit_ne,27.0,False,,34.21913656891583,31.899999999999995,False,33.125420676286296
Keaton Mitchell,rush_yds,39.5,,280,2.8,25.1,31.9,,lv_lac,24.0,False,,30.60593581319179,31.899999999999995,False,33.125420676286296
Travis Etienne,rush_yds,69.5,,370,3.7,51.9,31.8,,no_bal,25.0,False,,37.18580958640556,31.800000000000004,False,33.03366038170221
Caleb Douglas,rec,4.5,,320,3.2,3.4,31.7,,mia_sf,2.0,False,,2.310417614157819,31.699999999999996,False,32.9419224536685
Tommy Tremble,rec,1.5,,-138,0.72,1.1,31.7,,car_atl,1.0,False,,0.8401518596937522,31.699999999999996,False,32.9419224536685
Tyler Warren,rec,5.5,,154,1.54,4.5,31.6,,ind_kc,6.0,True,,2.0880587228379706,31.600000000000005,False,32.85020695779202
Bryce Young,pass_td,2.0,,104,1.04,1.14,31.6,,car_atl,3.0,True,,1.795730501640655,31.600000000000005,False,32.85020695779202
Wan'Dale Robinson,rec_yds,59.5,,280,2.8,44.1,31.6,,phi_ten,9.0,False,,32.156104331704746,31.600000000000005,False,32.85020695779202
De'Von Achane,rec_yds,49.5,,350,3.5,33.7,31.5,,mia_sf,19.0,False,,32.79867006296262,31.499999999999993,False,32.75851395854195
Chris Brooks,rec,3.5,,700,7.0,2.0,31.5,,gb_nyj,1.0,False,,3.1137977907875913,31.499999999999993,False,32.75851395854195
Carnell Tate,rec_yds,59.5,,205,2.05,40.9,31.5,,phi_ten,27.0,False,,38.61109260576614,31.499999999999993,False,32.75851395854195
D'Andre Swift,rush_yds,89.5,,300,3.0,63.7,31.4,,min_chi,45.0,False,,53.24596235663659,31.400000000000006,False,32.666843519237034
Jerry Jeudy,rec_yds,59.5,,360,3.6,41.9,31.4,,cle_tb,0.0,False,,36.32282703398466,31.400000000000006,False,32.666843519237034
Chase Brown,rush_yds,89.5,,390,3.9,65.8,31.4,,cin_hou,80.0,False,,48.91198867644525,31.400000000000006,False,32.666843519237034
Mark Andrews,rec_yds,59.5,,152,1.52,43.3,31.4,,no_bal,49.0,False,,33.433511247190424,31.400000000000006,False,32.666843519237034
Kenyon Sadiq,rec,3.5,,220,2.2,2.6,31.3,,gb_nyj,2.0,False,,1.8466668768442347,31.299999999999994,False,32.5751957020324
Pat Freiermuth,rec,2.5,,-250,0.4,2.0,31.3,,pit_ne,4.0,True,,1.0259260426912415,31.299999999999994,False,32.5751957020324
Makai Lemon,rec_yds,59.5,,520,5.2,40.2,31.2,,phi_ten,14.0,False,,39.37254992825492,31.200000000000006,False,32.48357056790648
Malik Washington,rec,5.5,,400,4.0,4.4,31.2,,mia_sf,4.0,False,,2.244031343061161,31.200000000000006,False,32.48357056790648
Noah Gray,rec_yds,24.5,,250,2.5,16.3,31.1,,ind_kc,0.0,False,,16.6322590362673,31.099999999999994,False,32.39196817664749
Tyjae Spears,rush_yds,39.5,,520,5.2,25.3,31.1,,phi_ten,41.0,True,,28.80220467256045,31.099999999999994,False,32.39196817664749
George Pickens,rec,7.5,,630,6.3,6.0,31.1,,was_dal,6.0,False,,3.042486409073287,31.099999999999994,False,32.39196817664749
Braelon Allen,rush_yds,19.5,,-188,0.53,12.2,31.1,,gb_nyj,7.0,False,,14.806767190823331,31.099999999999994,False,32.39196817664749
Parker Washington,rec,7.5,,580,5.8,5.4,31.0,,jax_den,7.0,False,,4.235148792844313,31.000000000000007,False,32.300388586839965
Tee Higgins,rec,7.5,,800,8.0,5.9,30.9,,cin_hou,5.0,False,,3.208426198978465,30.899999999999995,False,32.20883185585093
Rhamondre Stevenson,rush_yds,49.5,,-108,0.93,35.0,30.9,,pit_ne,43.0,False,,29.076362428242348,30.899999999999995,False,32.20883185585093
Geno Smith,pass_td,2.0,,178,1.78,1.12,30.9,,gb_nyj,1.0,False,,1.764634409438156,30.899999999999995,False,32.20883185585093
Marvin Harrison Jr.,rec_yds,69.5,,450,4.5,49.5,30.9,,sea_ari,0.0,False,,40.105327487230824,30.899999999999995,False,32.20883185585093
Kayshon Boutte,rec,3.5,,134,1.34,2.6,30.8,,cin_hou,3.0,False,,1.7945181097473863,30.800000000000004,False,32.11729803981602
Xavier Worthy,rec,3.5,,104,1.04,2.7,30.8,,ind_kc,5.0,True,,1.5951272086643433,30.800000000000004,False,32.11729803981602
Brock Purdy,pass_yds,274.5,,200,2.0,232.9,30.8,,mia_sf,287.0,True,,82.94661485054586,30.800000000000004,False,32.11729803981602
Dontayvion Wicks,rec_yds,24.5,,-172,0.58,16.2,30.8,,phi_ten,74.0,True,,16.549444789892565,30.800000000000004,False,32.11729803981602
Dak Prescott,pass_yds,324.5,,320,3.2,273.0,30.7,,was_dal,279.0,False,,102.10717764895752,30.699999999999996,False,32.02578719362532
Rome Odunze,rec,5.5,,880,8.8,4.1,30.7,,min_chi,3.0,False,,2.77572910113671,30.699999999999996,False,32.02578719362532
Saquon Barkley,rec,4.5,,750,7.5,3.0,30.7,,phi_ten,1.0,False,,2.973995465503617,30.699999999999996,False,32.02578719362532
Ja'Marr Chase,rec,12.5,,1700,17.0,10.2,30.6,,cin_hou,7.0,False,,4.534515603797539,30.600000000000005,False,31.934299370909013
Chris Olave,rec_yds,109.5,,400,4.0,85.0,30.6,,no_bal,86.0,False,,48.30244882306073,30.600000000000005,False,31.934299370909013
Devaughn Vele,rec,5.5,,290,2.9,4.0,30.6,,no_bal,5.0,False,,2.9572927850853508,30.600000000000005,False,31.934299370909013
Rico Dowdle,rec_yds,19.5,,148,1.48,11.4,30.5,,pit_ne,22.0,True,,15.880065683360414,30.499999999999993,False,31.84283462402291
Rome Odunze,rec_yds,69.5,,300,3.0,50.0,30.5,,min_chi,43.0,False,,38.22978775623803,30.499999999999993,False,31.84283462402291
Colston Loveland,rec_yds,69.5,,188,1.88,50.3,30.5,,min_chi,3.0,False,,37.64163717537284,30.499999999999993,False,31.84283462402291
Tyler Shough,pass_td,2.0,,205,2.05,1.11,30.5,,no_bal,1.0,False,,1.7448467232334282,30.499999999999993,False,31.84283462402291
Derrick Henry,rush_yds,124.5,,270,2.7,95.1,30.4,,no_bal,68.0,False,,57.31771677324647,30.400000000000006,False,31.751393004033734
Trey McBride,rec_yds,79.5,,210,2.1,59.9,30.4,,sea_ari,41.0,False,,38.211811182164304,30.400000000000006,False,31.751393004033734
Andrei Iosivas,rec_yds,39.5,,430,4.3,24.0,30.4,,cin_hou,7.0,False,,30.218524149160547,30.400000000000006,False,31.751393004033734
Daniel Jones,pass_yds,249.5,,188,1.88,211.0,30.4,,ind_kc,210.0,False,,75.05891482210845,30.400000000000006,False,31.751393004033734
Jalen Nailor,rec,4.5,,360,3.6,3.1,30.4,,lv_lac,1.0,False,,2.729415084440307,30.400000000000006,False,31.751393004033734
Kalif Raymond,rec,1.5,,-250,0.4,1.1,30.4,,min_chi,5.0,True,,0.7798328812686591,30.400000000000006,False,31.751393004033734
Quentin Johnston,rec_yds,79.5,,280,2.8,53.8,30.3,,lv_lac,7.0,False,,49.82632935510952,30.299999999999994,False,31.65997456070413
George Kittle,rec_yds,89.5,,750,7.5,65.9,30.3,,mia_sf,80.0,False,,45.75491722881651,30.299999999999994,False,31.65997456070413
Deshaun Watson,pass_yds,249.5,,490,4.9,199.7,30.3,,cle_tb,238.0,False,,96.55063042351964,30.299999999999994,False,31.65997456070413
Mack Hollins,rec_yds,59.5,,280,2.8,40.5,30.3,,pit_ne,18.0,False,,36.836585904555676,30.299999999999994,False,31.65997456070413
Brian Robinson,rush_yds,29.5,,118,1.18,20.2,30.3,,car_atl,51.0,True,,18.030539416440412,30.299999999999994,False,31.65997456070413
Juwan Johnson,rec,5.5,,280,2.8,4.0,30.2,,no_bal,4.0,False,,2.892085128378276,30.200000000000003,False,31.568579342477644
Malik Willis,pass_yds,299.5,,1200,12.0,243.5,30.2,,mia_sf,197.0,False,,107.9711781261223,30.200000000000003,False,31.568579342477644
Caleb Williams,pass_yds,274.5,,240,2.4,227.5,30.2,,min_chi,138.0,False,,90.61866735585265,30.200000000000003,False,31.568579342477644
Christian Watson,rec,4.5,,124,1.24,3.2,30.2,,gb_nyj,4.0,False,,2.5064737779278388,30.200000000000003,False,31.568579342477644
Carnell Tate,rec,5.5,,310,3.1,4.1,30.1,,phi_ten,3.0,False,,2.684426979607894,30.099999999999994,False,31.477207396463225
Omarion Hampton,rush_yds,89.5,,280,2.8,63.1,30.1,,lv_lac,94.0,True,,50.62062304403456,30.099999999999994,False,31.477207396463225
Jonathan Taylor,rush_yds,109.5,,200,2.0,79.7,30.0,,ind_kc,92.0,False,,56.82679417323741,30.000000000000004,False,31.385858768419872
Jakobi Meyers,rec_yds,59.5,,270,2.7,40.2,30.0,,jax_den,28.0,False,,36.803930454479264,30.000000000000004,False,31.385858768419872
Emeka Egbuka,rec_yds,89.5,,370,3.7,63.3,29.9,,cle_tb,16.0,False,,49.68908369796581,29.89999999999999,False,31.294533502740585
Luther Burden III,rec,7.5,,680,6.8,6.1,29.9,,min_chi,3.0,False,,2.6551418769905397,29.89999999999999,False,31.294533502740585
Carson Wentz,pass_yds,274.5,,320,3.2,210.3,29.9,,min_chi,143.0,False,,121.75722035913756,29.89999999999999,False,31.294533502740585
Garrett Wilson,rec_yds,89.5,,198,1.98,64.1,29.9,,gb_nyj,57.0,False,,48.17185976825694,29.89999999999999,False,31.294533502740585
Dalton Schultz,rec_yds,59.5,,225,2.25,41.9,29.9,,cin_hou,140.0,True,,33.378926453595355,29.89999999999999,False,31.294533502740585
Breece Hall,rec_yds,49.5,,680,6.8,31.7,29.9,,gb_nyj,63.0,True,,33.758232436022574,29.89999999999999,False,31.294533502740585
Jadarian Price,rush_yds,79.5,,210,2.1,57.7,29.9,,sea_ari,52.0,False,,41.344352084566964,29.89999999999999,False,31.294533502740585
Derrick Henry,rec_yds,19.5,,320,3.2,10.0,29.8,,no_bal,19.0,False,,17.919069914646748,29.800000000000004,False,31.203231642436656
Xavier Hutchinson,rec,3.5,,172,1.72,2.3,29.8,,cin_hou,3.0,False,,2.2634614629027476,29.800000000000004,False,31.203231642436656
Chris Brooks,rec_yds,19.5,,235,2.35,9.3,29.8,,gb_nyj,15.0,False,,19.23942243467335,29.800000000000004,False,31.203231642436656
Emmett Johnson,rush_yds,9.5,,-320,0.31,4.0,29.8,,ind_kc,15.0,True,,10.374198371637592,29.800000000000004,False,31.203231642436656
Brian Thomas Jr.,rec_yds,89.5,,800,8.0,60.2,29.7,,jax_den,40.0,False,,54.96685461210635,29.699999999999992,False,31.11195322912116
Makai Lemon,rec,5.5,,880,8.8,4.0,29.7,,phi_ten,1.0,False,,2.8140027958416227,29.699999999999992,False,31.11195322912116
Jalen Coker,rec_yds,49.5,,-120,0.83,33.1,29.6,,car_atl,66.0,True,,30.600438826314708,29.600000000000005,False,31.020698302992677
Harold Fannin Jr.,rec_yds,59.5,,370,3.7,41.9,29.6,,cle_tb,54.0,False,,32.83949532580116,29.600000000000005,False,31.020698302992677
Ashton Jeanty,rush_yds,109.5,,580,5.8,78.0,29.6,,lv_lac,48.0,False,,58.775233111519114,29.600000000000005,False,31.020698302992677
CeeDee Lamb,rec,8.5,,410,4.1,6.9,29.6,,was_dal,8.0,False,,2.9854086659819226,29.600000000000005,False,31.020698302992677
C.J. Stroud,pass_yds,299.5,,550,5.5,250.0,29.6,,cin_hou,353.0,True,,92.36108060381575,29.600000000000005,False,31.020698302992677
Kenyon Sadiq,rec_yds,39.5,,350,3.5,24.8,29.6,,gb_nyj,17.0,False,,27.42844211870892,29.600000000000005,False,31.020698302992677
Christian Watson,rec_yds,69.5,,138,1.38,46.5,29.5,,gb_nyj,41.0,False,,42.68459922421011,29.499999999999993,False,30.929466902818493
Tee Higgins,rec_yds,109.5,,640,6.4,78.0,29.5,,cin_hou,95.0,False,,58.459342415766024,29.499999999999993,False,30.929466902818493
Tyquan Thornton,rec_yds,19.5,,128,1.28,12.0,29.5,,ind_kc,86.0,True,,13.918891051372862,29.499999999999993,False,30.929466902818493
Xavier Hutchinson,rec_yds,39.5,,148,1.48,23.7,29.5,,cin_hou,37.0,False,,29.322463814892163,29.499999999999993,False,30.929466902818493
KC Concepcion,rec_yds,59.5,,320,3.2,38.1,29.5,,cle_tb,28.0,False,,39.71523579991723,29.499999999999993,False,30.929466902818493
Drake London,rec_yds,99.5,,450,4.5,71.5,29.5,,car_atl,51.0,False,,51.963859925125355,29.499999999999993,False,30.929466902818493
Saquon Barkley,rush_yds,124.5,,520,5.2,88.4,29.5,,phi_ten,9.0,False,,66.99626226060803,29.499999999999993,False,30.929466902818493
Wan'Dale Robinson,rec,5.5,,210,2.1,4.4,29.4,,phi_ten,1.0,False,,2.030507226189284,29.400000000000006,False,30.838259065917683
Kalif Raymond,rec_yds,19.5,,-154,0.65,12.4,29.4,,min_chi,40.0,True,,13.106001187221745,29.400000000000006,False,30.838259065917683
Tyler Shough,pass_yds,299.5,,400,4.0,227.7,29.4,,no_bal,252.0,False,,132.53674440035513,29.400000000000006,False,30.838259065917683
Cooper Rush,pass_yds,224.5,,235,2.35,167.6,29.4,,car_atl,86.0,False,,105.03260106379119,29.400000000000006,False,30.838259065917683
Rashee Rice,rec_yds,79.5,,300,3.0,60.4,29.3,,ind_kc,83.0,True,,35.068929876496156,29.299999999999994,False,30.747074828143873
Jerry Jeudy,rec,4.5,,430,4.3,3.3,29.3,,cle_tb,0.0,False,,2.2032835524500207,29.299999999999994,False,30.747074828143873
George Kittle,rec,5.5,,310,3.1,4.5,29.3,,mia_sf,4.0,False,,1.8360696270416836,29.299999999999994,False,30.747074828143873
Matthew Golden,rec,3.5,,-162,0.62,2.3,29.2,,gb_nyj,4.0,True,,2.191575260858989,29.200000000000003,False,30.655914223867843
Tetairoa McMillan,rec_yds,99.5,,400,4.0,72.1,29.2,,car_atl,101.0,True,,50.04096845628025,29.200000000000003,False,30.655914223867843
Dak Prescott,rush_yds,19.5,,320,3.2,13.0,29.1,,was_dal,26.0,True,,11.8081836139898,29.100000000000005,False,30.564777285959753
Courtland Sutton,rec,6.5,,750,7.5,4.5,29.1,,jax_den,3.0,False,,3.6332872658430158,29.100000000000005,False,30.564777285959753
Jacory Croskey-Merritt,rush_yds,69.5,,210,2.1,50.2,29.1,,was_dal,43.0,False,,35.06122211538509,29.100000000000005,False,30.564777285959753
Harold Fannin Jr.,rec,5.5,,280,2.8,4.2,29.0,,cle_tb,5.0,False,,2.3491794298978914,29.000000000000004,False,30.47366404577121
Kyle Pitts,rec_yds,69.5,,640,6.4,47.9,29.0,,car_atl,15.0,False,,39.03251975830344,29.000000000000004,False,30.47366404577121
Alvin Kamara,rush_yds,39.5,,630,6.3,28.3,29.0,,no_bal,15.0,False,,20.2390843191203,29.000000000000004,False,30.47366404577121
Jacoby Brissett,pass_yds,274.5,,350,3.5,229.8,28.9,,sea_ari,95.0,False,,80.35110492629072,28.89999999999999,False,30.382574533117047
Justin Herbert,pass_yds,324.5,,850,8.5,266.3,28.9,,lv_lac,192.0,False,,104.61821715235168,28.89999999999999,False,30.382574533117047
Emmett Johnson,rec_yds,19.5,,290,2.9,10.6,28.9,,ind_kc,20.0,True,,15.998318430514264,28.89999999999999,False,30.382574533117047
Rhamondre Stevenson,rec_yds,29.5,,230,2.3,19.6,28.9,,pit_ne,3.0,False,,17.79588229911137,28.89999999999999,False,30.382574533117047
Ashton Jeanty,rec_yds,39.5,,220,2.2,23.6,28.9,,lv_lac,15.0,False,,28.581265510694017,28.89999999999999,False,30.382574533117047
Courtland Sutton,rec_yds,89.5,,700,7.0,59.5,28.9,,jax_den,25.0,False,,53.926916057913246,28.89999999999999,False,30.382574533117047
Malik Washington,rec_yds,69.5,,490,4.9,42.9,28.9,,mia_sf,43.0,False,,47.81519890468308,28.89999999999999,False,30.382574533117047
Woody Marks,rec_yds,19.5,,194,1.94,9.9,28.9,,cin_hou,27.0,True,,17.256613138532238,28.89999999999999,False,30.382574533117047
Gunnar Helm,rec_yds,29.5,,154,1.54,19.7,28.7,,phi_ten,13.0,False,,17.43244019643733,28.699999999999992,False,30.20046680187566
Bucky Irving,rush_yds,89.5,,280,2.8,62.5,28.7,,cle_tb,89.0,False,,48.02815156161305,28.699999999999992,False,30.20046680187566
Joe Burrow,pass_yds,349.5,,800,8.0,283.3,28.6,,cin_hou,207.0,False,,117.14565543116095,28.6,False,30.109448635065995
Javonte Williams,rush_yds,79.5,,108,1.08,55.8,28.6,,was_dal,30.0,False,,41.938852473089355,28.6,False,30.109448635065995
Caleb Williams,rush_yds,39.5,,220,2.2,26.1,28.6,,min_chi,42.0,True,,23.7122625797214,28.6,False,30.109448635065995
Germie Bernard,rec_yds,14.5,,-122,0.82,8.9,28.5,,pit_ne,35.0,True,,9.85826111958993,28.499999999999993,False,30.01845429930732
Tony Pollard,rush_yds,89.5,,880,8.8,63.1,28.5,,phi_ten,64.0,False,,46.474659563781096,28.499999999999993,False,30.01845429930732
Christian McCaffrey,rec_yds,39.5,,-114,0.88,26.0,28.4,,mia_sf,43.0,True,,23.642753865253866,28.400000000000002,False,29.927483816447054
DeVonta Smith,rec_yds,109.5,,550,5.5,80.5,28.4,,phi_ten,117.0,True,,50.78813793276756,28.400000000000002,False,29.927483816447054
Drake London,rec,7.5,,520,5.2,5.6,28.4,,car_atl,4.0,False,,3.327498692146841,28.400000000000002,False,29.927483816447054
Darnell Washington,rec_yds,19.5,,146,1.46,12.9,28.2,,pit_ne,7.0,False,,11.440251829942884,28.200000000000003,False,29.74561448852978
Jaxon Smith-Njigba,rec,8.5,,280,2.8,6.8,28.2,,sea_ari,9.0,True,,2.9467315319549856,28.200000000000003,False,29.74561448852978
Dallas Goedert,rec_yds,69.5,,430,4.3,48.5,28.1,,phi_ten,4.0,False,,36.214801841624706,28.1,False,29.65471567882506
Rachaad White,rec,3.5,,360,3.6,2.3,28.1,,was_dal,6.0,True,,2.0694172480928406,28.1,False,29.65471567882506
Jonathan Taylor,rec,4.5,,370,3.7,2.5,28.0,,ind_kc,4.0,False,,3.4314646006660112,28.000000000000004,False,29.563840792681738
Ryan Flournoy,rec_yds,49.5,,240,2.4,32.4,28.0,,was_dal,23.0,False,,29.3390223356944,28.000000000000004,False,29.563840792681738
Denzel Boston,rec_yds,49.5,,220,2.2,30.4,28.0,,cle_tb,95.0,True,,32.77048693636041,28.000000000000004,False,29.563840792681738
Kirk Cousins,pass_yds,299.5,,920,9.2,241.3,27.9,,lv_lac,253.0,False,,99.34881025350707,27.89999999999999,False,29.472989843480146
Stefon Diggs,rec,5.5,,158,1.58,4.3,27.9,,was_dal,5.0,False,,2.0484290773918987,27.89999999999999,False,29.472989843480146
Alec Pierce,rec_yds,69.5,,225,2.25,45.4,27.9,,ind_kc,11.0,False,,41.13928397095397,27.89999999999999,False,29.472989843480146
Parker Washington,rec_yds,99.5,,430,4.3,64.9,27.9,,jax_den,98.0,False,,59.06303839813307,27.89999999999999,False,29.472989843480146
Kenneth Walker III,rec_yds,24.5,,122,1.22,13.7,27.9,,ind_kc,61.0,True,,18.435861696527088,27.89999999999999,False,29.472989843480146
David Montgomery,rec,3.5,,400,4.0,2.2,27.9,,cin_hou,2.0,False,,2.2191315005078898,27.89999999999999,False,29.472989843480146
Jaxon Smith-Njigba,rec_yds,109.5,,230,2.3,81.3,27.8,,sea_ari,155.0,True,,47.89457390053347,27.800000000000004,False,29.38216284284385
Kenneth Walker III,rush_yds,79.5,,-128,0.78,60.3,27.7,,ind_kc,117.0,True,,32.44465998124853,27.699999999999992,False,29.291359800617546
Jaylen Waddle,rec_yds,99.5,,550,5.5,64.7,27.7,,jax_den,138.0,True,,58.80594621601295,27.699999999999992,False,29.291359800617546
Breece Hall,rush_yds,99.5,,350,3.5,66.6,27.6,,gb_nyj,29.0,False,,55.31588637262549,27.6,False,29.200580724845025
Xavier Worthy,rec_yds,49.5,,162,1.62,32.4,27.6,,ind_kc,25.0,False,,28.750810242306862,27.6,False,29.200580724845025
Jakobi Meyers,rec,5.5,,320,3.2,3.8,27.6,,jax_den,1.0,False,,2.8582676849077,27.6,False,29.200580724845025
Cade Otton,rec_yds,49.5,,320,3.2,32.3,27.6,,cle_tb,38.0,False,,28.91894363553673,27.6,False,29.200580724845025
Jaylen Warren,rec_yds,29.5,,225,2.25,17.0,27.5,,pit_ne,34.0,True,,20.911398160257544,27.500000000000004,False,29.109825621746367
Tyquan Thornton,rec,1.5,,152,1.52,1.0,27.5,,ind_kc,4.0,True,,0.8364559264103018,27.500000000000004,False,29.109825621746367
Justice Hill,rec_yds,29.5,,320,3.2,15.9,27.5,,no_bal,12.0,False,,22.751601198360206,27.500000000000004,False,29.109825621746367
Chuba Hubbard,rec,3.5,,320,3.2,1.9,27.5,,car_atl,2.0,False,,2.6766589645129657,27.500000000000004,False,29.109825621746367
Travis Kelce,rec_yds,59.5,,205,2.05,42.2,27.5,,ind_kc,101.0,True,,28.941375053796435,27.500000000000004,False,29.109825621746367
Romeo Doubs,rec_yds,89.5,,750,7.5,57.8,27.4,,pit_ne,96.0,True,,52.76651560036762,27.400000000000002,False,29.019094495694997
De'Von Achane,rush_yds,124.5,,1100,11.0,85.0,27.4,,mia_sf,74.0,False,,65.75007464399118,27.400000000000002,False,29.019094495694997
Tommy Tremble,rec_yds,14.5,,-102,0.98,8.1,27.4,,car_atl,4.0,False,,10.65317665117832,27.400000000000002,False,29.019094495694997
Jalen Hurts,rush_yds,59.5,,550,5.5,38.5,27.4,,phi_ten,16.0,False,,34.95573588667886,27.400000000000002,False,29.019094495694997
Rico Dowdle,rush_yds,69.5,,640,6.4,48.9,27.3,,pit_ne,22.0,False,,34.11924429900405,27.29999999999999,False,28.928387349194384
Cole Kmet,rec_yds,24.5,,225,2.25,15.3,27.3,,min_chi,0.0,False,,15.237720754895012,27.29999999999999,False,28.928387349194384
Tyler Warren,rec_yds,69.5,,350,3.5,49.5,27.3,,ind_kc,21.0,False,,33.12547990194568,27.29999999999999,False,28.928387349194384
Tre Tucker,rec,5.5,,490,4.9,3.7,27.2,,lv_lac,5.0,False,,2.9665014571042034,27.200000000000003,False,28.837704182854196
Jahan Dotson,rec_yds,24.5,,152,1.52,13.3,27.2,,car_atl,11.0,False,,18.458231288648378,27.200000000000003,False,28.837704182854196
Rashee Rice,rec,6.5,,270,2.7,5.3,27.1,,ind_kc,4.0,False,,1.9678860715471878,27.1,False,28.74704499536621
Mack Hollins,rec,5.5,,490,4.9,3.7,27.1,,pit_ne,2.0,False,,2.9518291073207807,27.1,False,28.74704499536621
Geno Smith,pass_yds,274.5,,410,4.1,217.2,27.1,,gb_nyj,247.0,False,,93.96655991637822,27.1,False,28.74704499536621
Carson Wentz,rush_yds,24.5,,550,5.5,15.0,27.1,,min_chi,6.0,False,,15.579098066415234,27.1,False,28.74704499536621
Stefon Diggs,rec_yds,69.5,,240,2.4,50.3,27.0,,was_dal,47.0,False,,31.33092849116682,27.0,False,28.65640978347981
Adonai Mitchell,rec,3.5,,188,1.88,2.0,27.0,,gb_nyj,6.0,True,,2.4477287883724075,27.0,False,28.65640978347981
Aaron Rodgers,pass_yds,249.5,,205,2.05,202.5,26.9,,pit_ne,187.0,False,,76.31850090126935,26.89999999999999,False,28.56579854197698
Jaylin Noel,rec_yds,39.5,,198,1.98,25.0,26.9,,cin_hou,31.0,False,,23.54506942698735,26.89999999999999,False,28.56579854197698
Garrett Wilson,rec,7.5,,240,2.4,5.6,26.9,,gb_nyj,5.0,False,,3.0852159938811017,26.89999999999999,False,28.56579854197698
MarShawn Lloyd,rush_yds,99.5,,640,6.4,69.1,26.9,,gb_nyj,20.0,False,,49.36345590209763,26.89999999999999,False,28.56579854197698
Bryce Young,rush_yds,24.5,,280,2.8,15.7,26.9,,car_atl,6.0,False,,14.289421445344049,26.89999999999999,False,28.56579854197698
Jonathon Brooks,rec_yds,19.5,,235,2.35,9.9,26.9,,car_atl,-5.0,False,,15.588459758557143,26.89999999999999,False,28.56579854197698
Baker Mayfield,pass_yds,324.5,,920,9.2,262.1,26.8,,cle_tb,182.0,False,,100.8284347702117,26.8,False,28.475211263647115
Jayden Reed,rec_yds,69.5,,430,4.3,45.8,26.8,,gb_nyj,4.0,False,,38.29541512907081,26.8,False,28.475211263647115
Quinshon Judkins,rush_yds,79.5,,310,3.1,58.0,26.7,,cle_tb,21.0,False,,34.57082992628131,26.700000000000003,False,28.384647939260997
Jeremiyah Love,rush_yds,89.5,,1000,10.0,66.8,26.7,,sea_ari,29.0,False,,36.5003646198412,26.700000000000003,False,28.384647939260987
Jordan Addison,rec_yds,69.5,,320,3.2,44.5,26.7,,min_chi,21.0,False,,40.19863944916431,26.700000000000003,False,28.384647939260987
Quentin Johnston,rec,6.5,,550,5.5,4.6,26.7,,lv_lac,1.0,False,,3.055096598136488,26.700000000000003,False,28.384647939260987
Travis Etienne,rec_yds,39.5,,880,8.8,23.8,26.6,,no_bal,6.0,False,,25.12177245179581,26.6,False,28.29410855754484
Justin Herbert,rush_yds,29.5,,220,2.2,18.8,26.6,,lv_lac,2.0,False,,17.1212079767016,26.6,False,28.29410855754484
Cooper Rush,rush_yds,14.5,,880,8.8,8.0,26.6,,car_atl,20.0,True,,10.40073381762247,26.6,False,28.29410855754484
Cam Ward,pass_td,2.0,,300,3.0,1.0,26.6,,phi_ten,0.0,False,,1.6001128950188415,26.6,False,28.29410855754484
Bijan Robinson,rec,5.5,,122,1.22,3.8,26.5,,car_atl,3.0,False,,2.706980444323433,26.5,False,28.2035931051535
Chuba Hubbard,rec_yds,19.5,,178,1.78,9.8,26.5,,car_atl,11.0,False,,15.445711947021938,26.5,False,28.2035931051535
Chase Brown,rec_yds,39.5,,390,3.9,23.2,26.4,,cin_hou,2.0,False,,25.8294756155214,26.400000000000002,False,28.113101566643483
Cooper Rush,pass_td,2.0,,205,2.05,1.0,26.4,,car_atl,0.0,False,,1.5846304058602085,26.400000000000002,False,28.113101566643483
Bo Nix,pass_yds,274.5,,300,3.0,220.4,26.3,,jax_den,288.0,True,,85.31456453832251,26.3,False,28.022633924445305
Brenton Strange,rec_yds,49.5,,280,2.8,31.4,26.3,,jax_den,17.0,False,,28.543320113560775,26.3,False,28.022633924445305
Brian Thomas Jr.,rec,5.5,,880,8.8,3.7,26.2,,jax_den,3.0,False,,2.82489566644104,26.200000000000003,False,27.932190158835525
Mike Evans,rec_yds,89.5,,430,4.3,59.0,26.2,,mia_sf,54.0,False,,47.86628768136207,26.200000000000003,False,27.932190158835525
Travis Etienne,rec,4.5,,800,8.0,2.8,26.2,,no_bal,2.0,False,,2.6679570183054273,26.200000000000003,False,27.932190158835525
Darren Waller,rec,2.5,,146,1.46,1.5,26.1,,car_atl,3.0,True,,1.5618520529507074,26.1,False,27.841770247908215
Jonathon Brooks,rush_yds,59.5,,880,8.8,38.2,26.1,,car_atl,16.0,False,,33.26744872785006,26.1,False,27.841770247908215
Drake Maye,rush_yds,49.5,,390,3.9,31.3,26.1,,pit_ne,20.0,False,,28.425707363702873,26.1,False,27.841770247908215
Michael Wilson,rec_yds,69.5,,400,4.0,44.8,26.0,,sea_ari,18.0,False,,38.393061943008234,26.0,False,27.75137416754603
De'Von Achane,rec,7.5,,750,7.5,5.0,26.0,,mia_sf,3.0,False,,3.8859374436243144,26.0,False,27.75137416754603
Ashton Jeanty,rec,6.5,,430,4.3,4.1,26.0,,lv_lac,4.0,False,,3.7304999458793424,26.0,False,27.75137416754603
Bryce Young,pass_yds,249.5,,164,1.64,189.9,26.0,,car_atl,287.0,True,,92.64074865600365,26.0,False,27.75137416754603
George Holani,rush_yds,69.5,,850,8.5,46.2,25.9,,sea_ari,13.0,False,,36.04404026723083,25.900000000000002,False,27.661001891390626
Noah Gray,rec,2.5,,410,4.1,1.8,25.8,,ind_kc,0.0,False,,1.077712964515261,25.8,False,27.570653390812716
Evan Engram,rec,4.5,,310,3.1,3.0,25.8,,jax_den,1.0,False,,2.309384923961274,25.8,False,27.570653390812716
Trevor Lawrence,rush_yds,29.5,,300,3.0,18.5,25.7,,jax_den,6.0,False,,16.855086141515237,25.7,False,27.480328634881502
Cam Ward,rush_yds,14.5,,132,1.32,9.1,25.7,,phi_ten,7.0,False,,8.274315014925662,25.7,False,27.480328634881502
Patrick Mahomes,pass_yds,274.5,,290,2.9,222.2,25.7,,ind_kc,382.0,True,,80.13827320011337,25.7,False,27.480328634881502
David Montgomery,rush_yds,79.5,,198,1.98,55.0,25.6,,cin_hou,10.0,False,,37.36312825474938,25.6,False,27.390027590333666
Dak Prescott,pass_td,3.0,,205,2.05,1.75,25.6,,was_dal,4.0,True,,1.9062820538137437,25.6,False,27.390027590333666
Josh Downs,rec,4.5,,128,1.28,3.4,25.5,,ind_kc,7.0,True,,1.6696069640940578,25.5,False,27.299750221541707
Michael Wilson,rec,5.5,,320,3.2,3.9,25.5,,sea_ari,2.0,False,,2.4285192205004478,25.5,False,27.299750221541707
Keenan Allen,rec_yds,49.5,,320,3.2,34.6,25.5,,ind_kc,5.0,False,,22.615585240910416,25.5,False,27.299750221541707
Jalen Hurts,pass_yds,299.5,,750,7.5,240.0,25.5,,phi_ten,264.0,False,,90.31055851236039,25.5,False,27.299750221541707
MarShawn Lloyd,rec_yds,24.5,,630,6.3,10.8,25.4,,gb_nyj,6.0,False,,20.696267884062223,25.4,False,27.209496490481733
TreVeyon Henderson,rush_yds,59.5,,300,3.0,38.8,25.4,,pit_ne,76.0,True,,31.271003299276504,25.4,False,27.209496490481733
Bucky Irving,rec,4.5,,580,5.8,2.9,25.4,,cle_tb,4.0,False,,2.417082380620406,25.4,False,27.209496490481733
Jonathon Brooks,rec,3.5,,920,9.2,1.8,25.4,,car_atl,1.0,False,,2.568150029409181,25.4,False,27.209496490481733
Brenton Strange,rec,4.5,,225,2.25,3.0,25.3,,jax_den,2.0,False,,2.2553713489574623,25.3,False,27.119266356700813
Jalen Nailor,rec_yds,69.5,,470,4.7,39.9,25.3,,lv_lac,9.0,False,,44.50599461942726,25.3,False,27.119266356700813
Kyle Monangai,rush_yds,59.5,,290,2.9,35.0,25.3,,min_chi,47.0,False,,36.837732032971886,25.3,False,27.119266356700813
Tucker Kraft,rec_yds,89.5,,640,6.4,60.2,25.3,,gb_nyj,15.0,False,,44.054920349635765,25.3,False,27.119266356700813
Jeremiyah Love,rec_yds,49.5,,850,8.5,25.3,25.2,,sea_ari,16.0,False,,36.21619754459158,25.2,False,27.02905977728356
Bijan Robinson,rush_yds,99.5,,178,1.78,71.0,25.1,,car_atl,72.0,False,,42.4520156193737,25.099999999999987,False,26.938876706818206
Cam Ward,pass_yds,274.5,,680,6.8,221.1,25.1,,phi_ten,183.0,False,,79.54167137103704,25.099999999999987,False,26.938876706818206
Alec Pierce,rec,4.5,,370,3.7,2.9,25.0,,ind_kc,1.0,False,,2.3721635496089633,25.0,False,26.848717097362172
Christian McCaffrey,rec,6.5,,260,2.6,4.5,25.0,,mia_sf,4.0,False,,2.965204437011204,25.0,False,26.848717097362172
D'Andre Swift,rush_yds,99.5,,410,4.1,63.7,25.0,,min_chi,45.0,False,,53.07715942250054,25.0,False,26.848717097362172
Antonio Williams,rec_yds,19.5,,-192,0.52,8.1,25.0,,was_dal,24.0,True,,16.901665290963862,25.0,False,26.848717097362172
Luther Burden III,rec_yds,99.5,,630,6.3,69.1,24.9,,min_chi,32.0,False,,44.86158074439029,24.9,False,26.75858089840668
Breece Hall,rec,6.5,,1200,12.0,4.0,24.9,,gb_nyj,5.0,False,,3.6892747322689377,24.9,False,26.75858089840668
Pat Bryant,rec_yds,69.5,,630,6.3,43.0,24.9,,jax_den,0.0,False,,39.10631216205074,24.9,False,26.75858089840668
Aaron Rodgers,rush_yds,9.5,,370,3.7,5.1,24.9,,pit_ne,5.0,False,,6.493123528793331,24.9,False,26.75858089840668
KC Concepcion,rec,6.5,,880,8.8,4.3,24.9,,cle_tb,6.0,False,,3.2465617643966653,24.9,False,26.75858089840668
Kayshon Boutte,rec_yds,59.5,,260,2.6,36.7,24.8,,cin_hou,37.0,False,,33.490163324144575,24.8,False,26.6684680568411
Chuba Hubbard,rush_yds,59.5,,102,1.02,36.9,24.7,,car_atl,53.0,False,,33.04283552199982,24.7,False,26.578378516916466
Chris Olave,rec,9.5,,680,6.8,7.1,24.7,,no_bal,8.0,False,,3.508973683752193,24.7,False,26.578378516916466
Jake Ferguson,rec_yds,49.5,,410,4.1,30.6,24.7,,was_dal,43.0,False,,27.633167759548517,24.7,False,26.578378516916466
D'Andre Swift,rec_yds,39.5,,750,7.5,22.6,24.7,,min_chi,54.0,True,,24.709023023088356,24.7,False,26.578378516916466
Jake Ferguson,rec,4.5,,220,2.2,3.4,24.6,,was_dal,4.0,False,,1.6008585566376992,24.6,False,26.48831222020831
Chase Brown,rush_yds,99.5,,580,5.8,65.8,24.6,,cin_hou,80.0,False,,49.04448487153678,24.6,False,26.48831222020831
Brock Purdy,pass_td,3.0,,200,2.0,1.71,24.6,,mia_sf,2.0,False,,1.877370489147847,24.6,False,26.48831222020831
David Montgomery,rec_yds,29.5,,410,4.1,15.0,24.6,,cin_hou,14.0,False,,21.102226428406034,24.6,False,26.48831222020831
Jaylen Waddle,rec,6.5,,410,4.1,4.2,24.5,,jax_den,8.0,True,,3.3318420977088947,24.50000000000001,False,26.398269105578777
CeeDee Lamb,rec_yds,124.5,,470,4.7,86.5,24.5,,was_dal,153.0,True,,55.04782596214696,24.50000000000001,False,26.398269105578777
Hunter Henry,rec_yds,59.5,,230,2.3,36.5,24.5,,pit_ne,40.0,False,,33.31842097708895,24.50000000000001,False,26.398269105578777
Tyjae Spears,rec_yds,24.5,,182,1.82,13.2,24.5,,phi_ten,29.0,True,,16.3694850887437,24.50000000000001,False,26.398269105578777
Bucky Irving,rec_yds,39.5,,450,4.5,20.6,24.5,,cle_tb,1.0,False,,27.37905028117309,24.50000000000001,False,26.398269105578777
Mike Evans,rec,6.5,,630,6.3,4.7,24.5,,mia_sf,3.0,False,,2.607528598206961,24.50000000000001,False,26.398269105578777
Jayden Daniels,rush_yds,79.5,,850,8.5,48.8,24.5,,was_dal,69.0,False,,44.47284886941873,24.50000000000001,False,26.398269105578777
Bo Nix,rush_yds,39.5,,580,5.8,24.2,24.4,,jax_den,9.0,False,,22.062215999618267,24.4,False,26.30824910913815
Terry McLaurin,rec,5.5,,240,2.4,4.0,24.4,,was_dal,2.0,False,,2.1629623529037514,24.4,False,26.30824910913815
Rhamondre Stevenson,rec,3.5,,164,1.64,2.3,24.4,,pit_ne,1.0,False,,1.7303698823230014,24.4,False,26.30824910913815
Romeo Doubs,rec,7.5,,1280,12.8,4.9,24.4,,pit_ne,3.0,False,,3.7491347450331687,24.4,False,26.30824910913815
Caleb Douglas,rec_yds,69.5,,350,3.5,40.4,24.4,,mia_sf,19.0,False,,41.96146964633278,24.4,False,26.30824910913815
Tyler Allgeier,rush_yds,39.5,,122,1.22,28.6,24.3,,sea_ari,10.0,False,,15.64552315263277,24.30000000000001,False,26.218252164205637
Juwan Johnson,rec_yds,69.5,,450,4.5,43.1,24.2,,no_bal,66.0,False,,37.72055809359752,24.2,False,26.12827820126934
Tre Tucker,rec_yds,69.5,,390,3.9,39.9,24.1,,lv_lac,119.0,True,,42.09990573044281,24.099999999999998,False,26.038327147945406
Marvin Harrison Jr.,rec,5.5,,520,5.2,3.6,24.0,,sea_ari,0.0,False,,2.6900652779171286,24.0,False,25.94839892893677
Rico Dowdle,rec,3.5,,220,2.2,1.9,24.0,,pit_ne,2.0,False,,2.265318128772319,24.0,False,25.94839892893677
Jordan Love,pass_td,3.0,,320,3.2,1.69,23.9,,gb_nyj,2.0,False,,1.8463108994225486,23.9,False,25.858493465990552
Brian Thomas Jr.,rec_yds,99.5,,1100,11.0,60.2,23.7,,jax_den,40.0,False,,54.889342208212184,23.7,False,25.67875048023631
Quentin Johnston,rec_yds,89.5,,410,4.1,53.8,23.7,,lv_lac,7.0,False,,49.861310860895045,23.7,False,25.67875048023631
Colston Loveland,rec,6.5,,290,2.9,4.6,23.6,,min_chi,1.0,False,,2.6417187183802366,23.599999999999998,False,25.588912785752093
Tucker Kraft,rec,6.5,,580,5.8,4.6,23.6,,gb_nyj,2.0,False,,2.6417187183802366,23.599999999999998,False,25.588912785752093
Omarion Hampton,rush_yds,99.5,,410,4.1,63.1,23.6,,lv_lac,94.0,False,,50.609769131073996,23.599999999999998,False,25.588912785752093
Tony Pollard,rec_yds,24.5,,350,3.5,12.7,23.6,,phi_ten,1.0,False,,16.4064636194141,23.599999999999998,False,25.588912785752093
George Pickens,rec_yds,124.5,,680,6.8,83.5,23.5,,was_dal,40.0,False,,56.749050218943054,23.499999999999986,False,25.49909750388747
Kyle Pitts,rec,5.5,,430,4.3,3.8,23.5,,car_atl,1.0,False,,2.3530093993220293,23.499999999999986,False,25.49909750388747
Aaron Jones,rush_yds,59.5,,-130,0.77,39.8,23.5,,min_chi,105.0,True,,27.267226568614106,23.499999999999986,False,25.49909750388747
Patrick Mahomes,rush_yds,39.5,,550,5.5,23.8,23.4,,ind_kc,17.0,False,,21.633180447769554,23.4,False,25.40930454094765
Lamar Jackson,pass_yds,274.5,,360,3.6,220.1,23.4,,no_bal,235.0,False,,74.95828129673019,23.4,False,25.40930454094765
Jayden Daniels,pass_yds,249.5,,168,1.68,199.1,23.4,,was_dal,96.0,False,,69.44664296608826,23.4,False,25.40930454094765
Emeka Egbuka,rec_yds,99.5,,520,5.2,63.3,23.3,,cle_tb,16.0,False,,49.65687934468338,23.299999999999997,False,25.319533800010685
Terry McLaurin,rec_yds,79.5,,235,2.35,53.1,23.3,,was_dal,50.0,False,,36.21385675965859,23.299999999999986,False,25.319533800010685
Parker Washington,rec,8.5,,920,9.2,5.4,23.2,,jax_den,7.0,False,,4.233375302932618,23.2,False,25.22978518087897
Drake London,rec_yds,109.5,,630,6.3,71.5,23.2,,car_atl,51.0,False,,51.89298758433533,23.2,False,25.229785180878984
Tyler Shough,pass_yds,324.5,,680,6.8,227.7,23.2,,no_bal,252.0,False,,132.19055784641213,23.2,False,25.229785180878984
Carson Wentz,pass_yds,299.5,,550,5.5,210.3,23.2,,min_chi,143.0,False,,121.81196032954503,23.2,False,25.229785180878984
Gunnar Helm,rec,2.5,,-174,0.57,1.9,23.2,,phi_ten,2.0,False,,0.8193629618579265,23.2,False,25.229785180878984
Andrei Iosivas,rec,3.5,,750,7.5,2.2,23.1,,cin_hou,1.0,False,,1.7673667912834294,23.099999999999998,False,25.14005858003001
Garrett Wilson,rec_yds,99.5,,280,2.8,64.1,23.1,,gb_nyj,57.0,False,,48.12675723956417,23.099999999999998,False,25.14005858003001
George Kittle,rec_yds,99.5,,1000,10.0,65.9,23.1,,mia_sf,80.0,False,,45.67963399009479,23.099999999999998,False,25.14005858003001
Roman Wilson,rec_yds,24.5,,-205,0.49,13.2,23.1,,pit_ne,28.0,True,,15.362495955002121,23.099999999999998,False,25.14005858003001
Tyjae Spears,rec,4.5,,370,3.7,2.8,23.0,,phi_ten,2.0,False,,2.3008827903573357,23.0,False,25.05035389056598
Trevor Lawrence,pass_yds,274.5,,300,3.0,222.9,23.0,,jax_den,189.0,False,,69.8385599896697,23.0,False,25.05035389056598
Courtland Sutton,rec_yds,99.5,,920,9.2,59.5,23.0,,jax_den,25.0,False,,54.13841859664319,23.0,False,25.05035389056598
Travis Etienne,rush_yds,79.5,,550,5.5,51.9,22.9,,no_bal,25.0,False,,37.18954038314086,22.9,False,24.960671002162403
Jonathan Taylor,rec_yds,24.5,,162,1.62,12.9,22.9,,ind_kc,40.0,True,,15.63038653784181,22.9,False,24.960671002162403
Carnell Tate,rec_yds,69.5,,310,3.1,40.9,22.9,,phi_ten,27.0,False,,38.53698749847205,22.9,False,24.960671002162403
J.K. Dobbins,rush_yds,79.5,,230,2.3,55.3,22.8,,jax_den,36.0,False,,32.46363225929668,22.799999999999997,False,24.87100980101582
Makai Lemon,rec_yds,69.5,,750,7.5,40.2,22.8,,phi_ten,14.0,False,,39.30514153708234,22.799999999999997,False,24.87100980101581
Marvin Harrison Jr.,rec_yds,79.5,,640,6.4,49.5,22.7,,sea_ari,0.0,False,,40.066076620184084,22.7,False,24.781370169790396
Tetairoa McMillan,rec_yds,109.5,,580,5.8,72.1,22.7,,car_atl,101.0,False,,49.94904218649617,22.7,False,24.781370169790396
Adonai Mitchell,rec_yds,49.5,,182,1.82,23.8,22.7,,gb_nyj,63.0,True,,34.32327230462437,22.7,False,24.781370169790396
Bhayshul Tuten,rush_yds,59.5,,158,1.58,37.7,22.7,,jax_den,65.0,True,,29.114682344000432,22.7,False,24.781370169790396
Darren Waller,rec_yds,49.5,,880,8.8,28.0,22.6,,car_atl,33.0,False,,28.587197813165325,22.599999999999998,False,24.691751987563258
Rashod Bateman,rec,2.5,,-146,0.68,1.6,22.6,,no_bal,7.0,True,,1.1966733968301762,22.599999999999998,False,24.691751987563258
Michael Mayer,rec,3.5,,-420,0.24,2.3,22.6,,lv_lac,3.0,False,,1.595564529106902,22.599999999999998,False,24.691751987563258
Dak Prescott,pass_yds,349.5,,580,5.8,273.0,22.6,,was_dal,279.0,False,,101.71723873056499,22.599999999999998,False,24.691751987563258
Parker Washington,rec_yds,109.5,,630,6.3,64.9,22.5,,jax_den,98.0,False,,59.04039295442575,22.499999999999996,False,24.60215512976901
Jaylin Noel,rec,3.5,,205,2.05,2.4,22.5,,cin_hou,1.0,False,,1.4561531894589312,22.499999999999986,False,24.60215512976901
Devaughn Vele,rec_yds,69.5,,350,3.5,43.7,22.5,,no_bal,64.0,False,,34.15341117094584,22.499999999999996,False,24.60215512976901
Tre Harris,rec_yds,59.5,,350,3.5,35.3,22.5,,lv_lac,53.0,False,,32.03537016809649,22.499999999999996,False,24.60215512976901
Bo Nix,pass_td,3.0,,430,4.3,1.63,22.4,,jax_den,1.0,False,,1.8055928831210986,22.4,False,24.512579468142913
Dalton Schultz,rec,5.5,,134,1.34,3.9,22.4,,cin_hou,12.0,True,,2.1087216153239106,22.4,False,24.512579468142913
Rashod Bateman,rec_yds,39.5,,-108,0.93,22.7,22.4,,no_bal,88.0,True,,22.141576960901062,22.4,False,24.512579468142913
Jerry Jeudy,rec_yds,69.5,,550,5.5,41.9,22.3,,cle_tb,0.0,False,,36.215694013237375,22.299999999999986,False,24.423024870662992
Jaylen Waddle,rec_yds,109.5,,750,7.5,64.7,22.3,,jax_den,138.0,True,,58.78489463018239,22.299999999999986,False,24.423024870662992
T.J. Hockenson,rec_yds,49.5,,280,2.8,29.9,22.3,,min_chi,29.0,False,,25.7183914007048,22.299999999999986,False,24.423024870662992
Omarion Hampton,rec_yds,39.5,,880,8.8,20.1,22.3,,lv_lac,21.0,False,,25.455958835391485,22.299999999999986,False,24.423024870662992
Cade Otton,rec,4.5,,320,3.2,3.2,22.3,,cle_tb,5.0,True,,1.7058116745365426,22.299999999999986,False,24.423024870662992
DK Metcalf,rec_yds,79.5,,198,1.98,53.4,22.3,,pit_ne,27.0,False,,34.247449773387515,22.299999999999986,False,24.423024870662992
Malik Washington,rec_yds,79.5,,750,7.5,42.9,22.2,,mia_sf,43.0,False,,47.814629941840494,22.199999999999996,False,24.333491201490855
Xavier Legette,rec_yds,49.5,,580,5.8,28.2,22.2,,car_atl,64.0,True,,27.82654693336619,22.199999999999996,False,24.333491201490855
Jaylen Warren,rec,4.5,,270,2.7,2.6,22.2,,pit_ne,2.0,False,,2.4821802428824298,22.199999999999996,False,24.333491201490855
Tre Harris,rec,5.5,,580,5.8,3.5,22.1,,lv_lac,1.0,False,,2.6013881488536654,22.10000000000001,False,24.24397832091141
Matthew Golden,rec_yds,49.5,,-106,0.94,25.3,22.0,,gb_nyj,58.0,True,,31.339306737402573,21.999999999999996,False,24.15448608527122
Jadarian Price,rush_yds,89.5,,310,3.1,57.7,22.0,,sea_ari,52.0,False,,41.1814030681571,21.999999999999996,False,24.15448608527122
Rome Odunze,rec_yds,79.5,,410,4.1,50.0,22.0,,min_chi,43.0,False,,38.20287391542876,21.999999999999996,False,24.15448608527122
Chris Brooks,rush_yds,59.5,,630,6.3,37.2,22.0,,gb_nyj,11.0,False,,28.87878265471394,21.999999999999996,False,24.15448608527122
Bucky Irving,rush_yds,99.5,,400,4.0,62.5,22.0,,cle_tb,89.0,False,,47.91546897867336,21.999999999999996,False,24.15448608527122
Colston Loveland,rec_yds,79.5,,270,2.7,50.3,21.9,,min_chi,3.0,False,,37.64948864112402,21.9,False,24.065014346915557
Deshaun Watson,pass_yds,274.5,,850,8.5,199.7,21.9,,cle_tb,238.0,False,,96.44458049164648,21.9,False,24.065014346915557
Breece Hall,rush_yds,109.5,,490,4.9,66.6,21.9,,gb_nyj,29.0,False,,55.313803517267836,21.9,False,24.065014346915557
Trey McBride,rec_yds,89.5,,310,3.1,59.9,21.9,,sea_ari,41.0,False,,38.16523506086545,21.9,False,24.065014346915557
Christian Watson,rec_yds,79.5,,198,1.98,46.5,21.9,,gb_nyj,41.0,False,,42.549079628667556,21.9,False,24.065014346915557
Josh Oliver,rec_yds,14.5,,-102,0.98,7.1,21.8,,min_chi,24.0,True,,9.49977808864783,21.799999999999997,False,23.975562954124264
Joe Burrow,pass_yds,374.5,,1200,12.0,283.3,21.8,,cin_hou,207.0,False,,117.07834617360567,21.799999999999997,False,23.975562954124264
DeVonta Smith,rec,8.5,,880,8.8,6.1,21.8,,phi_ten,10.0,True,,3.081009109831729,21.799999999999997,False,23.975562954124264
Cooper Rush,pass_yds,249.5,,410,4.1,167.6,21.7,,car_atl,86.0,False,,104.68257493946378,21.699999999999985,False,23.886131751046058
Kenneth Walker III,rec,4.5,,265,2.65,2.3,21.7,,ind_kc,6.0,True,,2.811986140010016,21.699999999999985,False,23.886131751046058
Mack Hollins,rec_yds,69.5,,410,4.1,40.5,21.6,,pit_ne,18.0,False,,36.90629394432357,21.599999999999998,False,23.796720577631646
Mark Andrews,rec_yds,69.5,,225,2.25,43.3,21.6,,no_bal,49.0,False,,33.34292763245785,21.599999999999998,False,23.796720577631625
Josh Downs,rec_yds,59.5,,240,2.4,36.6,21.6,,ind_kc,72.0,True,,29.14324590775896,21.599999999999998,False,23.796720577631646
Jonathan Taylor,rush_yds,124.5,,320,3.2,79.7,21.6,,ind_kc,92.0,False,,57.01386098985159,21.599999999999998,False,23.796720577631646
Tony Pollard,rush_yds,99.5,,1200,12.0,63.1,21.6,,phi_ten,64.0,False,,46.323762054254416,21.599999999999998,False,23.796720577631646
De'Von Achane,rec_yds,59.5,,580,5.8,33.7,21.5,,mia_sf,19.0,False,,32.691678774222005,21.499999999999986,False,23.707329269565214
Wan'Dale Robinson,rec_yds,69.5,,410,4.1,44.1,21.5,,phi_ten,9.0,False,,32.18483104128833,21.499999999999986,False,23.707329269565204
Rachaad White,rec_yds,39.5,,850,8.5,18.0,21.5,,was_dal,40.0,True,,27.243065645185006,21.499999999999986,False,23.707329269565214
Bijan Robinson,rec_yds,49.5,,130,1.3,28.6,21.4,,car_atl,9.0,False,,26.368289737847626,21.4,False,23.617957658194612
Noah Gray,rec_yds,29.5,,350,3.5,16.3,21.4,,ind_kc,0.0,False,,16.65365667653534,21.4,False,23.617957658194612
Romeo Doubs,rec_yds,99.5,,1000,10.0,57.8,21.4,,pit_ne,96.0,False,,52.61041540996393,21.4,False,23.617957658194612
KC Concepcion,rec_yds,69.5,,520,5.2,38.1,21.4,,cle_tb,28.0,False,,39.6155166396371,21.4,False,23.617957658194612
Caleb Williams,pass_yds,299.5,,410,4.1,227.5,21.4,,min_chi,138.0,False,,90.83812732655642,21.4,False,23.617957658194612
Ashton Jeanty,rush_yds,124.5,,920,9.2,78.0,21.4,,lv_lac,48.0,False,,58.66629056506768,21.4,False,23.617957658194612
Tee Higgins,rec_yds,124.5,,920,9.2,78.0,21.3,,cin_hou,95.0,False,,58.41304074508834,21.299999999999997,False,23.52860557045989
Geno Smith,rush_yds,24.5,,640,6.4,14.2,21.3,,gb_nyj,17.0,False,,12.938802573643224,21.299999999999997,False,23.52860557045989
Justin Herbert,pass_yds,349.5,,1280,12.8,266.3,21.3,,lv_lac,192.0,False,,104.51537612884621,21.299999999999997,False,23.52860557045989
Drake Maye,pass_yds,249.5,,158,1.58,194.7,21.3,,pit_ne,208.0,False,,68.83945446948046,21.299999999999997,False,23.52860557045989
Chris Rodriguez Jr.,rush_yds,59.5,,640,6.4,36.9,21.3,,jax_den,13.0,False,,28.38999399653756,21.299999999999997,False,23.52860557045989
Jakobi Meyers,rec_yds,69.5,,410,4.1,40.2,21.2,,jax_den,28.0,False,,36.64786170882037,21.199999999999996,False,23.439272828820435
Keaton Mitchell,rush_yds,49.5,,550,5.5,25.1,21.2,,lv_lac,24.0,False,,30.519038419631983,21.199999999999996,False,23.439272828820435
Evan Engram,rec_yds,49.5,,490,4.9,28.6,21.1,,jax_den,17.0,False,,26.02881415127153,21.10000000000001,False,23.349959251180273
Brock Purdy,pass_yds,299.5,,360,3.6,232.9,21.1,,mia_sf,287.0,False,,82.94349389831022,21.10000000000001,False,23.349959251180273
Javonte Williams,rush_yds,89.5,,164,1.64,55.8,21.0,,was_dal,30.0,False,,41.7895735319555,20.999999999999996,False,23.260664650812068
Dontayvion Wicks,rec_yds,29.5,,-122,0.82,16.2,21.0,,phi_ten,74.0,True,,16.492621008160476,20.999999999999996,False,23.260664650812068
Kyle Pitts,rec_yds,79.5,,920,9.2,47.9,21.0,,car_atl,15.0,False,,39.18547547803542,20.999999999999996,False,23.260664650812068
Jordan Love,pass_yds,274.5,,140,1.4,215.9,21.0,,gb_nyj,145.0,False,,72.66673617129352,20.999999999999996,False,23.260664650812068
C.J. Stroud,pass_yds,324.5,,880,8.8,250.0,21.0,,cin_hou,353.0,True,,92.38347857954552,20.999999999999996,False,23.260664650812068
Derrick Henry,rec_yds,24.5,,450,4.5,10.0,20.9,,no_bal,19.0,False,,17.90353517800909,20.900000000000006,False,23.17138883627917
Justice Hill,rush_yds,39.5,,750,7.5,18.5,20.8,,no_bal,6.0,False,,25.818178436938524,20.799999999999997,False,23.08213161135605
Woody Marks,rush_yds,59.5,,490,4.9,36.6,20.7,,cin_hou,8.0,False,,28.033672929018167,20.700000000000006,False,22.992892774946895
Cooper Kupp,rec,3.5,,300,3.0,2.5,20.7,,sea_ari,2.0,False,,1.2241778571623654,20.700000000000006,False,22.992892774946895
Chris Olave,rec_yds,124.5,,640,6.4,85.0,20.7,,no_bal,86.0,False,,48.35502535791343,20.700000000000006,False,22.992892774946895
Tee Higgins,rec,8.5,,1280,12.8,5.9,20.7,,cin_hou,5.0,False,,3.18286242862215,20.700000000000006,False,22.992892774946895
Jaylen Warren,rush_yds,59.5,,220,2.2,36.1,20.7,,pit_ne,43.0,False,,28.64576185759935,20.700000000000006,False,22.992892774946895
MarShawn Lloyd,rush_yds,109.5,,880,8.8,69.1,20.7,,gb_nyj,20.0,False,,49.45678542935957,20.700000000000006,False,22.992892774946895
Trey McBride,rec,8.5,,280,2.8,6.3,20.6,,sea_ari,8.0,False,,2.681686889301521,20.599999999999994,False,22.90367212100255
Hunter Henry,rec,5.5,,450,4.5,3.4,20.6,,pit_ne,3.0,False,,2.559792030696906,20.599999999999994,False,22.90367212100255
Breece Hall,rec_yds,59.5,,1000,10.0,31.7,20.5,,gb_nyj,63.0,True,,33.742219840413526,20.500000000000007,False,22.814469438435392
Dalton Schultz,rec_yds,69.5,,350,3.5,41.9,20.4,,cin_hou,140.0,True,,33.35676683651879,20.399999999999995,False,22.725284511032328
Rico Dowdle,rec_yds,24.5,,225,2.25,11.4,20.4,,pit_ne,22.0,False,,15.832378462260728,20.399999999999995,False,22.725284511032328
DK Metcalf,rec,5.5,,164,1.64,3.8,20.4,,pit_ne,4.0,False,,2.054583464568186,20.399999999999995,False,22.725284511032317
Cooper Kupp,rec_yds,49.5,,360,3.6,31.0,20.4,,sea_ari,20.0,False,,22.358702408536143,20.399999999999995,False,22.725284511032328
Rashee Rice,rec_yds,89.5,,430,4.3,60.4,20.4,,ind_kc,83.0,False,,35.16963459937307,20.399999999999995,False,22.725284511032328
Alec Pierce,rec_yds,79.5,,320,3.2,45.4,20.3,,ind_kc,11.0,False,,41.03720288045282,20.300000000000008,False,22.636117117365963
Braelon Allen,rush_yds,24.5,,-114,0.88,12.2,20.3,,gb_nyj,7.0,False,,14.802275525793831,20.300000000000008,False,22.636117117365963
Saquon Barkley,rec,5.5,,1280,12.8,3.0,20.3,,phi_ten,1.0,False,,3.0085925865434615,20.300000000000008,False,22.636117117365963
George Pickens,rec,8.5,,1000,10.0,6.0,20.3,,was_dal,6.0,False,,3.0085925865434615,20.300000000000008,False,22.636117117365963
Courtland Sutton,rec,7.5,,1280,12.8,4.5,20.2,,jax_den,3.0,False,,3.594972496425005,20.199999999999996,False,22.54696703070349
MarShawn Lloyd,rec,3.5,,880,8.8,1.6,20.2,,gb_nyj,2.0,False,,2.276815914402503,20.199999999999996,False,22.54696703070349
Jacory Croskey-Merritt,rush_yds,79.5,,320,3.2,50.2,20.2,,was_dal,43.0,False,,35.110898048417546,20.199999999999996,False,22.54696703070349
Kirk Cousins,pass_yds,324.5,,1400,14.0,241.3,20.2,,lv_lac,253.0,False,,99.70057056752013,20.199999999999996,False,22.54696703070349
Dallas Goedert,rec,5.5,,350,3.5,3.8,20.1,,phi_ten,1.0,False,,2.0285072813312794,20.10000000000001,False,22.45783401891378
Tetairoa McMillan,rec,7.5,,640,6.4,5.3,20.1,,car_atl,5.0,False,,2.625127069958126,20.10000000000001,False,22.45783401891377
Greg Dulcich,rec,4.5,,630,6.3,3.0,20.1,,mia_sf,2.0,False,,1.7898593658805404,20.10000000000001,False,22.45783401891377
Harold Fannin Jr.,rec_yds,69.5,,580,5.8,41.9,20.1,,cle_tb,54.0,False,,32.93341233220195,20.10000000000001,False,22.45783401891378
Rhamondre Stevenson,rush_yds,59.5,,162,1.62,35.0,20.0,,pit_ne,43.0,False,,29.110482272400308,19.999999999999996,False,22.368717844371965
Rachaad White,rush_yds,49.5,,520,5.2,29.5,20.0,,was_dal,43.0,False,,23.7636589978778,19.999999999999996,False,22.368717844371965
Tyjae Spears,rush_yds,49.5,,880,8.8,25.3,20.0,,phi_ten,41.0,False,,28.75402738743214,19.999999999999996,False,22.368717844371965
Woody Marks,rec_yds,24.5,,270,2.7,9.9,19.9,,cin_hou,27.0,True,,17.2740479195552,19.899999999999995,False,22.279618263862243
Daniel Jones,pass_yds,274.5,,320,3.2,211.0,19.9,,ind_kc,210.0,False,,75.1302769103942,19.899999999999995,False,22.279618263862243
Mike Evans,rec_yds,99.5,,630,6.3,59.0,19.9,,mia_sf,54.0,False,,47.917735667259294,19.899999999999995,False,22.279618263862243
Andrei Iosivas,rec_yds,49.5,,700,7.0,24.0,19.9,,cin_hou,7.0,False,,30.170426160866963,19.899999999999995,False,22.279618263862243
Pat Bryant,rec,5.5,,550,5.5,3.3,19.8,,jax_den,0.0,False,,2.591935095713563,19.799999999999997,False,22.190535028478063
Devaughn Vele,rec,6.5,,550,5.5,4.0,19.7,,no_bal,5.0,False,,2.9329442207863132,19.700000000000006,False,22.101467883519987
Brock Purdy,rush_yds,24.5,,270,2.7,13.8,19.7,,mia_sf,30.0,True,,12.553001264965419,19.699999999999996,False,22.101467883519987
C.J. Stroud,rush_yds,24.5,,360,3.6,13.8,19.7,,cin_hou,29.0,True,,12.553001264965419,19.699999999999996,False,22.101467883519987
Kenneth Walker III,rec_yds,29.5,,178,1.78,13.7,19.6,,ind_kc,61.0,True,,18.458030490535606,19.599999999999994,False,22.01241656839149
Dallas Goedert,rec_yds,79.5,,680,6.8,48.5,19.6,,phi_ten,4.0,False,,36.215123114342006,19.599999999999994,False,22.01241656839149
D'Andre Swift,rush_yds,109.5,,630,6.3,63.7,19.5,,min_chi,45.0,False,,53.2795193596288,19.500000000000007,False,21.92338081649188
Jalen Coker,rec_yds,59.5,,134,1.34,33.1,19.4,,car_atl,66.0,True,,30.582100691763465,19.399999999999995,False,21.834360355106863
Emeka Egbuka,rec,6.5,,550,5.5,4.5,19.4,,cle_tb,3.0,False,,2.3168258099820807,19.399999999999995,False,21.834360355106863
Baker Mayfield,pass_yds,349.5,,1500,15.0,262.1,19.3,,cle_tb,182.0,False,,100.8196886813915,19.300000000000004,False,21.745354905296587
DeVonta Smith,rec_yds,124.5,,850,8.5,80.5,19.3,,phi_ten,117.0,False,,50.75590734532297,19.300000000000004,False,21.745354905296587
Jacoby Brissett,pass_yds,299.5,,580,5.8,229.8,19.3,,sea_ari,95.0,False,,80.4019714083866,19.300000000000004,False,21.745354905296587
Jordan Addison,rec_yds,79.5,,470,4.7,44.5,19.2,,min_chi,21.0,False,,40.20447628154016,19.199999999999996,False,21.656364181780607
Denzel Boston,rec,5.5,,750,7.5,3.4,19.2,,cle_tb,5.0,False,,2.41226857689241,19.199999999999996,False,21.656364181780607
Emmett Johnson,rec_yds,24.5,,410,4.1,10.6,19.2,,ind_kc,20.0,False,,15.966920580383093,19.199999999999996,False,21.656364181780607
Rome Odunze,rec,6.5,,1500,15.0,4.1,19.2,,min_chi,3.0,False,,2.756878373591326,19.199999999999996,False,21.656364181780607
CeeDee Lamb,rec,9.5,,700,7.0,6.9,19.2,,was_dal,8.0,False,,2.9866182380572686,19.199999999999996,False,21.656364181780607
Mark Andrews,rec,5.5,,225,2.25,3.5,19.1,,no_bal,6.0,True,,2.2877610739952177,19.100000000000005,False,21.56738789282069
Jonathan Taylor,rec,5.5,,700,7.0,2.5,19.1,,ind_kc,4.0,False,,3.4316416109928265,19.100000000000005,False,21.56738789282069
Geno Smith,pass_yds,299.5,,750,7.5,217.2,19.1,,gb_nyj,247.0,False,,94.14136819490322,19.100000000000005,False,21.56738789282069
Jalen Nailor,rec,5.5,,750,7.5,3.1,19.0,,lv_lac,1.0,False,,2.7338080972991805,18.999999999999993,False,21.478425740100015
Juwan Johnson,rec,6.5,,520,5.2,4.0,19.0,,no_bal,4.0,False,,2.8477167680199797,18.999999999999993,False,21.478425740100025
Jahan Dotson,rec_yds,29.5,,205,2.05,13.3,19.0,,car_atl,11.0,False,,18.45320465676947,18.999999999999993,False,21.478425740100015
Xavier Hutchinson,rec_yds,49.5,,225,2.25,23.7,19.0,,cin_hou,37.0,False,,29.38843704596619,18.999999999999993,False,21.478425740100025
Drake London,rec,8.5,,850,8.5,5.6,19.0,,car_atl,4.0,False,,3.3033514509031767,18.999999999999993,False,21.478425740100025
Jordan Addison,rec,5.5,,430,4.3,3.5,19.0,,min_chi,2.0,False,,2.2781734144159835,18.999999999999993,False,21.478425740100015
Saquon Barkley,rec_yds,39.5,,880,8.8,18.4,18.9,,phi_ten,11.0,False,,23.934100315633902,18.899999999999995,False,21.389477418600165
Jayden Reed,rec_yds,79.5,,640,6.4,45.8,18.9,,gb_nyj,4.0,False,,38.22650145198401,18.899999999999995,False,21.389477418600165
Carnell Tate,rec,6.5,,580,5.8,4.1,18.8,,phi_ten,3.0,False,,2.710974689914267,18.799999999999994,False,21.300542616474438
Jalen Hurts,rush_yds,69.5,,880,8.8,38.5,18.8,,phi_ten,16.0,False,,35.016756411392606,18.799999999999994,False,21.300542616474438
Makai Lemon,rec,6.5,,1500,15.0,4.0,18.7,,phi_ten,1.0,False,,2.8121303541090126,18.700000000000006,False,21.211621014918602
Denzel Boston,rec_yds,59.5,,320,3.2,30.4,18.7,,cle_tb,95.0,True,,32.733197321828904,18.700000000000006,False,21.21162101491859
David Njoku,rec_yds,39.5,,230,2.3,21.9,18.7,,lv_lac,9.0,False,,19.797397692927447,18.700000000000006,False,21.21162101491859
Jalen Nailor,rec_yds,79.5,,680,6.8,39.9,18.7,,lv_lac,9.0,False,,44.54414480908676,18.700000000000006,False,21.21162101491859
Javonte Williams,rec_yds,39.5,,630,6.3,19.8,18.6,,was_dal,20.0,False,,22.067060188423813,18.600000000000005,False,21.122712288037803
Tucker Kraft,rec_yds,99.5,,880,8.8,60.2,18.6,,gb_nyj,15.0,False,,44.02210484289623,18.600000000000005,False,21.122712288037803
Chase Brown,rush_yds,109.5,,750,7.5,65.8,18.6,,cin_hou,80.0,False,,48.9507883367574,18.600000000000005,False,21.122712288037803
Jeremiyah Love,rush_yds,99.5,,1500,15.0,66.8,18.5,,sea_ari,29.0,False,,36.47626501028993,18.499999999999993,False,21.033816102710958
Kenyon Sadiq,rec_yds,49.5,,630,6.3,24.8,18.4,,gb_nyj,17.0,False,,27.437555005429413,18.399999999999995,False,20.944932118450833
Tyquan Thornton,rec_yds,24.5,,174,1.74,12.0,18.4,,ind_kc,86.0,True,,13.885402330682902,18.399999999999995,False,20.944932118450833
Cole Kmet,rec,2.5,,270,2.7,1.7,18.4,,min_chi,0.0,False,,0.8886657491637058,18.399999999999995,False,20.944932118450833
Kenneth Walker III,rush_yds,89.5,,122,1.22,60.3,18.4,,ind_kc,117.0,True,,32.436299844475265,18.399999999999995,False,20.944932118450833
Brian Thomas Jr.,rec_yds,109.5,,1400,14.0,60.2,18.4,,jax_den,40.0,False,,54.764026792213365,18.399999999999995,False,20.944932118450833
Luther Burden III,rec_yds,109.5,,880,8.8,69.1,18.4,,min_chi,32.0,False,,44.87762033276715,18.399999999999995,False,20.944932118450854
Rico Dowdle,rush_yds,79.5,,880,8.8,48.9,18.4,,pit_ne,22.0,False,,33.99146490551175,18.399999999999995,False,20.944932118450833
MarShawn Lloyd,rec_yds,29.5,,850,8.5,10.8,18.3,,gb_nyj,6.0,False,,20.686039157458392,18.300000000000004,False,20.85605998726139
Michael Wilson,rec_yds,79.5,,630,6.3,44.8,18.3,,sea_ari,18.0,False,,38.38532399806451,18.300000000000004,False,20.85605998726139
Jaxon Smith-Njigba,rec_yds,124.5,,370,3.7,81.3,18.3,,sea_ari,155.0,True,,47.78806906963651,18.300000000000004,False,20.8560599872614
Tyler Warren,rec_yds,79.5,,550,5.5,49.5,18.3,,ind_kc,21.0,False,,33.18615907613646,18.300000000000004,False,20.8560599872614
De'Von Achane,rec,8.5,,1200,12.0,5.0,18.3,,mia_sf,3.0,False,,3.8717185588825873,18.300000000000004,False,20.8560599872614
Ashton Jeanty,rec_yds,49.5,,390,3.9,23.6,18.3,,lv_lac,15.0,False,,28.650717335731144,18.300000000000004,False,20.8560599872614
Caleb Douglas,rec,5.5,,680,6.8,3.4,18.2,,mia_sf,2.0,False,,2.3133625120742205,18.199999999999996,False,20.767199353490863
Bijan Robinson,rush_yds,109.5,,250,2.5,71.0,18.2,,car_atl,72.0,False,,42.411646054694046,18.199999999999996,False,20.767199353490874
Jaxon Smith-Njigba,rec,9.5,,470,4.7,6.8,18.2,,sea_ari,9.0,False,,2.974323229809712,18.199999999999996,False,20.767199353490863
Luther Burden III,rec,8.5,,1200,12.0,6.1,18.1,,min_chi,3.0,False,,2.6328470585365618,18.100000000000005,False,20.67834985368162
Saquon Barkley,rush_yds,149.5,,1100,11.0,88.4,18.1,,phi_ten,9.0,False,,67.02789803190996,18.100000000000005,False,20.67834985368162
Quinshon Judkins,rush_yds,89.5,,450,4.5,58.0,18.1,,cle_tb,21.0,False,,34.55611764329237,18.100000000000005,False,20.67834985368162
Ashton Jeanty,rec,7.5,,750,7.5,4.1,18.0,,lv_lac,4.0,False,,3.714364951379755,17.999999999999993,False,20.58951111641567
Jayden Daniels,rush_yds,89.5,,1200,12.0,48.8,18.0,,was_dal,69.0,False,,44.4631333885753,17.999999999999993,False,20.58951111641567
Woody Marks,rec,2.5,,310,3.1,1.3,18.0,,cin_hou,5.0,True,,1.31095233578109,17.999999999999993,False,20.58951111641567
Quentin Johnston,rec_yds,99.5,,580,5.8,53.8,18.0,,lv_lac,7.0,False,,49.92543478766318,17.999999999999993,False,20.58951111641567
Bryce Young,pass_yds,274.5,,280,2.8,189.9,18.0,,car_atl,287.0,True,,92.42213967256683,17.999999999999993,False,20.58951111641567
Omarion Hampton,rush_yds,109.5,,630,6.3,63.1,17.9,,lv_lac,94.0,False,,50.47962524294867,17.900000000000006,False,20.500682762156654
Jayden Reed,rec,5.5,,400,4.0,3.6,17.9,,gb_nyj,1.0,False,,2.0670536198621225,17.900000000000006,False,20.500682762156654
Ryan Flournoy,rec,5.5,,800,8.0,3.5,17.9,,was_dal,5.0,False,,2.1758459156443393,17.900000000000006,False,20.500682762156654
Tyler Shough,pass_yds,349.5,,1100,11.0,227.7,17.8,,no_bal,252.0,False,,131.9590200443575,17.799999999999994,False,20.411864403087222
David Montgomery,rush_yds,89.5,,290,2.9,55.0,17.8,,cin_hou,10.0,False,,37.37755493867269,17.800000000000004,False,20.411864403087222
Ryan Flournoy,rec_yds,59.5,,390,3.9,32.4,17.8,,was_dal,23.0,False,,29.36034025617478,17.800000000000004,False,20.411864403087222
Kalif Raymond,rec_yds,24.5,,-104,0.96,12.4,17.8,,min_chi,40.0,True,,13.109229413273608,17.800000000000004,False,20.411864403087222
Courtland Sutton,rec_yds,109.5,,1280,12.8,59.5,17.8,,jax_den,25.0,False,,54.17036947633723,17.800000000000004,False,20.411864403087222
Malik Washington,rec,6.5,,750,7.5,4.4,17.7,,mia_sf,4.0,False,,2.2657179828015384,17.700000000000003,False,20.323055642942755
George Holani,rush_yds,79.5,,1200,12.0,46.2,17.7,,sea_ari,13.0,False,,35.92781372728154,17.700000000000003,False,20.323055642942755
Carson Wentz,rush_yds,29.5,,800,8.0,15.0,17.6,,min_chi,6.0,False,,15.579387500216606,17.599999999999994,False,20.23425607684004
Stefon Diggs,rec_yds,79.5,,370,3.7,50.3,17.6,,was_dal,47.0,False,,31.37366310388448,17.599999999999994,False,20.23425607684004
Rashid Shaheed,rec,3.5,,370,3.7,2.1,17.6,,sea_ari,3.0,False,,1.5042167241588447,17.599999999999994,False,20.23425607684004
Pat Bryant,rec_yds,79.5,,880,8.8,43.0,17.6,,jax_den,0.0,False,,39.21707887985559,17.599999999999994,False,20.23425607684005
Bo Nix,pass_yds,299.5,,550,5.5,220.4,17.6,,jax_den,288.0,False,,84.98824491497473,17.599999999999994,False,20.23425607684004
Emeka Egbuka,rec_yds,109.5,,750,7.5,63.3,17.6,,cle_tb,16.0,False,,49.63915189724188,17.599999999999994,False,20.23425607684004
Christian Watson,rec,5.5,,250,2.5,3.2,17.6,,gb_nyj,4.0,False,,2.4712131896895304,17.599999999999994,False,20.23425607684004
Caleb Douglas,rec_yds,79.5,,490,4.9,40.4,17.6,,mia_sf,19.0,False,,42.01062422472202,17.599999999999994,False,20.23425607684004
Carson Wentz,pass_yds,324.5,,880,8.8,210.3,17.5,,min_chi,143.0,False,,122.19271191180519,17.500000000000004,False,20.14546529110205
Garrett Wilson,rec,8.5,,430,4.3,5.6,17.5,,gb_nyj,5.0,False,,3.1029672902297296,17.500000000000004,False,20.14546529110205
Jalen Hurts,pass_yds,324.5,,1200,12.0,240.0,17.5,,phi_ten,264.0,False,,90.4140469049697,17.500000000000004,False,20.14546529110205
Cole Kmet,rec_yds,29.5,,320,3.2,15.3,17.5,,min_chi,0.0,False,,15.193839834917984,17.500000000000004,False,20.14546529110205
Kyle Monangai,rush_yds,69.5,,450,4.5,35.0,17.5,,min_chi,47.0,False,,36.91461086652609,17.500000000000004,False,20.14546529110205
Jakobi Meyers,rec,6.5,,630,6.3,3.8,17.5,,jax_den,1.0,False,,2.888969546075955,17.500000000000004,False,20.14546529110205
Tre Tucker,rec_yds,79.5,,580,5.8,39.9,17.4,,lv_lac,119.0,True,,42.196084637061546,17.39999999999999,False,20.0566828630776
Tre Tucker,rec,6.5,,880,8.8,3.7,17.4,,lv_lac,5.0,False,,2.9835615399942506,17.39999999999999,False,20.0566828630776
Cade Otton,rec_yds,59.5,,550,5.5,32.3,17.4,,cle_tb,38.0,False,,28.983169245658438,17.39999999999999,False,20.0566828630776
Xavier Worthy,rec_yds,59.5,,255,2.55,32.4,17.3,,ind_kc,25.0,False,,28.757088927828345,17.300000000000004,False,19.967908360956443
Quentin Johnston,rec,7.5,,920,9.2,4.6,17.3,,lv_lac,1.0,False,,3.0773268594355057,17.300000000000004,False,19.967908360956443
Garrett Wilson,rec_yds,109.5,,390,3.9,64.1,17.3,,gb_nyj,57.0,False,,48.1760825580593,17.300000000000004,False,19.967908360956443
Travis Kelce,rec_yds,69.5,,320,3.2,42.2,17.3,,ind_kc,101.0,True,,28.9693183664101,17.300000000000004,False,19.967908360956443
Jeremiyah Love,rec_yds,59.5,,1280,12.8,25.3,17.2,,sea_ari,16.0,False,,36.141088801308356,17.199999999999992,False,19.879141343579143
Derrick Henry,rush_yds,149.5,,630,6.3,95.1,17.2,,no_bal,68.0,False,,57.487579847695166,17.199999999999992,False,19.879141343579143
Justin Herbert,pass_td,3.0,,280,2.8,1.42,17.2,,lv_lac,1.0,False,,1.6696760323411464,17.199999999999992,False,19.879141343579143
Aaron Rodgers,pass_yds,274.5,,370,3.7,202.5,17.2,,pit_ne,187.0,False,,76.08650273959654,17.199999999999992,False,19.879141343579143
Tyler Warren,rec,6.5,,270,2.7,4.5,17.2,,ind_kc,6.0,False,,2.1135139649887926,17.199999999999992,False,19.879141343579143
Travis Kelce,rec,5.5,,280,2.8,3.9,17.1,,ind_kc,9.0,True,,1.6838189204767573,17.100000000000005,False,19.790381360242225
Chuba Hubbard,rec_yds,24.5,,260,2.6,9.8,17.1,,car_atl,11.0,False,,15.470086331880205,17.100000000000005,False,19.790381360242225
George Kittle,rec_yds,109.5,,1400,14.0,65.9,17.0,,mia_sf,80.0,False,,45.69439083663607,17.000000000000004,False,19.701627950497514
Mack Hollins,rec,6.5,,880,8.8,3.7,17.0,,pit_ne,2.0,False,,2.934502163820665,17.000000000000004,False,19.701627950497514
Jalen Hurts,pass_td,3.0,,520,5.2,1.41,17.0,,phi_ten,2.0,False,,1.6663780144553064,17.000000000000004,False,19.701627950497514
Michael Mayer,rec_yds,39.5,,-158,0.63,20.3,16.9,,lv_lac,23.0,False,,20.03915012393033,16.900000000000006,False,19.612880643946305
Chuba Hubbard,rec,4.5,,680,6.8,1.9,16.8,,car_atl,2.0,False,,2.702425285787999,16.800000000000004,False,19.52413896002777
Patrick Mahomes,pass_yds,299.5,,520,5.2,222.2,16.7,,ind_kc,382.0,True,,80.0133903178918,16.700000000000003,False,19.43540240780155
Juwan Johnson,rec_yds,79.5,,700,7.0,43.1,16.7,,no_bal,66.0,False,,37.67771549251308,16.700000000000003,False,19.43540240780155
Bryce Young,rush_yds,29.5,,410,4.1,15.7,16.7,,car_atl,6.0,False,,14.284408620787927,16.700000000000003,False,19.43540240780155
Chris Olave,rec,10.5,,1100,11.0,7.1,16.7,,no_bal,8.0,False,,3.519347051498475,16.700000000000003,False,19.43540240780155
C.J. Stroud,pass_td,3.0,,410,4.1,1.4,16.6,,cin_hou,0.0,False,,1.6493259344712827,16.600000000000005,False,19.346670485724093
Antonio Williams,rec_yds,24.5,,-132,0.76,8.1,16.6,,was_dal,24.0,False,,16.905590828330645,16.600000000000005,False,19.346670485724093
Parker Washington,rec,9.5,,1500,15.0,5.4,16.6,,jax_den,7.0,False,,4.226397707082661,16.600000000000005,False,19.346670485724093
Jalen Coker,rec,4.5,,-106,0.94,2.7,16.5,,car_atl,8.0,True,,1.8478332383826683,16.500000000000004,False,19.25794268141904
Keenan Allen,rec,4.5,,168,1.68,3.1,16.5,,ind_kc,1.0,False,,1.4372036298531865,16.500000000000004,False,19.25794268141904
Dak Prescott,rush_yds,24.5,,550,5.5,13.0,16.5,,was_dal,26.0,True,,11.805601245222604,16.500000000000004,False,19.25794268141904
Kayshon Boutte,rec_yds,69.5,,370,3.7,36.7,16.4,,cin_hou,37.0,False,,33.53267944676408,16.39999999999999,False,19.169218471440786
Bucky Irving,rush_yds,109.5,,580,5.8,62.5,16.4,,cle_tb,89.0,False,,48.0498760365217,16.39999999999999,False,19.169218471440796
TreVeyon Henderson,rush_yds,69.5,,490,4.9,38.8,16.4,,pit_ne,76.0,True,,31.385770091940778,16.39999999999999,False,19.169218471440796
Malik Washington,rec_yds,89.5,,920,9.2,42.9,16.4,,mia_sf,43.0,False,,47.64094092131727,16.39999999999999,False,19.169218471440796
Germie Bernard,rec,1.5,,102,1.02,0.9,16.4,,pit_ne,4.0,True,,0.61340267280666,16.39999999999999,False,19.169218471440796
Romeo Doubs,rec_yds,109.5,,1400,14.0,57.8,16.3,,pit_ne,96.0,False,,52.6367930424455,16.300000000000004,False,19.080497321031654
Brenton Strange,rec_yds,59.5,,470,4.7,31.4,16.3,,jax_den,17.0,False,,28.609166044346583,16.300000000000004,False,19.080497321031654
Xavier Hutchinson,rec,4.5,,310,3.1,2.3,16.3,,cin_hou,3.0,False,,2.239863533721085,16.300000000000004,False,19.080497321031654
Joe Burrow,pass_td,4.0,,920,9.2,2.1,16.2,,cin_hou,2.0,False,,1.9264476239956192,16.200000000000003,False,18.991778683871807
Cam Ward,pass_yds,299.5,,1100,11.0,221.1,16.2,,phi_ten,183.0,False,,79.49131248487187,16.200000000000003,False,18.991778683871797
Carson Wentz,pass_td,3.0,,490,4.9,1.38,16.2,,min_chi,0.0,False,,1.6425500794067913,16.200000000000003,False,18.991778683871807
Chuba Hubbard,rush_yds,69.5,,162,1.62,36.9,16.2,,car_atl,53.0,False,,33.05378554855642,16.200000000000014,False,18.991778683871807
Caleb Williams,rush_yds,49.5,,410,4.1,26.1,16.2,,min_chi,42.0,False,,23.725723369209206,16.200000000000014,False,18.991778683871807
Brian Thomas Jr.,rec,6.5,,1700,17.0,3.7,16.2,,jax_den,3.0,False,,2.838975445888281,16.200000000000003,False,18.991778683871807
Drake Maye,rush_yds,59.5,,680,6.8,31.3,16.1,,pit_ne,20.0,False,,28.47460067125958,16.1,False,18.903062001822214
Matthew Golden,rec,4.5,,138,1.38,2.3,16.1,,gb_nyj,4.0,False,,2.22142274740323,16.1,False,18.903062001822214
Bijan Robinson,rec,6.5,,220,2.2,3.8,16.1,,car_atl,3.0,False,,2.7262915536312367,16.1,False,18.903062001822214
Hunter Henry,rec_yds,69.5,,360,3.6,36.5,16.1,,pit_ne,40.0,False,,33.32134121104845,16.1,False,18.903062001822214
Dak Prescott,pass_yds,374.5,,880,8.8,273.0,16.0,,was_dal,279.0,False,,102.06565980692359,16.000000000000004,False,18.814346704660135
Jerry Jeudy,rec,5.5,,880,8.8,3.3,16.0,,cle_tb,0.0,False,,2.212260606652531,16.000000000000004,False,18.814346704660135
Jaylen Waddle,rec,7.5,,750,7.5,4.2,16.0,,jax_den,8.0,True,,3.3183909099787963,16.000000000000004,False,18.814346704660135
Tyjae Spears,rec_yds,29.5,,265,2.65,13.2,16.0,,phi_ten,29.0,False,,16.39083994928921,16.000000000000004,False,18.814346704660135
Christian McCaffrey,rec_yds,49.5,,154,1.54,26.0,16.0,,mia_sf,43.0,False,,23.630965571061125,16.000000000000004,False,18.814346704660135
Harold Fannin Jr.,rec,6.5,,520,5.2,4.2,16.0,,cle_tb,5.0,False,,2.3128179069549186,16.000000000000004,False,18.814346704660135
KC Concepcion,rec,7.5,,1500,15.0,4.3,16.0,,cle_tb,6.0,False,,3.2178336096764086,16.000000000000004,False,18.814346704660135
Marvin Harrison Jr.,rec_yds,89.5,,920,9.2,49.5,15.9,,sea_ari,0.0,False,,40.057030371188894,15.900000000000002,False,18.725632209806786
Carnell Tate,rec_yds,79.5,,430,4.3,40.9,15.9,,phi_ten,27.0,False,,38.65503430819728,15.900000000000002,False,18.725632209806786
Makai Lemon,rec_yds,79.5,,1100,11.0,40.2,15.9,,phi_ten,14.0,False,,39.35603233969309,15.900000000000002,False,18.725632209806786
Tony Pollard,rush_yds,109.5,,1500,15.0,63.1,15.9,,phi_ten,64.0,False,,46.46615523057911,15.900000000000002,False,18.725632209806786
Christian McCaffrey,rec,7.5,,430,4.3,4.5,15.8,,mia_sf,4.0,False,,2.991887004646114,15.800000000000002,False,18.636917922047104
Derrick Henry,rec,2.5,,550,5.5,1.2,15.8,,no_bal,3.0,True,,1.2964843686799827,15.800000000000002,False,18.636917922047104
Christian Watson,rec_yds,89.5,,280,2.8,46.5,15.7,,gb_nyj,41.0,False,,42.70684828675352,15.700000000000003,False,18.548203233241367
Terry McLaurin,rec_yds,89.5,,350,3.5,53.1,15.7,,was_dal,50.0,False,,36.151843665996005,15.700000000000003,False,18.548203233241367
Travis Etienne,rush_yds,89.5,,750,7.5,51.9,15.6,,no_bal,25.0,False,,37.18963733813587,15.600000000000003,False,18.459487522028017
Parker Washington,rec_yds,124.5,,880,8.8,64.9,15.6,,jax_den,98.0,False,,58.94953152534301,15.600000000000003,False,18.459487522028017
Emmett Johnson,rush_yds,14.5,,-160,0.62,4.0,15.6,,ind_kc,15.0,True,,10.385404043894324,15.600000000000003,False,18.459487522028017
Jaylen Waddle,rec_yds,124.5,,1100,11.0,64.7,15.5,,jax_den,138.0,True,,58.903370931092,15.500000000000004,False,18.370770153517803
Chase Brown,rec_yds,49.5,,680,6.8,23.2,15.5,,cin_hou,2.0,False,,25.90566313524615,15.500000000000004,False,18.370770153517803
Darnell Washington,rec_yds,24.5,,220,2.2,12.9,15.5,,pit_ne,7.0,False,,11.426071953188416,15.500000000000004,False,18.370770153517803
Jadarian Price,rush_yds,99.5,,450,4.5,57.7,15.5,,sea_ari,52.0,False,,41.173259279592735,15.500000000000004,False,18.370770153517803
Cooper Rush,pass_yds,274.5,,750,7.5,167.6,15.4,,car_atl,86.0,False,,104.86276621105165,15.400000000000013,False,18.28205047897864
Wan'Dale Robinson,rec,6.5,,390,3.9,4.4,15.3,,phi_ten,1.0,False,,2.0514798118196285,15.300000000000002,False,18.193327835510985
Tony Pollard,rec_yds,29.5,,490,4.9,12.7,15.3,,phi_ten,1.0,False,,16.41183849455703,15.300000000000002,False,18.193327835510985
Drake London,rec_yds,124.5,,920,9.2,71.5,15.3,,car_atl,51.0,False,,51.77544286973349,15.300000000000002,False,18.193327835510985
Adonai Mitchell,rec,4.5,,400,4.0,2.0,15.3,,gb_nyj,6.0,True,,2.4422378712138437,15.300000000000002,False,18.193327835510985
Pat Freiermuth,rec_yds,39.5,,154,1.54,21.3,15.2,,pit_ne,32.0,False,,17.706117151480505,15.200000000000003,False,18.10460154571334
Kenyon Sadiq,rec,4.5,,450,4.5,2.6,15.2,,gb_nyj,2.0,False,,1.8484408015281846,15.200000000000003,False,18.10460154571334
Malik Willis,pass_td,3.0,,1280,12.8,1.33,15.1,,mia_sf,1.0,False,,1.6179756780682146,15.100000000000001,False,18.015870917337363
Rome Odunze,rec_yds,89.5,,630,6.3,50.0,15.1,,min_chi,43.0,False,,38.26948460101466,15.100000000000001,False,18.015870917337363
David Njoku,rec,3.5,,168,1.68,2.2,15.1,,lv_lac,1.0,False,,1.2595020248435203,15.100000000000001,False,18.015870917337363
Justice Hill,rec_yds,39.5,,580,5.8,15.9,15.0,,no_bal,12.0,False,,22.770397248130543,14.999999999999991,False,17.927135242932557
Deshaun Watson,pass_yds,299.5,,1280,12.8,199.7,15.0,,cle_tb,238.0,False,,96.29176463404356,14.999999999999991,False,17.927135242932557
Trey McBride,rec_yds,99.5,,470,4.7,59.9,15.0,,sea_ari,41.0,False,,38.20795470449023,14.999999999999991,False,17.927135242932557
Jerry Jeudy,rec_yds,79.5,,750,7.5,41.9,15.0,,cle_tb,0.0,False,,36.27826002244527,14.999999999999991,False,17.927135242932557
Jaylin Noel,rec_yds,49.5,,320,3.2,25.0,14.9,,cin_hou,31.0,False,,23.541125546905253,14.900000000000002,False,17.838393799479803
Adonai Mitchell,rec_yds,59.5,,280,2.8,23.8,14.9,,gb_nyj,63.0,True,,34.30278293977623,14.900000000000002,False,17.838393799479803
David Montgomery,rec,4.5,,850,8.5,2.2,14.8,,cin_hou,2.0,False,,2.200852266405928,14.800000000000002,False,17.749645848013383
Breece Hall,rush_yds,124.5,,800,8.0,66.6,14.8,,gb_nyj,29.0,False,,55.40406357604489,14.800000000000002,False,17.749645848013383
Alvin Kamara,rush_yds,49.5,,920,9.2,28.3,14.8,,no_bal,15.0,False,,20.286116542524205,14.800000000000002,False,17.749645848013383
Colston Loveland,rec_yds,89.5,,400,4.0,50.3,14.8,,min_chi,3.0,False,,37.51017775787495,14.800000000000002,False,17.749645848013383
Jake Ferguson,rec_yds,59.5,,700,7.0,30.6,14.8,,was_dal,43.0,False,,27.654187173535355,14.800000000000002,False,17.749645848013383
KC Concepcion,rec_yds,79.5,,750,7.5,38.1,14.8,,cle_tb,28.0,False,,39.6153407953067,14.800000000000002,False,17.749645848013383
Javonte Williams,rush_yds,99.5,,230,2.3,55.8,14.8,,was_dal,30.0,False,,41.81619306171263,14.800000000000002,False,17.749645848013383
Devaughn Vele,rec_yds,79.5,,520,5.2,43.7,14.8,,no_bal,64.0,False,,34.256743972753135,14.800000000000002,False,17.749645848013383
Tetairoa McMillan,rec_yds,124.5,,880,8.8,72.1,14.7,,car_atl,101.0,False,,49.93390976960031,14.700000000000003,False,17.660890633231308
Bucky Irving,rec_yds,49.5,,750,7.5,20.6,14.6,,cle_tb,1.0,False,,27.426008322478534,14.600000000000001,False,17.57212738309302
DK Metcalf,rec_yds,89.5,,280,2.8,53.4,14.6,,pit_ne,27.0,False,,34.25878548240398,14.600000000000001,False,17.57212738309302
Mike Evans,rec_yds,109.5,,850,8.5,59.0,14.6,,mia_sf,54.0,False,,47.92433980225488,14.600000000000001,False,17.57212738309302
Caleb Williams,pass_td,3.0,,270,2.7,1.31,14.6,,min_chi,0.0,False,,1.6038046389269454,14.600000000000001,False,17.57212738309302
J.K. Dobbins,rush_yds,89.5,,350,3.5,55.3,14.6,,jax_den,36.0,False,,32.45569150964588,14.600000000000001,False,17.57212738309302
Lamar Jackson,pass_yds,299.5,,630,6.3,220.1,14.5,,no_bal,235.0,False,,75.03863324683905,14.500000000000002,False,17.48335530840448
Mack Hollins,rec_yds,79.5,,630,6.3,40.5,14.5,,pit_ne,18.0,False,,36.85776696003429,14.500000000000002,False,17.48335530840448
T.J. Hockenson,rec,4.5,,174,1.74,2.9,14.5,,min_chi,3.0,False,,1.5121135163090993,14.500000000000002,False,17.48335530840448
Jonathan Taylor,rec_yds,29.5,,230,2.3,12.9,14.4,,ind_kc,40.0,True,,15.623245586712347,14.400000000000013,False,17.394573602389897
Mike Evans,rec,7.5,,1100,11.0,4.7,14.4,,mia_sf,3.0,False,,2.6352462435418413,14.400000000000013,False,17.394573602389897
Kirk Cousins,rush_yds,9.5,,550,5.5,2.6,14.4,,lv_lac,4.0,False,,6.493999671585253,14.400000000000013,False,17.394573602389897
Roman Wilson,rec_yds,29.5,,-144,0.69,13.2,14.4,,pit_ne,28.0,False,,15.340897774904292,14.400000000000013,False,17.394573602389897
Kyle Pitts,rec_yds,89.5,,1400,14.0,47.9,14.4,,car_atl,15.0,False,,39.152229904050216,14.400000000000013,False,17.394573602389897
George Kittle,rec,6.5,,550,5.5,4.5,14.3,,mia_sf,4.0,False,,1.8745238143766751,14.300000000000024,False,17.3057814402495
Michael Wilson,rec,6.5,,630,6.3,3.9,14.3,,sea_ari,2.0,False,,2.436880958689678,14.300000000000024,False,17.3057814402495
Caleb Williams,pass_yds,324.5,,700,7.0,227.5,14.3,,min_chi,138.0,False,,90.91440499726875,14.300000000000024,False,17.3057814402495
Brian Robinson,rush_yds,39.5,,225,2.25,20.2,14.3,,car_atl,51.0,True,,18.089154808734914,14.300000000000024,False,17.3057814402495
Bucky Irving,rec,5.5,,1000,10.0,2.9,14.2,,cle_tb,4.0,False,,2.426783726636821,14.200000000000014,False,17.216977978702996
Germie Bernard,rec_yds,19.5,,120,1.2,8.9,14.2,,pit_ne,35.0,True,,9.893810577827038,14.200000000000014,False,17.216977978702996
Jakobi Meyers,rec_yds,79.5,,630,6.3,40.2,14.2,,jax_den,28.0,False,,36.68176940647194,14.200000000000014,False,17.216977978702996
Tre Harris,rec_yds,69.5,,520,5.2,35.3,14.2,,lv_lac,53.0,False,,31.92153978883818,14.200000000000014,False,17.216977978702996
Alec Pierce,rec_yds,89.5,,430,4.3,45.4,14.2,,ind_kc,11.0,False,,41.161985517186075,14.200000000000014,False,17.216977978702996
Tommy Tremble,rec_yds,19.5,,158,1.58,8.1,14.2,,car_atl,4.0,False,,10.64051326294606,14.200000000000014,False,17.216977978702996
Jaylen Warren,rec_yds,39.5,,430,4.3,17.0,14.1,,pit_ne,34.0,False,,20.91394184176731,14.100000000000001,False,17.12816235551806
Rachaad White,rec,4.5,,750,7.5,2.3,14.1,,was_dal,6.0,True,,2.044918757861693,14.100000000000012,False,17.128162355518086
C.J. Stroud,pass_yds,349.5,,1400,14.0,250.0,14.1,,cin_hou,353.0,True,,92.48609836692656,14.100000000000001,False,17.12816235551806
Stefon Diggs,rec,6.5,,280,2.8,4.3,14.0,,was_dal,5.0,False,,2.0364348918722457,14.000000000000012,False,17.039333689023174
Evan Engram,rec,5.5,,630,6.3,3.0,14.0,,jax_den,1.0,False,,2.3141305589457333,14.000000000000012,False,17.039333689023174
Marvin Harrison Jr.,rec,6.5,,920,9.2,3.6,14.0,,sea_ari,0.0,False,,2.684391448377051,14.000000000000012,False,17.039333689023174
Derrick Henry,rec_yds,29.5,,630,6.3,10.0,13.9,,no_bal,19.0,False,,17.975280483735542,13.900000000000002,False,16.950491077604333
Jayden Daniels,pass_yds,274.5,,300,3.0,199.1,13.9,,was_dal,96.0,False,,69.5044178704441,13.900000000000002,False,16.950491077604333
Kayshon Boutte,rec,4.5,,270,2.7,2.6,13.9,,cin_hou,3.0,False,,1.751437585594745,13.900000000000002,False,16.950491077604333
Mark Andrews,rec_yds,79.5,,350,3.5,43.3,13.9,,no_bal,49.0,False,,33.36949505185778,13.900000000000002,False,16.950491077604333
Matthew Golden,rec_yds,59.5,,154,1.54,25.3,13.8,,gb_nyj,58.0,False,,31.394896514634173,13.8,False,16.861633599184877
Aaron Jones,rush_yds,69.5,,130,1.3,39.8,13.8,,min_chi,105.0,True,,27.2639890784981,13.8,False,16.861633599184877
Bhayshul Tuten,rush_yds,69.5,,240,2.4,37.7,13.7,,jax_den,65.0,False,,29.07036928493987,13.700000000000012,False,16.77276031068775
De'Von Achane,rec_yds,69.5,,880,8.8,33.7,13.7,,mia_sf,19.0,False,,32.727019509460604,13.700000000000012,False,16.77276031068775
Trevor Lawrence,pass_yds,299.5,,550,5.5,222.9,13.7,,jax_den,189.0,False,,70.02485179957213,13.700000000000012,False,16.77276031068775
Wan'Dale Robinson,rec_yds,79.5,,640,6.4,44.1,13.6,,phi_ten,9.0,False,,32.22668885560438,13.600000000000001,False,16.683870247479437
Alec Pierce,rec,5.5,,750,7.5,2.9,13.6,,ind_kc,1.0,False,,2.3669319498466495,13.600000000000001,False,16.683870247479437
Xavier Worthy,rec,4.5,,225,2.25,2.7,13.6,,ind_kc,5.0,True,,1.6386451960476802,13.600000000000001,False,16.683870247479437
Brenton Strange,rec,5.5,,430,4.3,3.0,13.6,,jax_den,2.0,False,,2.2758961056217784,13.600000000000001,False,16.683870247479437
Keenan Allen,rec_yds,59.5,,550,5.5,34.6,13.5,,ind_kc,5.0,False,,22.57351576304833,13.5,False,16.594962422795025
Tucker Kraft,rec,7.5,,920,9.2,4.6,13.5,,gb_nyj,2.0,False,,2.6290440045317336,13.5,False,16.594962422795025
Darren Waller,rec_yds,59.5,,1280,12.8,28.0,13.5,,car_atl,33.0,False,,28.55685729060331,13.5,False,16.594962422795025
Colston Loveland,rec,7.5,,520,5.2,4.6,13.5,,min_chi,1.0,False,,2.6290440045317336,13.5,False,16.594962422795025
DeVonta Smith,rec,9.5,,1280,12.8,6.1,13.5,,phi_ten,10.0,True,,3.0823274535889293,13.5,False,16.594962422795025
Brock Purdy,pass_yds,324.5,,630,6.3,232.9,13.4,,mia_sf,287.0,False,,82.69535640239494,13.400000000000013,False,16.50603582714325
Drake Maye,pass_td,3.0,,430,4.3,1.26,13.4,,pit_ne,0.0,False,,1.5708506565520437,13.400000000000013,False,16.50603582714325
Rashee Rice,rec,7.5,,470,4.7,5.3,13.4,,ind_kc,4.0,False,,1.9861330140313198,13.400000000000013,False,16.50603582714325
Jalen Nailor,rec_yds,89.5,,920,9.2,39.9,13.3,,lv_lac,9.0,False,,44.59142965369544,13.3,False,16.417089427690932
Rashee Rice,rec_yds,99.5,,640,6.4,60.4,13.3,,ind_kc,83.0,False,,35.15171168265105,13.3,False,16.417089427690932
Breece Hall,rec_yds,69.5,,1500,15.0,31.7,13.2,,gb_nyj,63.0,False,,33.841046680883785,13.199999999999989,False,16.328122167625903
Quentin Johnston,rec_yds,109.5,,750,7.5,53.8,13.2,,lv_lac,7.0,False,,49.86630423611712,13.199999999999989,False,16.328122167625903
Rhamondre Stevenson,rec_yds,39.5,,430,4.3,19.6,13.2,,pit_ne,3.0,False,,17.815789125650458,13.199999999999989,False,16.328122167625903
Tucker Kraft,rec_yds,109.5,,1200,12.0,60.2,13.2,,gb_nyj,15.0,False,,44.13660321078229,13.199999999999989,False,16.328122167625903
Chris Brooks,rush_yds,69.5,,880,8.8,37.2,13.2,,gb_nyj,11.0,False,,28.917084862236674,13.199999999999989,False,16.328122167625903
Jacory Croskey-Merritt,rush_yds,89.5,,450,4.5,50.2,13.1,,was_dal,43.0,False,,35.03683907220944,13.100000000000001,False,16.23913296549746
MarShawn Lloyd,rush_yds,124.5,,1400,14.0,69.1,13.1,,gb_nyj,20.0,False,,49.39035329772019,13.100000000000001,False,16.23913296549746
Jordan Addison,rec_yds,89.5,,640,6.4,44.5,13.1,,min_chi,21.0,False,,40.118518021613866,13.100000000000001,False,16.23913296549746
Keaton Mitchell,rush_yds,59.5,,880,8.8,25.1,13.0,,lv_lac,24.0,False,,30.540013245092794,13.0,False,16.150120714533255
Dalton Schultz,rec_yds,79.5,,520,5.2,41.9,13.0,,cin_hou,140.0,True,,33.38094470975259,13.0,False,16.150120714533255
Xavier Legette,rec_yds,59.5,,880,8.8,28.2,13.0,,car_atl,64.0,True,,27.78786088870362,13.0,False,16.150120714533255
Josh Downs,rec_yds,69.5,,370,3.7,36.6,12.9,,ind_kc,72.0,True,,29.08593512528705,12.9,False,16.061084281931926
Woody Marks,rec_yds,29.5,,360,3.6,9.9,12.8,,cin_hou,27.0,False,,17.255097459394587,12.79999999999999,False,15.972022508130014
Gunnar Helm,rec_yds,39.5,,300,3.0,19.7,12.8,,phi_ten,13.0,False,,17.431169882449634,12.79999999999999,False,15.972022508130014
Dallas Goedert,rec_yds,89.5,,920,9.2,48.5,12.8,,phi_ten,4.0,False,,36.094846726284594,12.79999999999999,False,15.972022508130014
Kyle Pitts,rec,6.5,,750,7.5,3.8,12.7,,car_atl,1.0,False,,2.366993638493188,12.700000000000012,False,15.882934206042364
CeeDee Lamb,rec_yds,149.5,,920,9.2,86.5,12.7,,was_dal,153.0,True,,55.22985156484105,12.700000000000012,False,15.882934206042364
Rico Dowdle,rec_yds,29.5,,320,3.2,11.4,12.7,,pit_ne,22.0,False,,15.86762402100989,12.700000000000012,False,15.882934206042364
Carson Wentz,pass_yds,349.5,,1400,14.0,210.3,12.7,,min_chi,143.0,False,,122.03167202898211,12.700000000000012,False,15.882934206042364
Geno Smith,pass_yds,324.5,,1200,12.0,217.2,12.7,,gb_nyj,247.0,False,,94.0660805223404,12.700000000000012,False,15.882934206042364
Kenneth Walker III,rec,5.5,,520,5.2,2.3,12.7,,ind_kc,6.0,True,,2.805325793769704,12.700000000000012,False,15.882934206042364
Jayden Daniels,rush_yds,99.5,,1700,17.0,48.8,12.7,,was_dal,69.0,False,,44.44688054503875,12.700000000000012,False,15.882934206042364
Jayden Reed,rec_yds,89.5,,920,9.2,45.8,12.6,,gb_nyj,4.0,False,,38.149111228605015,12.6,False,15.793818160274508
D'Andre Swift,rush_yds,124.5,,920,9.2,63.7,12.6,,min_chi,45.0,False,,53.077024318059145,12.6,False,15.793818160274508
Harold Fannin Jr.,rec_yds,79.5,,880,8.8,41.9,12.6,,cle_tb,54.0,False,,32.823949249326056,12.6,False,15.793818160274508
Jordan Love,pass_yds,299.5,,250,2.5,215.9,12.5,,gb_nyj,145.0,False,,72.67357328664285,12.5,False,15.704673126306224
Daniel Jones,pass_td,3.0,,640,6.4,1.22,12.5,,ind_kc,1.0,False,,1.547355986246702,12.5,False,15.704673126306224
T.J. Hockenson,rec_yds,59.5,,490,4.9,29.9,12.5,,min_chi,29.0,False,,25.731313029720436,12.5,False,15.704673126306224
Chris Rodriguez Jr.,rush_yds,69.5,,920,9.2,36.9,12.5,,jax_den,13.0,False,,28.339216377327237,12.5,False,15.704673126306224
AJ Barner,rec,4.5,,410,4.1,2.9,12.4,,sea_ari,1.0,False,,1.3850165573903062,12.4,False,15.615497829644308
Tre Harris,rec,6.5,,1000,10.0,3.5,12.3,,lv_lac,1.0,False,,2.5859396463825735,12.299999999999988,False,15.526290964943968
George Pickens,rec_yds,149.5,,1280,12.8,83.5,12.3,,was_dal,40.0,False,,56.89067222041661,12.299999999999988,False,15.526290964943968
Jonathan Taylor,rec,6.5,,1260,12.6,2.5,12.3,,ind_kc,4.0,False,,3.4479195285100976,12.299999999999988,False,15.526290964943968
Rico Dowdle,rec,4.5,,450,4.5,1.9,12.3,,pit_ne,2.0,False,,2.2411476935315635,12.299999999999988,False,15.526290964943968
Drake Maye,pass_yds,274.5,,280,2.8,194.7,12.3,,pit_ne,208.0,False,,68.78599459377646,12.299999999999988,False,15.526290964943968
Terry McLaurin,rec,6.5,,470,4.7,4.0,12.3,,was_dal,2.0,False,,2.154949705318811,12.299999999999988,False,15.526290964943968
Michael Wilson,rec_yds,89.5,,880,8.8,44.8,12.2,,sea_ari,18.0,False,,38.36755339565181,12.2,False,15.437051195096707
George Pickens,rec,9.5,,1700,17.0,6.0,12.2,,was_dal,6.0,False,,3.0041708475342577,12.2,False,15.437051195096707
David Montgomery,rec_yds,39.5,,800,8.0,15.0,12.2,,cin_hou,14.0,False,,21.029195932739803,12.2,False,15.437051195096707
Braelon Allen,rush_yds,29.5,,132,1.32,12.2,12.2,,gb_nyj,7.0,False,,14.849187332097904,12.2,False,15.437051195096707
Bijan Robinson,rec_yds,59.5,,205,2.05,28.6,12.1,,car_atl,9.0,False,,26.410202066175962,12.1,False,15.347777150283326
Jalen Hurts,rush_yds,79.5,,1200,12.0,38.5,12.1,,phi_ten,16.0,False,,35.04266293570274,12.1,False,15.347777150283326
Caleb Douglas,rec_yds,89.5,,700,7.0,40.4,12.1,,mia_sf,19.0,False,,41.96572561324401,12.1,False,15.347777150283326
Woody Marks,rush_yds,69.5,,750,7.5,36.6,12.1,,cin_hou,8.0,False,,28.119600258161462,12.1,False,15.347777150283326
Jaylen Warren,rush_yds,69.5,,320,3.2,36.1,12.1,,pit_ne,43.0,False,,28.546949806157837,12.1,False,15.347777150283326
Josh Oliver,rec,1.5,,-108,0.93,0.8,12.0,,min_chi,1.0,False,,0.5957513775700608,11.99999999999999,False,15.258467426990862
Tyjae Spears,rec,5.5,,680,6.8,2.8,12.0,,phi_ten,2.0,False,,2.297898170627378,11.99999999999999,False,15.258467426990862
Jacoby Brissett,pass_yds,324.5,,920,9.2,229.8,12.0,,sea_ari,95.0,False,,80.59665065126394,11.99999999999999,False,15.258467426990862
Emmett Johnson,rec_yds,29.5,,580,5.8,10.6,11.9,,ind_kc,20.0,False,,16.016941818035477,11.899999999999999,False,15.169120586991024
Jaylen Warren,rec,5.5,,520,5.2,2.6,11.9,,pit_ne,2.0,False,,2.4576259932435387,11.899999999999999,False,15.169120586991024
Tre Tucker,rec_yds,89.5,,800,8.0,39.9,11.9,,lv_lac,119.0,True,,42.033879056855014,11.899999999999999,False,15.169120586991024
Daniel Jones,pass_yds,299.5,,580,5.8,211.0,11.9,,ind_kc,210.0,False,,74.99996565588042,11.899999999999999,False,15.169120586991024
Bryce Young,pass_yds,299.5,,490,4.9,189.9,11.8,,car_atl,287.0,False,,92.48600741433847,11.799999999999988,False,15.07973515627896
Evan Engram,rec_yds,59.5,,850,8.5,28.6,11.8,,jax_den,17.0,False,,26.07497836772864,11.799999999999988,False,15.07973515627896
Drake London,rec,9.5,,1280,12.8,5.6,11.8,,car_atl,4.0,False,,3.291016687189052,11.799999999999988,False,15.07973515627896
Ashton Jeanty,rec,8.5,,1200,12.0,4.1,11.8,,lv_lac,4.0,False,,3.7129419034953406,11.799999999999988,False,15.07973515627896
Patrick Mahomes,rush_yds,49.5,,1000,10.0,23.8,11.8,,ind_kc,17.0,False,,21.686956118143236,11.799999999999988,False,15.07973515627896
Rhamondre Stevenson,rush_yds,69.5,,260,2.6,35.0,11.8,,pit_ne,43.0,False,,29.11283992513392,11.799999999999988,False,15.07973515627896
Geno Smith,rush_yds,29.5,,920,9.2,14.2,11.8,,gb_nyj,17.0,False,,12.910911618972435,11.799999999999988,False,15.07973515627896
Malik Washington,rec_yds,99.5,,1400,14.0,42.9,11.8,,mia_sf,43.0,False,,47.761934485871876,11.799999999999988,False,15.07973515627896
Kirk Cousins,pass_td,3.0,,750,7.5,1.18,11.7,,lv_lac,3.0,True,,1.529260069950604,11.7,False,14.990309623969955
Jalen Coker,rec_yds,69.5,,205,2.05,33.1,11.7,,car_atl,66.0,False,,30.585201399012078,11.7,False,14.990309623969955
Rico Dowdle,rush_yds,89.5,,1260,12.6,48.9,11.7,,pit_ne,22.0,False,,34.11426309889809,11.7,False,14.990309623969955
Pat Bryant,rec_yds,89.5,,1260,12.6,43.0,11.7,,jax_den,0.0,False,,39.071754534452246,11.7,False,14.990309623969955
Chase Brown,rush_yds,124.5,,1200,12.0,65.8,11.6,,cin_hou,80.0,False,,49.11218302700424,11.6,False,14.900842441152374
David Montgomery,rush_yds,99.5,,410,4.1,55.0,11.6,,cin_hou,10.0,False,,37.23155272064206,11.6,False,14.900842441152374
Trey McBride,rec,9.5,,470,4.7,6.3,11.6,,sea_ari,8.0,False,,2.677325139461901,11.6,False,14.900842441152374
Devaughn Vele,rec,7.5,,920,9.2,4.0,11.6,,no_bal,5.0,False,,2.928324371286454,11.6,False,14.900842441152374
Denzel Boston,rec_yds,69.5,,490,4.9,30.4,11.6,,cle_tb,95.0,True,,32.7135665478001,11.6,False,14.900842441152374
Quinshon Judkins,rush_yds,99.5,,640,6.4,58.0,11.5,,cle_tb,21.0,False,,34.5729943361097,11.5,False,14.811332019694623
George Holani,rush_yds,89.5,,1500,15.0,46.2,11.5,,sea_ari,13.0,False,,36.0725458976759,11.5,False,14.811332019694623
CeeDee Lamb,rec,10.5,,1100,11.0,6.9,11.5,,was_dal,8.0,False,,2.9991031231324077,11.5,False,14.811332019694623
Hunter Henry,rec,6.5,,880,8.8,3.4,11.5,,pit_ne,3.0,False,,2.582561022697351,11.5,False,14.811332019694623
Tyler Warren,rec_yds,89.5,,850,8.5,49.5,11.4,,ind_kc,21.0,False,,33.18051505253465,11.399999999999999,False,14.72177673100379
Kyle Monangai,rush_yds,79.5,,680,6.8,35.0,11.4,,min_chi,47.0,False,,36.913322995944796,11.399999999999999,False,14.72177673100379
Justin Herbert,rush_yds,39.5,,430,4.3,18.8,11.3,,lv_lac,2.0,False,,17.097163712083997,11.299999999999999,False,14.632174904733475
Rashod Bateman,rec_yds,49.5,,146,1.46,22.7,11.3,,no_bal,88.0,True,,22.135458332553196,11.299999999999999,False,14.632174904733475
Kenneth Walker III,rush_yds,99.5,,182,1.82,60.3,11.3,,ind_kc,117.0,True,,32.37723756104796,11.299999999999999,False,14.632174904733475
Xavier Hutchinson,rec_yds,59.5,,350,3.5,23.7,11.2,,cin_hou,37.0,False,,29.441747790291597,11.199999999999989,False,14.542524827438763
Tetairoa McMillan,rec,8.5,,1100,11.0,5.3,11.2,,car_atl,5.0,False,,2.6316646069534393,11.199999999999989,False,14.542524827438763
Omarion Hampton,rush_yds,124.5,,920,9.2,63.1,11.2,,lv_lac,94.0,False,,50.49506464591911,11.199999999999989,False,14.542524827438763
Bo Nix,pass_yds,324.5,,880,8.8,220.4,11.1,,jax_den,288.0,False,,85.24212211755061,11.099999999999998,False,14.452824741175018
Jonathan Taylor,rush_yds,149.5,,680,6.8,79.7,11.0,,ind_kc,92.0,False,,56.90860149045466,10.999999999999988,False,14.363072842038083
Emeka Egbuka,rec_yds,124.5,,1100,11.0,63.3,10.9,,cle_tb,16.0,False,,49.68082066712321,10.899999999999999,False,14.273267278642688
Juwan Johnson,rec_yds,89.5,,1000,10.0,43.1,10.9,,no_bal,66.0,False,,37.66650455808034,10.899999999999999,False,14.273267278642688
Juwan Johnson,rec,7.5,,880,8.8,4.0,10.9,,no_bal,4.0,False,,2.8412234041655426,10.899999999999999,False,14.273267278642688
Luther Burden III,rec_yds,124.5,,1280,12.8,69.1,10.8,,min_chi,32.0,False,,44.77727994148104,10.799999999999986,False,14.18340615053606
Pat Bryant,rec,6.5,,920,9.2,3.3,10.8,,jax_den,0.0,False,,2.5864132818183996,10.799999999999986,False,14.18340615053606
Bryce Young,pass_td,3.0,,400,4.0,1.14,10.8,,car_atl,3.0,True,,1.5033527200569448,10.799999999999986,False,14.18340615053606
Dak Prescott,pass_yds,399.5,,1400,14.0,273.0,10.7,,was_dal,279.0,False,,101.7992786243763,10.7,False,14.093487506543035
Jaxon Smith-Njigba,rec,10.5,,750,7.5,6.8,10.7,,sea_ari,9.0,False,,2.977528307590453,10.7,False,14.093487506543035
Josh Downs,rec,5.5,,240,2.4,3.4,10.7,,ind_kc,7.0,True,,1.6899484989026896,10.7,False,14.093487506543035
Christian Watson,rec_yds,99.5,,400,4.0,46.5,10.7,,gb_nyj,41.0,False,,42.65108116278216,10.7,False,14.093487506543035
Trevor Lawrence,rush_yds,39.5,,630,6.3,18.5,10.6,,jax_den,6.0,False,,16.825779636744503,10.599999999999998,False,14.003509343039289
C.J. Stroud,rush_yds,29.5,,550,5.5,13.8,10.6,,cin_hou,29.0,False,,12.57927334747089,10.599999999999998,False,14.003509343039289
Jalen Nailor,rec,6.5,,1280,12.8,3.1,10.6,,lv_lac,1.0,False,,2.7241738459491103,10.599999999999998,False,14.003509343039289
Chris Olave,rec,11.5,,1700,17.0,7.1,10.6,,no_bal,8.0,False,,3.5254014476988487,10.599999999999998,False,14.003509343039289
Dalton Schultz,rec,6.5,,225,2.25,3.9,10.6,,cin_hou,12.0,True,,2.0831917645493196,10.599999999999998,False,14.003509343039289
Marvin Harrison Jr.,rec_yds,99.5,,1280,12.8,49.5,10.6,,sea_ari,0.0,False,,40.06138008748692,10.599999999999998,False,14.003509343039289
Brock Purdy,rush_yds,29.5,,410,4.1,13.8,10.6,,mia_sf,30.0,True,,12.57927334747089,10.599999999999998,False,14.003509343039289
Garrett Wilson,rec_yds,124.5,,630,6.3,64.1,10.5,,gb_nyj,57.0,False,,48.182566419266976,10.499999999999998,False,13.913469602148876
Carnell Tate,rec,7.5,,920,9.2,4.1,10.5,,phi_ten,3.0,False,,2.712263672607744,10.499999999999998,False,13.913469602148876
Cam Ward,rush_yds,19.5,,225,2.25,9.1,10.5,,phi_ten,7.0,False,,8.296335939741333,10.499999999999998,False,13.913469602148876
Makai Lemon,rec_yds,89.5,,1500,15.0,40.2,10.5,,phi_ten,14.0,False,,39.32782325281227,10.499999999999998,False,13.913469602148876
Ashton Jeanty,rec_yds,59.5,,630,6.3,23.6,10.5,,lv_lac,15.0,False,,28.638313484299406,10.499999999999998,False,13.913469602148876
Stefon Diggs,rec_yds,89.5,,550,5.5,50.3,10.5,,was_dal,47.0,False,,31.2708046959481,10.499999999999998,False,13.913469602148876
Jadarian Price,rush_yds,109.5,,640,6.4,57.7,10.5,,sea_ari,52.0,False,,41.32213477678856,10.499999999999998,False,13.913469602148876
Rhamondre Stevenson,rec,4.5,,350,3.5,2.3,10.4,,pit_ne,1.0,False,,1.7473020340182361,10.399999999999988,False,13.823366169861895
Carnell Tate,rec_yds,89.5,,630,6.3,40.9,10.4,,phi_ten,27.0,False,,38.599490387857394,10.399999999999988,False,13.823366169861895
Geno Smith,pass_td,3.0,,680,6.8,1.12,10.4,,gb_nyj,1.0,False,,1.4931490108883108,10.399999999999988,False,13.823366169861895
Cooper Rush,pass_yds,299.5,,1200,12.0,167.6,10.4,,car_atl,86.0,False,,104.75869922136606,10.399999999999988,False,13.823366169861895
Tyquan Thornton,rec_yds,29.5,,225,2.25,12.0,10.4,,ind_kc,86.0,True,,13.898993452417786,10.399999999999988,False,13.823366169861895
Antonio Williams,rec,2.5,,106,1.06,1.0,10.4,,was_dal,3.0,True,,1.1913422959215245,10.399999999999988,False,13.823366169861895
Rachaad White,rush_yds,59.5,,850,8.5,29.5,10.4,,was_dal,43.0,False,,23.82684591843049,10.399999999999988,False,13.823366169861895
Garrett Wilson,rec,9.5,,700,7.0,5.6,10.4,,gb_nyj,5.0,False,,3.097489969395964,10.399999999999988,False,13.823366169861895
Bijan Robinson,rush_yds,124.5,,410,4.1,71.0,10.3,,car_atl,72.0,False,,42.3044913623131,10.299999999999997,False,13.733196874067865
Ryan Flournoy,rec_yds,69.5,,580,5.8,32.4,10.3,,was_dal,23.0,False,,29.33638559891245,10.299999999999997,False,13.733196874067865
Antonio Williams,rec_yds,29.5,,106,1.06,8.1,10.3,,was_dal,24.0,False,,16.92179654492524,10.299999999999997,False,13.733196874067865
Kenyon Sadiq,rec_yds,59.5,,920,9.2,24.8,10.3,,gb_nyj,17.0,False,,27.438614023780648,10.299999999999997,False,13.733196874067865
Quentin Johnston,rec,8.5,,1500,15.0,4.6,10.3,,lv_lac,1.0,False,,3.0838788095891796,10.299999999999997,False,13.733196874067865
Tyler Shough,pass_td,3.0,,800,8.0,1.11,10.2,,no_bal,1.0,False,,1.4879105819895402,10.20000000000001,False,13.642959482500427
Cooper Kupp,rec_yds,59.5,,580,5.8,31.0,10.1,,sea_ari,20.0,False,,22.33762581433102,10.100000000000009,False,13.55265170058837
Kayshon Boutte,rec_yds,79.5,,520,5.2,36.7,10.1,,cin_hou,37.0,False,,33.545627538714655,10.100000000000009,False,13.55265170058837
Dak Prescott,pass_td,4.0,,680,6.8,1.75,10.1,,was_dal,4.0,True,,1.7634967748156067,10.100000000000009,False,13.55265170058837
Jakobi Meyers,rec,7.5,,1000,10.0,3.8,10.1,,jax_den,1.0,False,,2.89997247414122,10.100000000000009,False,13.55265170058837
Patrick Mahomes,pass_yds,324.5,,880,8.8,222.2,10.1,,ind_kc,382.0,True,,80.18032002828294,10.100000000000009,False,13.55265170058837
Chuba Hubbard,rec_yds,29.5,,370,3.7,9.8,10.1,,car_atl,11.0,False,,15.44039398394109,10.100000000000009,False,13.55265170058837
Tre Tucker,rec,7.5,,1400,14.0,3.7,10.1,,lv_lac,5.0,False,,2.978350108577469,10.100000000000009,False,13.55265170058837
Aaron Rodgers,pass_yds,299.5,,640,6.4,202.5,10.1,,pit_ne,187.0,False,,76.02630540316171,10.100000000000009,False,13.55265170058837
Terry McLaurin,rec_yds,99.5,,490,4.9,53.1,10.0,,was_dal,50.0,False,,36.20611237775839,10.000000000000009,False,13.462271169207597
Denzel Boston,rec,6.5,,1400,14.0,3.4,10.0,,cle_tb,5.0,False,,2.4189428528243755,10.000000000000009,False,13.462271169207597
Javonte Williams,rush_yds,109.5,,320,3.2,55.8,10.0,,was_dal,30.0,False,,41.90233264408676,10.000000000000009,False,13.462271169207597
Travis Etienne,rush_yds,99.5,,1100,11.0,51.9,10.0,,no_bal,25.0,False,,37.142477353045244,9.999999999999998,False,13.462271169207597
Cade Otton,rec_yds,69.5,,880,8.8,32.3,10.0,,cle_tb,38.0,False,,29.027314233892504,10.000000000000009,False,13.462271169207597
Darren Waller,rec,3.5,,350,3.5,1.5,10.0,,car_atl,3.0,False,,1.5606082921447582,10.000000000000009,False,13.462271169207597
Chuba Hubbard,rush_yds,79.5,,240,2.4,36.9,9.9,,car_atl,53.0,False,,33.09327597544686,9.899999999999999,False,13.371815462328662
Travis Kelce,rec_yds,79.5,,490,4.9,42.2,9.9,,ind_kc,101.0,True,,28.976037415121304,9.899999999999999,False,13.371815462328662
Hunter Henry,rec_yds,79.5,,550,5.5,36.5,9.8,,pit_ne,40.0,False,,33.25517140591054,9.800000000000008,False,13.281282084553736
Bucky Irving,rush_yds,124.5,,920,9.2,62.5,9.8,,cle_tb,89.0,False,,47.949316910847756,9.800000000000008,False,13.281282084553736
Xavier Worthy,rec_yds,69.5,,390,3.9,32.4,9.8,,ind_kc,25.0,False,,28.692252538587933,9.800000000000008,False,13.281282084553736
Rome Odunze,rec_yds,99.5,,800,8.0,50.0,9.8,,min_chi,43.0,False,,38.282115920757484,9.800000000000008,False,13.281282084553736
Mack Hollins,rec,7.5,,1400,14.0,3.7,9.7,,pit_ne,2.0,False,,2.925695121694277,9.699999999999998,False,13.19066846853676
Saquon Barkley,rec_yds,49.5,,1400,14.0,18.4,9.7,,phi_ten,11.0,False,,23.94450481176106,9.699999999999998,False,13.19066846853676
TreVeyon Henderson,rush_yds,79.5,,700,7.0,38.8,9.7,,pit_ne,76.0,False,,31.335734592883444,9.699999999999998,False,13.19066846853676
Trey McBride,rec_yds,109.5,,640,6.4,59.9,9.7,,sea_ari,41.0,False,,38.18802053579899,9.699999999999998,False,13.19066846853676
Jaylen Waddle,rec,8.5,,1200,12.0,4.2,9.7,,jax_den,8.0,False,,3.3106550061277344,9.699999999999998,False,13.19066846853676
KC Concepcion,rec_yds,89.5,,1100,11.0,38.1,9.7,,cle_tb,28.0,False,,39.57387611975943,9.699999999999998,False,13.19066846853676
Emeka Egbuka,rec,7.5,,920,9.2,4.5,9.7,,cle_tb,3.0,False,,2.3097593066007454,9.699999999999998,False,13.19066846853676
Josh Oliver,rec_yds,19.5,,148,1.48,7.1,9.6,,min_chi,24.0,True,,9.504207022159243,9.599999999999998,False,13.099971972279867
Kalif Raymond,rec_yds,29.5,,134,1.34,12.4,9.6,,min_chi,40.0,True,,13.10660807088089,9.599999999999998,False,13.099971972279867
Jerry Jeudy,rec_yds,89.5,,1000,10.0,41.9,9.5,,cle_tb,0.0,False,,36.319821945928894,9.500000000000009,False,13.009189876299088
Colston Loveland,rec_yds,99.5,,580,5.8,50.3,9.5,,min_chi,3.0,False,,37.54065629705256,9.500000000000009,False,13.009189876299088
Jordan Addison,rec,6.5,,850,8.5,3.5,9.5,,min_chi,2.0,False,,2.289064408356863,9.500000000000009,False,13.009189876299088
Brock Purdy,pass_td,4.0,,640,6.4,1.71,9.5,,mia_sf,2.0,False,,1.747319165045739,9.500000000000009,False,13.009189876299088
Alec Pierce,rec_yds,99.5,,630,6.3,45.4,9.4,,ind_kc,11.0,False,,41.093225066331584,9.399999999999986,False,12.918319380650988
Mark Andrews,rec,6.5,,410,4.1,3.5,9.3,,no_bal,6.0,False,,2.2684221910839644,9.299999999999997,False,12.827357601812551
Dallas Goedert,rec,6.5,,640,6.4,3.8,9.3,,phi_ten,1.0,False,,2.041579971975568,9.299999999999997,False,12.827357601812551
Jake Ferguson,rec,5.5,,410,4.1,3.4,9.3,,was_dal,4.0,False,,1.587895533758775,9.299999999999997,False,12.827357601812551
Christian McCaffrey,rec,8.5,,700,7.0,4.5,9.2,,mia_sf,4.0,False,,3.0108254329527053,9.200000000000008,False,12.736301569404985
DK Metcalf,rec,6.5,,300,3.0,3.8,9.2,,pit_ne,4.0,False,,2.032307167243076,9.200000000000008,False,12.736301569404985
Mack Hollins,rec_yds,89.5,,850,8.5,40.5,9.2,,pit_ne,18.0,False,,36.88261155367064,9.200000000000008,False,12.736301569404985
Tyler Allgeier,rush_yds,49.5,,210,2.1,28.6,9.1,,sea_ari,10.0,False,,15.659861376715437,9.099999999999998,False,12.645148222751946
Brenton Strange,rec_yds,69.5,,750,7.5,31.4,9.1,,jax_den,17.0,False,,28.547402796787477,9.099999999999998,False,12.645148222751946
Caleb Douglas,rec,6.5,,1200,12.0,3.4,9.1,,mia_sf,2.0,False,,2.322754558268797,9.099999999999998,False,12.645148222751946
Jalen Nailor,rec_yds,99.5,,1260,12.6,39.9,9.1,,lv_lac,9.0,False,,44.65682957187752,9.099999999999998,False,12.645148222751946
Adonai Mitchell,rec_yds,69.5,,400,4.0,23.8,9.1,,gb_nyj,63.0,False,,34.24189784286582,9.099999999999998,False,12.645148222751946
Chris Olave,rec_yds,149.5,,1280,12.8,85.0,9.1,,no_bal,86.0,False,,48.328280325270136,9.099999999999998,False,12.645148222751946
Jordan Love,pass_td,4.0,,1000,10.0,1.69,9.1,,gb_nyj,2.0,False,,1.7308267837422326,9.099999999999998,False,12.645148222751946
Drake Maye,rush_yds,69.5,,1000,10.0,31.3,9.0,,pit_ne,20.0,False,,28.491408974882262,8.999999999999986,False,12.553894407261923
Christian Watson,rec,6.5,,490,4.9,3.2,9.0,,gb_nyj,4.0,False,,2.461299728196635,8.999999999999986,False,12.553894407261923
Devaughn Vele,rec_yds,89.5,,750,7.5,43.7,9.0,,no_bal,64.0,False,,34.159856833759356,8.999999999999986,False,12.553894407261923
DK Metcalf,rec_yds,99.5,,390,3.9,53.4,8.9,,pit_ne,27.0,False,,34.22576137201487,8.899999999999997,False,12.462536870623953
Caleb Williams,pass_yds,349.5,,1200,12.0,227.5,8.9,,min_chi,138.0,False,,90.57576762225194,8.899999999999997,False,12.462536870623953
Javonte Williams,rec_yds,49.5,,920,9.2,19.8,8.9,,was_dal,20.0,False,,22.05000244574494,8.899999999999997,False,12.462536870623953
Jakobi Meyers,rec_yds,89.5,,880,8.8,40.2,8.9,,jax_den,28.0,False,,36.601519211287055,8.899999999999997,False,12.462536870623953
Bijan Robinson,rec,7.5,,360,3.6,3.8,8.8,,car_atl,3.0,False,,2.734311756963686,8.799999999999997,False,12.371072258804416
Dontayvion Wicks,rec,2.5,,-118,0.85,1.2,8.8,,phi_ten,5.0,True,,0.9607041308250788,8.799999999999997,False,12.371072258804416
Malik Washington,rec,7.5,,1260,12.6,4.4,8.7,,mia_sf,4.0,False,,2.2803125796920902,8.699999999999996,False,12.279497111832448
J.K. Dobbins,rush_yds,99.5,,490,4.9,55.3,8.7,,jax_den,36.0,False,,32.51284387819045,8.699999999999996,False,12.279497111832448
Cade Otton,rec,5.5,,680,6.8,3.2,8.7,,cle_tb,5.0,False,,1.6918448171909057,8.699999999999996,False,12.279497111832448
DeVonta Smith,rec_yds,149.5,,1500,15.0,80.5,8.7,,phi_ten,117.0,False,,50.755344515727174,8.699999999999996,False,12.279497111832448
Ryan Flournoy,rec,6.5,,1400,14.0,3.5,8.5,,was_dal,5.0,False,,2.186264154294287,8.499999999999996,False,12.096000815983288
Michael Mayer,rec,4.5,,-198,0.51,2.3,8.5,,lv_lac,3.0,False,,1.6032603798158107,8.499999999999996,False,12.096000815983288
Jordan Addison,rec_yds,99.5,,880,8.8,44.5,8.5,,min_chi,21.0,False,,40.08150949539527,8.499999999999996,False,12.096000815983288
Mike Evans,rec_yds,124.5,,1260,12.6,59.0,8.5,,mia_sf,54.0,False,,47.73343403542527,8.499999999999996,False,12.096000815983288
Derrick Henry,rush_yds,174.5,,1200,12.0,95.1,8.4,,no_bal,68.0,False,,57.59220781149262,8.400000000000007,False,12.004072176304813
Mark Andrews,rec_yds,89.5,,520,5.2,43.3,8.3,,no_bal,49.0,False,,33.353268090433765,8.299999999999997,False,11.91201800972702
Tre Harris,rec_yds,79.5,,750,7.5,35.3,8.3,,lv_lac,53.0,False,,31.90940367093447,8.299999999999997,False,11.91201800972702
Bo Nix,pass_td,4.0,,1400,14.0,1.63,8.3,,jax_den,1.0,False,,1.7109793371066673,8.299999999999997,False,11.91201800972702
Noah Gray,rec_yds,39.5,,640,6.4,16.3,8.2,,ind_kc,0.0,False,,16.669735006872525,8.199999999999996,False,11.819834254950724
Lamar Jackson,pass_yds,324.5,,920,9.2,220.1,8.2,,no_bal,235.0,False,,75.01380753092637,8.199999999999996,False,11.819834254950724
Dak Prescott,rush_yds,29.5,,850,8.5,13.0,8.2,,was_dal,26.0,False,,11.855630500577442,8.199999999999996,False,11.819834254950724
De'Von Achane,rec_yds,79.5,,1280,12.8,33.7,8.1,,mia_sf,19.0,False,,32.75226381708256,8.099999999999996,False,11.727516714163134
Rashee Rice,rec_yds,109.5,,880,8.8,60.4,8.1,,ind_kc,83.0,False,,35.112143087745714,8.099999999999996,False,11.727516714163134
David Njoku,rec_yds,49.5,,400,4.0,21.9,8.1,,lv_lac,9.0,False,,19.737172081910014,8.099999999999996,False,11.727516714163123
Cam Ward,pass_td,3.0,,1200,12.0,1.0,8.1,,phi_ten,0.0,False,,1.4302298610079718,8.099999999999996,False,11.727516714163123
Kenneth Walker III,rec_yds,39.5,,320,3.2,13.7,8.1,,ind_kc,61.0,True,,18.449965207002837,8.099999999999996,False,11.727516714163123
Chase Brown,rec_yds,59.5,,1100,11.0,23.2,8.0,,cin_hou,2.0,False,,25.834983089402677,7.999999999999985,False,11.63506104689228
Jake Ferguson,rec_yds,69.5,,1200,12.0,30.6,8.0,,was_dal,43.0,False,,27.685422649525183,7.999999999999985,False,11.63506104689228
Caleb Douglas,rec_yds,99.5,,920,9.2,40.4,8.0,,mia_sf,19.0,False,,42.06191461663081,7.999999999999985,False,11.63506104689228
Caleb Williams,rush_yds,59.5,,750,7.5,26.1,8.0,,min_chi,42.0,False,,23.77103127234296,7.999999999999985,False,11.63506104689228
Wan'Dale Robinson,rec_yds,89.5,,920,9.2,44.1,8.0,,phi_ten,9.0,False,,32.31152154983145,7.999999999999985,False,11.63506104689228
Jacory Croskey-Merritt,rush_yds,99.5,,640,6.4,50.2,8.0,,was_dal,43.0,False,,35.087180890015205,7.999999999999985,False,11.63506104689228
Jayden Reed,rec_yds,99.5,,1280,12.8,45.8,8.0,,gb_nyj,4.0,False,,38.218693991760986,7.999999999999985,False,11.63506104689228
Cooper Rush,pass_td,3.0,,850,8.5,1.0,8.0,,car_atl,0.0,False,,1.4234150462480815,7.999999999999985,False,11.63506104689228
Brock Purdy,pass_yds,349.5,,920,9.2,232.9,8.0,,mia_sf,287.0,False,,82.98509719626314,7.999999999999985,False,11.63506104689228
Jayden Reed,rec,6.5,,750,7.5,3.6,8.0,,gb_nyj,1.0,False,,2.063951817059718,7.999999999999985,False,11.63506104689228
Tre Tucker,rec_yds,99.5,,1100,11.0,39.9,7.9,,lv_lac,119.0,True,,42.21471191880445,7.899999999999996,False,11.54246276350419
Dontayvion Wicks,rec_yds,39.5,,142,1.42,16.2,7.9,,phi_ten,74.0,True,,16.503402478324556,7.899999999999996,False,11.54246276350419
Tyler Warren,rec,7.5,,490,4.9,4.5,7.9,,ind_kc,6.0,False,,2.1249016066512305,7.899999999999996,False,11.54246276350419
Matthew Golden,rec_yds,69.5,,230,2.3,25.3,7.9,,gb_nyj,58.0,False,,31.306883671328134,7.899999999999996,False,11.54246276350419
Dallas Goedert,rec_yds,99.5,,1400,14.0,48.5,7.9,,phi_ten,4.0,False,,36.12332731307092,7.899999999999996,False,11.54246276350419
Bucky Irving,rec_yds,59.5,,1200,12.0,20.6,7.8,,cle_tb,1.0,False,,27.420363285797844,7.799999999999995,False,11.449717218317668
Quentin Johnston,rec_yds,124.5,,1200,12.0,53.8,7.8,,lv_lac,7.0,False,,49.835981601694286,7.799999999999995,False,11.449717218317668
Jahan Dotson,rec_yds,39.5,,360,3.6,13.3,7.8,,car_atl,11.0,False,,18.46821383259392,7.799999999999995,False,11.449717218317668
Christian McCaffrey,rec_yds,59.5,,250,2.5,26.0,7.8,,mia_sf,43.0,False,,23.613937534041845,7.799999999999995,False,11.449717218317668
Jaxon Smith-Njigba,rec_yds,149.5,,750,7.5,81.3,7.7,,sea_ari,155.0,True,,47.8413842196522,7.699999999999996,False,11.356819602308754
Michael Wilson,rec_yds,99.5,,1200,12.0,44.8,7.7,,sea_ari,18.0,False,,38.37131549582075,7.699999999999996,False,11.356819602308754
Dalton Schultz,rec_yds,89.5,,750,7.5,41.9,7.7,,cin_hou,140.0,True,,33.390760833657545,7.699999999999996,False,11.356819602308754
Harold Fannin Jr.,rec,7.5,,880,8.8,4.2,7.6,,cle_tb,5.0,False,,2.3036605459971544,7.5999999999999845,False,11.263764935374754
Bhayshul Tuten,rush_yds,79.5,,370,3.7,37.7,7.6,,jax_den,65.0,False,,29.17970024929729,7.599999999999996,False,11.263764935374754
Parker Washington,rec_yds,149.5,,1700,17.0,64.9,7.6,,jax_den,98.0,False,,59.05747945192705,7.599999999999996,False,11.263764935374754
Xavier Hutchinson,rec,5.5,,550,5.5,2.3,7.6,,cin_hou,3.0,False,,2.233852650663908,7.599999999999996,False,11.263764935374754
Matthew Golden,rec,5.5,,280,2.8,2.3,7.5,,gb_nyj,4.0,False,,2.2229454962272293,7.499999999999996,False,11.170548058125384
Adonai Mitchell,rec,5.5,,800,8.0,2.0,7.5,,gb_nyj,6.0,True,,2.431346636498532,7.499999999999996,False,11.170548058125384
Jaylin Noel,rec,4.5,,400,4.0,2.4,7.5,,cin_hou,1.0,False,,1.4588079818991193,7.499999999999996,False,11.170548058125384
Jerry Jeudy,rec,6.5,,1500,15.0,3.3,7.4,,cle_tb,0.0,False,,2.212034471408088,7.400000000000007,False,11.077163623164966
Pat Bryant,rec_yds,99.5,,1700,17.0,43.0,7.4,,jax_den,0.0,False,,39.05623363579906,7.400000000000007,False,11.077163623164966
Roman Wilson,rec,2.5,,-166,0.6,1.1,7.4,,pit_ne,5.0,True,,0.9677650812410385,7.400000000000007,False,11.077163623164966
Harold Fannin Jr.,rec_yds,89.5,,1200,12.0,41.9,7.4,,cle_tb,54.0,False,,32.904012762195315,7.400000000000007,False,11.077163623164966
Jayden Daniels,pass_yds,299.5,,520,5.2,199.1,7.4,,was_dal,96.0,False,,69.40258154042877,7.400000000000007,False,11.077163623164966
Aaron Rodgers,rush_yds,14.5,,680,6.8,5.1,7.4,,pit_ne,5.0,False,,6.497851259761259,7.400000000000007,False,11.077163623164966
Ashton Jeanty,rec,9.5,,1700,17.0,4.1,7.3,,lv_lac,4.0,False,,3.714387385081403,7.299999999999985,False,10.983606085827214
Jalen Hurts,rush_yds,89.5,,1700,17.0,38.5,7.3,,phi_ten,16.0,False,,35.08032530354658,7.299999999999985,False,10.983606085827214
Bryce Young,pass_yds,324.5,,850,8.5,189.9,7.3,,car_atl,287.0,False,,92.58454482073275,7.299999999999985,False,10.983606085827214
Darnell Washington,rec_yds,29.5,,320,3.2,12.9,7.3,,pit_ne,7.0,False,,11.418301961546536,7.299999999999985,False,10.983606085827214
Aaron Jones,rush_yds,79.5,,198,1.98,39.8,7.3,,min_chi,105.0,True,,27.30762577550587,7.299999999999985,False,10.983606085827214
Keaton Mitchell,rush_yds,69.5,,1260,12.6,25.1,7.3,,lv_lac,24.0,False,,30.5405184995582,7.299999999999985,False,10.983606085827214
Marvin Harrison Jr.,rec,7.5,,1500,15.0,3.6,7.3,,sea_ari,0.0,False,,2.68261311144768,7.299999999999985,False,10.983606085827214
Trevor Lawrence,pass_yds,324.5,,880,8.8,222.9,7.3,,jax_den,189.0,False,,69.88551080079084,7.299999999999995,False,10.983606085827214
Michael Mayer,rec_yds,49.5,,118,1.18,20.3,7.2,,lv_lac,23.0,False,,19.985541019751494,7.200000000000006,False,10.889869694320275
David Montgomery,rush_yds,109.5,,630,6.3,55.0,7.2,,cin_hou,10.0,False,,37.301780327960834,7.200000000000006,False,10.889869694320275
Michael Wilson,rec,7.5,,1100,11.0,3.9,7.1,,sea_ari,2.0,False,,2.451675103131124,7.099999999999995,False,10.795948479235218
Jaylin Noel,rec_yds,59.5,,490,4.9,25.0,7.1,,cin_hou,31.0,False,,23.495219738339937,7.099999999999995,False,10.795948479235218
Jahan Dotson,rec,2.5,,200,2.0,1.1,7.0,,car_atl,2.0,False,,0.9486437939166218,7.000000000000006,False,10.701836242368213
Josh Downs,rec_yds,79.5,,550,5.5,36.6,7.0,,ind_kc,72.0,False,,29.069156256445055,7.000000000000006,False,10.701836242368213
Christian Watson,rec_yds,109.5,,550,5.5,46.5,7.0,,gb_nyj,41.0,False,,42.68897072624799,7.000000000000006,False,10.701836242368213
Justice Hill,rec_yds,49.5,,920,9.2,15.9,7.0,,no_bal,12.0,False,,22.767451053998926,7.000000000000006,False,10.701836242368213
Kyle Monangai,rush_yds,89.5,,920,9.2,35.0,7.0,,min_chi,47.0,False,,36.92934769175421,7.000000000000006,False,10.701836242368213
Rico Dowdle,rush_yds,99.5,,1700,17.0,48.9,6.9,,pit_ne,22.0,False,,34.11358317790686,6.899999999999995,False,10.607526544799962
Tucker Kraft,rec,8.5,,1700,17.0,4.6,6.8,,gb_nyj,2.0,False,,2.6159514524181677,6.800000000000006,False,10.513012694172785
Jordan Love,pass_yds,324.5,,430,4.3,215.9,6.8,,gb_nyj,145.0,False,,72.84418659810589,6.800000000000006,False,10.513012694172785
Jacoby Brissett,pass_yds,349.5,,1500,15.0,229.8,6.8,,sea_ari,95.0,False,,80.2895868857576,6.800000000000006,False,10.513012694172785
Quinshon Judkins,rush_yds,109.5,,880,8.8,58.0,6.8,,cle_tb,21.0,False,,34.54397430757324,6.800000000000006,False,10.513012694172785
Emmett Johnson,rush_yds,19.5,,106,1.06,4.0,6.8,,ind_kc,15.0,False,,10.396730131405539,6.800000000000006,False,10.513012694172785
Colston Loveland,rec,8.5,,880,8.8,4.6,6.8,,min_chi,1.0,False,,2.6159514524181677,6.800000000000006,False,10.513012694172785
Marvin Harrison Jr.,rec_yds,109.5,,1700,17.0,49.5,6.7,,sea_ari,0.0,False,,40.03969086828525,6.699999999999983,False,10.418287731097331
Denzel Boston,rec_yds,79.5,,680,6.8,30.4,6.7,,cle_tb,95.0,True,,32.7658136938801,6.699999999999983,False,10.418287731097331
Juwan Johnson,rec_yds,99.5,,1400,14.0,43.1,6.7,,no_bal,66.0,False,,37.63730941618813,6.699999999999983,False,10.418287731097331
Breece Hall,rush_yds,149.5,,1500,15.0,66.6,6.7,,gb_nyj,29.0,False,,55.32150621634746,6.699999999999983,False,10.418287731097331
Tyler Warren,rec_yds,99.5,,1200,12.0,49.5,6.6,,ind_kc,21.0,False,,33.19476238908831,6.600000000000006,False,10.323344414616864
Evan Engram,rec,6.5,,1100,11.0,3.0,6.6,,jax_den,1.0,False,,2.323633367236182,6.600000000000006,False,10.323344414616864
Kenneth Walker III,rec,6.5,,880,8.8,2.3,6.6,,ind_kc,6.0,False,,2.7883600406834184,6.600000000000006,False,10.323344414616864
Wan'Dale Robinson,rec,7.5,,680,6.8,4.4,6.6,,phi_ten,1.0,False,,2.058075268123475,6.600000000000006,False,10.323344414616864
Carnell Tate,rec_yds,99.5,,880,8.8,40.9,6.5,,phi_ten,27.0,False,,38.70281153413025,6.499999999999995,False,10.228175206647306
Jalen Coker,rec,5.5,,188,1.88,2.7,6.5,,car_atl,8.0,True,,1.8492810971939364,6.499999999999995,False,10.228175206647306
Daniel Jones,pass_yds,324.5,,920,9.2,211.0,6.5,,ind_kc,210.0,False,,74.96193018982565,6.499999999999995,False,10.228175206647306
Bo Nix,pass_yds,349.5,,1400,14.0,220.4,6.5,,jax_den,288.0,False,,85.26506773133471,6.499999999999995,False,10.228175206647306
Jaylen Warren,rush_yds,79.5,,520,5.2,36.1,6.5,,pit_ne,43.0,False,,28.663857006506017,6.499999999999995,False,10.228175206647306
Jalen Coker,rec_yds,79.5,,300,3.0,33.1,6.4,,car_atl,66.0,False,,30.48547644771035,6.400000000000006,False,10.132772255304856
Alec Pierce,rec,6.5,,1280,12.8,2.9,6.4,,ind_kc,1.0,False,,2.36525248301201,6.400000000000006,False,10.132772255304856
Drake Maye,pass_yds,299.5,,490,4.9,194.7,6.4,,pit_ne,208.0,False,,68.85512783879408,6.400000000000006,False,10.132772255304856
Kenneth Walker III,rush_yds,109.5,,260,2.6,60.3,6.4,,ind_kc,117.0,True,,32.325117267830805,6.400000000000006,False,10.132772255304856
Pat Freiermuth,rec,3.5,,-102,0.98,2.0,6.3,,pit_ne,4.0,True,,0.9803488497038074,6.2999999999999945,False,10.037127377022392
Travis Kelce,rec,6.5,,490,4.9,3.9,6.3,,ind_kc,9.0,True,,1.6992713394865995,6.2999999999999945,False,10.037127377022392
Brenton Strange,rec,6.5,,800,8.0,3.0,6.3,,jax_den,2.0,False,,2.287480649308884,6.2999999999999945,False,10.037127377022392
Rhamondre Stevenson,rush_yds,79.5,,400,4.0,35.0,6.3,,pit_ne,43.0,False,,29.08368254121295,6.2999999999999945,False,10.037127377022392
T.J. Hockenson,rec_yds,69.5,,750,7.5,29.9,6.2,,min_chi,29.0,False,,25.744395647551332,6.2000000000000055,False,9.941232037346337
Tommy Tremble,rec_yds,24.5,,230,2.3,8.1,6.2,,car_atl,4.0,False,,10.661820419692976,6.2000000000000055,False,9.941232037346337
Devaughn Vele,rec,8.5,,1500,15.0,4.0,6.2,,no_bal,5.0,False,,2.9254995054035606,6.2000000000000055,False,9.941232037346337
CeeDee Lamb,rec,11.5,,1700,17.0,6.9,6.2,,was_dal,8.0,False,,2.9905106055236392,6.2000000000000055,False,9.941232037346337
Keenan Allen,rec_yds,69.5,,850,8.5,34.6,6.1,,ind_kc,5.0,False,,22.5680629169851,6.099999999999994,False,9.845077330293384
KC Concepcion,rec_yds,99.5,,1400,14.0,38.1,6.1,,cle_tb,28.0,False,,39.7042711490798,6.099999999999994,False,9.845077330293384
Tetairoa McMillan,rec_yds,149.5,,1500,15.0,72.1,6.1,,car_atl,101.0,False,,50.050661025061515,6.099999999999994,False,9.845077330293384
Bijan Robinson,rec_yds,69.5,,320,3.2,28.6,6.1,,car_atl,9.0,False,,26.447959120478238,6.099999999999994,False,9.845077330293384
Rome Odunze,rec_yds,109.5,,1000,10.0,50.0,6.0,,min_chi,43.0,False,,38.269237531930244,6.000000000000005,False,9.7486539561341
Xavier Hutchinson,rec_yds,69.5,,490,4.9,23.7,6.0,,cin_hou,37.0,False,,29.45766519264546,6.000000000000005,False,9.7486539561341
Jaylen Warren,rec_yds,49.5,,750,7.5,17.0,6.0,,pit_ne,34.0,False,,20.90336503844929,6.000000000000005,False,9.7486539561341
Kyle Pitts,rec,7.5,,1280,12.8,3.8,6.0,,car_atl,1.0,False,,2.379767712069612,6.000000000000005,False,9.7486539561341
Travis Etienne,rush_yds,109.5,,1400,14.0,51.9,6.0,,no_bal,25.0,False,,37.04719465275936,6.000000000000005,False,9.7486539561341
Darnell Washington,rec,2.5,,200,2.0,1.3,5.9,,pit_ne,1.0,False,,0.7676444777467294,5.900000000000006,False,9.65195219745465
Terry McLaurin,rec_yds,109.5,,640,6.4,53.1,5.9,,was_dal,50.0,False,,36.07929045409628,5.900000000000006,False,9.65195219745465
Jalen Nailor,rec_yds,109.5,,1700,17.0,39.9,5.9,,lv_lac,9.0,False,,44.523379709310305,5.900000000000006,False,9.65195219745465
Alec Pierce,rec_yds,109.5,,850,8.5,45.4,5.9,,ind_kc,11.0,False,,41.00500918630446,5.900000000000006,False,9.65195219745465
Kayshon Boutte,rec_yds,89.5,,750,7.5,36.7,5.8,,cin_hou,37.0,False,,33.5923418146756,5.800000000000005,False,9.554961893332015
Chris Brooks,rec_yds,39.5,,360,3.6,9.3,5.8,,gb_nyj,15.0,False,,19.213801568242484,5.800000000000005,False,9.554961893332015
Stefon Diggs,rec_yds,99.5,,750,7.5,50.3,5.8,,was_dal,47.0,False,,31.301954872765904,5.800000000000005,False,9.554961893332015
Evan Engram,rec_yds,69.5,,1260,12.6,28.6,5.8,,jax_den,17.0,False,,26.021340534474092,5.800000000000005,False,9.554961893332015
Trey McBride,rec,10.5,,750,7.5,6.3,5.8,,sea_ari,8.0,False,,2.6721180988946505,5.800000000000005,False,9.554961893332015
Colston Loveland,rec_yds,109.5,,850,8.5,50.3,5.8,,min_chi,3.0,False,,37.66414082251507,5.800000000000005,False,9.554961893332015
Kenyon Sadiq,rec,5.5,,880,8.8,2.6,5.8,,gb_nyj,2.0,False,,1.8450339254272585,5.800000000000005,False,9.554961893332015
Jaxon Smith-Njigba,rec,11.5,,1100,11.0,6.8,5.8,,sea_ari,9.0,False,,2.990227396382109,5.800000000000005,False,9.554961893332015
Garrett Wilson,rec,10.5,,1100,11.0,5.6,5.7,,gb_nyj,5.0,False,,3.1003498099140985,5.700000000000005,False,9.45767241143891
Germie Bernard,rec_yds,24.5,,172,1.72,8.9,5.7,,pit_ne,35.0,True,,9.870501435644883,5.699999999999994,False,9.45767241143891
Hunter Henry,rec,7.5,,1400,14.0,3.4,5.7,,pit_ne,3.0,False,,2.594170249111796,5.700000000000005,False,9.45767241143891
Stefon Diggs,rec,7.5,,520,5.2,4.3,5.7,,was_dal,5.0,False,,2.024718243209207,5.700000000000005,False,9.45767241143891
Chuba Hubbard,rush_yds,89.5,,370,3.7,36.9,5.6,,car_atl,53.0,False,,33.09700733939985,5.599999999999994,False,9.360072617872373
Juwan Johnson,rec,8.5,,1500,15.0,4.0,5.6,,no_bal,4.0,False,,2.831493023332687,5.600000000000005,False,9.360072617872373
George Kittle,rec,7.5,,920,9.2,4.5,5.6,,mia_sf,4.0,False,,1.8876620155551247,5.600000000000005,False,9.360072617872373
Rashod Bateman,rec,3.5,,168,1.68,1.6,5.6,,no_bal,7.0,True,,1.1955192765182456,5.600000000000005,False,9.360072617872373
Patrick Mahomes,pass_yds,349.5,,1280,12.8,222.2,5.6,,ind_kc,382.0,True,,80.09979152672247,5.600000000000005,False,9.360072617872373
Justin Herbert,pass_td,4.0,,920,9.2,1.42,5.6,,lv_lac,1.0,False,,1.6233893333774072,5.600000000000005,False,9.360072617872373
Jerry Jeudy,rec_yds,99.5,,1400,14.0,41.9,5.6,,cle_tb,0.0,False,,36.2431106986584,5.600000000000005,False,9.360072617872373
Jaylen Warren,rec,6.5,,880,8.8,2.6,5.6,,pit_ne,2.0,False,,2.453960620221662,5.600000000000005,False,9.360072617872373
Cole Kmet,rec_yds,39.5,,580,5.8,15.3,5.6,,min_chi,0.0,False,,15.227140258811339,5.600000000000005,False,9.360072617872373
Mack Hollins,rec_yds,99.5,,1100,11.0,40.5,5.5,,pit_ne,18.0,False,,36.916689557839874,5.499999999999994,False,9.262150844477068
Pat Freiermuth,rec_yds,49.5,,270,2.7,21.3,5.5,,pit_ne,32.0,False,,17.64492619544211,5.499999999999994,False,9.262150844477068
Rashid Shaheed,rec,4.5,,800,8.0,2.1,5.5,,sea_ari,3.0,False,,1.501695846420605,5.499999999999994,False,9.262150844477068
Tetairoa McMillan,rec,9.5,,1700,17.0,5.3,5.5,,car_atl,5.0,False,,2.627967731236059,5.500000000000005,False,9.262150844477068
Hunter Henry,rec_yds,89.5,,750,7.5,36.5,5.5,,pit_ne,40.0,False,,33.16244994178836,5.499999999999994,False,9.262150844477068
Aaron Rodgers,pass_yds,324.5,,1000,10.0,202.5,5.5,,pit_ne,187.0,False,,76.33620552638075,5.499999999999994,False,9.262150844477068
Jalen Hurts,pass_td,4.0,,1500,15.0,1.41,5.5,,phi_ten,2.0,False,,1.620580100928903,5.499999999999994,False,9.262150844477068
Rico Dowdle,rec,5.5,,880,8.8,1.9,5.4,,pit_ne,2.0,False,,2.2398536144563184,5.400000000000005,False,9.163894853404852
Ashton Jeanty,rec_yds,69.5,,920,9.2,23.6,5.4,,lv_lac,15.0,False,,28.55813358431806,5.400000000000005,False,9.163894853404852
Rashee Rice,rec,8.5,,800,8.0,5.3,5.4,,ind_kc,4.0,False,,1.9909809906278388,5.400000000000005,False,9.163894853404852
Tyjae Spears,rec_yds,39.5,,490,4.9,13.2,5.4,,phi_ten,29.0,False,,16.36337501672255,5.400000000000005,False,9.163894853404852
Ryan Flournoy,rec_yds,79.5,,880,8.8,32.4,5.4,,was_dal,23.0,False,,29.3047514558035,5.400000000000005,False,9.163894853404852
TreVeyon Henderson,rush_yds,89.5,,920,9.2,38.8,5.3,,pit_ne,76.0,False,,31.365292755091275,5.300000000000004,False,9.065291798621688
C.J. Stroud,pass_td,4.0,,1280,12.8,1.4,5.3,,cin_hou,0.0,False,,1.6084765515431423,5.300000000000004,False,9.065291798621688
Jadarian Price,rush_yds,124.5,,1100,11.0,57.7,5.3,,sea_ari,52.0,False,,41.32547447810842,5.300000000000004,False,9.065291798621688
Jakobi Meyers,rec,8.5,,1700,17.0,3.8,5.3,,jax_den,1.0,False,,2.9076306893279877,5.300000000000004,False,9.065291798621688
Jordan Addison,rec_yds,109.5,,1200,12.0,44.5,5.3,,min_chi,21.0,False,,40.211913788578556,5.300000000000004,False,9.065291798621688
Carnell Tate,rec,8.5,,1700,17.0,4.1,5.3,,phi_ten,3.0,False,,2.7220372410730103,5.300000000000004,False,9.0652917986217
Cooper Kupp,rec,4.5,,640,6.4,2.5,5.3,,sea_ari,2.0,False,,1.2372896550331862,5.300000000000004,False,9.065291798621688
Caleb Williams,pass_yds,374.5,,1700,17.0,227.5,5.3,,min_chi,138.0,False,,90.94078964493919,5.300000000000004,False,9.065291798621688
Jakobi Meyers,rec_yds,99.5,,1200,12.0,40.2,5.3,,jax_den,28.0,False,,36.68563827173397,5.300000000000004,False,9.065291798621688
Pat Bryant,rec,7.5,,1500,15.0,3.3,5.2,,jax_den,0.0,False,,2.5834017640974616,5.200000000000005,False,8.966328184035754
Brian Robinson,rush_yds,49.5,,390,3.9,20.2,5.2,,car_atl,51.0,True,,18.022302782870387,5.200000000000005,False,8.966328184035754
Adonai Mitchell,rec_yds,79.5,,580,5.8,23.8,5.2,,gb_nyj,63.0,False,,34.26082815719729,5.200000000000005,False,8.966328184035754
Cade Otton,rec_yds,79.5,,1280,12.8,32.3,5.2,,cle_tb,38.0,False,,29.03251506319052,5.200000000000005,False,8.966328184035754
Terry McLaurin,rec,7.5,,850,8.5,4.0,5.2,,was_dal,2.0,False,,2.1528348034145512,5.200000000000005,False,8.966328184035754
Tony Pollard,rec_yds,39.5,,880,8.8,12.7,5.1,,phi_ten,1.0,False,,16.389091559858723,5.100000000000005,False,8.866989817879167
Xavier Worthy,rec_yds,79.5,,580,5.8,32.4,5.1,,ind_kc,25.0,False,,28.80321688318455,5.100000000000005,False,8.866989817879167
Devaughn Vele,rec_yds,99.5,,1000,10.0,43.7,5.1,,no_bal,64.0,False,,34.12355630746704,5.100000000000005,False,8.866989817879167
Carson Wentz,pass_td,4.0,,1400,14.0,1.38,5.1,,min_chi,0.0,False,,1.602217159956338,5.100000000000005,False,8.866989817879167
Travis Kelce,rec_yds,89.5,,750,7.5,42.2,5.1,,ind_kc,101.0,True,,28.92552353661633,5.100000000000005,False,8.866989817879167
DK Metcalf,rec_yds,109.5,,550,5.5,53.4,5.0,,pit_ne,27.0,False,,34.10637827025025,5.000000000000004,False,8.767261762927692
Caleb Douglas,rec_yds,109.5,,1200,12.0,40.4,5.0,,mia_sf,19.0,False,,42.00981708510324,5.000000000000004,False,8.767261762927703
Javonte Williams,rush_yds,124.5,,550,5.5,55.8,5.0,,was_dal,30.0,False,,41.76663435233854,5.000000000000004,False,8.767261762927703
Woody Marks,rec,3.5,,750,7.5,1.3,4.9,,cin_hou,5.0,True,,1.3296040740483088,4.900000000000004,False,8.66712828208751
Tre Tucker,rec_yds,109.5,,1400,14.0,39.9,4.9,,lv_lac,119.0,True,,42.06383797898285,4.900000000000004,False,8.66712828208751
Rashod Bateman,rec_yds,59.5,,220,2.2,22.7,4.8,,no_bal,88.0,True,,22.1079064406197,4.800000000000004,False,8.566572778813297
Christian McCaffrey,rec,9.5,,1100,11.0,4.5,4.8,,mia_sf,4.0,False,,3.003791635953764,4.800000000000004,False,8.566572778813297
J.K. Dobbins,rush_yds,109.5,,700,7.0,55.3,4.8,,jax_den,36.0,False,,32.561101333738804,4.800000000000004,False,8.566572778813297
Keenan Allen,rec,5.5,,320,3.2,3.1,4.8,,ind_kc,1.0,False,,1.4418199852578066,4.800000000000004,False,8.566572778813297
Bryce Young,rush_yds,39.5,,880,8.8,15.7,4.8,,car_atl,6.0,False,,14.298048187139916,4.800000000000004,False,8.566572778813297
Jonathan Taylor,rush_yds,174.5,,1280,12.8,79.7,4.8,,ind_kc,92.0,False,,56.95188941768336,4.800000000000004,False,8.566572778813297
Kayshon Boutte,rec,5.5,,490,4.9,2.6,4.8,,cin_hou,3.0,False,,1.742199148853183,4.800000000000004,False,8.566572778813297
Jayden Reed,rec_yds,109.5,,1700,17.0,45.8,4.8,,gb_nyj,4.0,False,,38.26830544205095,4.800000000000004,False,8.566572778813297
Rhamondre Stevenson,rec_yds,49.5,,750,7.5,19.6,4.7,,pit_ne,3.0,False,,17.854318315242168,4.700000000000005,False,8.465577731748697
Jacory Croskey-Merritt,rush_yds,109.5,,880,8.8,50.2,4.6,,was_dal,43.0,False,,35.19411550288269,4.600000000000004,False,8.36412462289271
Mark Andrews,rec_yds,99.5,,700,7.0,43.3,4.6,,no_bal,49.0,False,,33.35428821689725,4.600000000000004,False,8.3641246228927
Brenton Strange,rec_yds,79.5,,1100,11.0,31.4,4.6,,jax_den,17.0,False,,28.54699756641918,4.600000000000004,False,8.3641246228927
Michael Wilson,rec_yds,109.5,,1500,15.0,44.8,4.6,,sea_ari,18.0,False,,38.39897593653474,4.600000000000004,False,8.3641246228927
Caleb Williams,pass_td,4.0,,880,8.8,1.31,4.5,,min_chi,0.0,False,,1.5866483620343077,4.5000000000000036,False,8.262193858494992
Tommy Tremble,rec,2.5,,210,2.1,1.1,4.5,,car_atl,1.0,False,,0.8257649467836545,4.5000000000000036,False,8.262193858494992
Xavier Worthy,rec,5.5,,430,4.3,2.7,4.5,,ind_kc,5.0,False,,1.651529893567309,4.5000000000000036,False,8.262193858494992
Drake Maye,rush_yds,79.5,,1500,15.0,31.3,4.5,,pit_ne,20.0,False,,28.429907453551536,4.5000000000000036,False,8.262193858494992
Trey McBride,rec_yds,124.5,,1000,10.0,59.9,4.5,,sea_ari,41.0,False,,38.1031539730172,4.5000000000000036,False,8.262193858494992
Tre Harris,rec_yds,89.5,,1000,10.0,35.3,4.5,,lv_lac,53.0,False,,31.96890008262434,4.5000000000000036,False,8.262193858494992
Jonathan Taylor,rec_yds,39.5,,450,4.5,12.9,4.4,,ind_kc,40.0,True,,15.59163151916661,4.400000000000004,False,8.15976468176489
Brock Purdy,pass_yds,374.5,,1500,15.0,232.9,4.4,,mia_sf,287.0,False,,82.999061019323,4.400000000000004,False,8.15976468176489
Gunnar Helm,rec_yds,49.5,,550,5.5,19.7,4.4,,phi_ten,13.0,False,,17.46731651395357,4.400000000000004,False,8.15976468176489
Woody Marks,rec_yds,39.5,,640,6.4,9.9,4.3,,cin_hou,27.0,False,,17.24051549272309,4.300000000000015,False,8.056815076340207
Bijan Robinson,rec,8.5,,580,5.8,3.8,4.3,,car_atl,3.0,False,,2.7375142843175175,4.300000000000015,False,8.056815076340207
Cooper Kupp,rec_yds,69.5,,850,8.5,31.0,4.3,,sea_ari,20.0,False,,22.42431913749456,4.300000000000015,False,8.056815076340207
Roman Wilson,rec_yds,39.5,,130,1.3,13.2,4.3,,pit_ne,28.0,False,,15.318430995223556,4.300000000000015,False,8.056815076340207
Wan'Dale Robinson,rec_yds,99.5,,1280,12.8,44.1,4.3,,phi_ten,9.0,False,,32.26772156408308,4.300000000000015,False,8.056815076340207
Lamar Jackson,pass_yds,349.5,,1500,15.0,220.1,4.2,,no_bal,235.0,False,,74.88710555916168,4.200000000000004,False,7.953321659297696
Dalton Schultz,rec_yds,99.5,,1000,10.0,41.9,4.2,,cin_hou,140.0,True,,33.33460031072421,4.200000000000004,False,7.953321659297696
Matthew Golden,rec_yds,79.5,,350,3.5,25.3,4.2,,gb_nyj,58.0,False,,31.36693293127174,4.200000000000004,False,7.953321659297696
Emeka Egbuka,rec,8.5,,1500,15.0,4.5,4.2,,cle_tb,3.0,False,,2.3149027993558478,4.200000000000004,False,7.953321659297696
Dalton Schultz,rec,7.5,,370,3.7,3.9,4.2,,cin_hou,12.0,True,,2.0834125194202633,4.200000000000004,False,7.953321659297696
Bryce Young,pass_yds,349.5,,1280,12.8,189.9,4.2,,car_atl,287.0,False,,92.36462169429832,4.200000000000004,False,7.953321659297696
T.J. Hockenson,rec,5.5,,320,3.2,2.9,4.2,,min_chi,3.0,False,,1.5046868195813012,4.200000000000004,False,7.953321659297696
Kyle Monangai,rush_yds,99.5,,1280,12.8,35.0,4.0,,min_chi,47.0,False,,36.84269901905754,4.0000000000000036,False,7.744602299197534
Christian Watson,rec,7.5,,880,8.8,3.2,4.0,,gb_nyj,4.0,False,,2.456179934603836,4.0000000000000036,False,7.744602299197534
Harold Fannin Jr.,rec_yds,99.5,,1700,17.0,41.9,4.0,,cle_tb,54.0,False,,32.901387030972316,4.0000000000000036,False,7.744602299197534
Jordan Addison,rec,7.5,,1280,12.8,3.5,4.0,,min_chi,2.0,False,,2.284818543817522,4.0000000000000036,False,7.744602299197534
Drake Maye,pass_td,4.0,,1280,12.8,1.26,3.9,,pit_ne,0.0,False,,1.5546890547129237,3.9000000000000035,False,7.639321618289974
Mark Andrews,rec,7.5,,750,7.5,3.5,3.9,,no_bal,6.0,False,,2.269619057975071,3.9000000000000035,False,7.639321618289974
Jake Ferguson,rec_yds,79.5,,1700,17.0,30.6,3.9,,was_dal,43.0,False,,27.746092983745243,3.9000000000000035,False,7.639321618289974
Carnell Tate,rec_yds,109.5,,1200,12.0,40.9,3.8,,phi_ten,27.0,False,,38.66134996082298,3.8000000000000034,False,7.533387336803776
Garrett Wilson,rec_yds,149.5,,1200,12.0,64.1,3.8,,gb_nyj,57.0,False,,48.12943566551433,3.8000000000000034,False,7.533387336803776
Bhayshul Tuten,rush_yds,89.5,,550,5.5,37.7,3.8,,jax_den,65.0,False,,29.193264256131638,3.8000000000000034,False,7.533387336803776
Rico Dowdle,rec_yds,39.5,,640,6.4,11.4,3.8,,pit_ne,22.0,False,,15.836500494156354,3.8000000000000034,False,7.533387336803776
Chase Brown,rec_yds,69.5,,1500,15.0,23.2,3.7,,cin_hou,2.0,False,,25.914952218669743,3.7000000000000033,False,7.426767155147374
Keaton Mitchell,rush_yds,79.5,,1700,17.0,25.1,3.7,,lv_lac,24.0,False,,30.44866956146078,3.7000000000000033,False,7.426767155147374
Denzel Boston,rec_yds,89.5,,920,9.2,30.4,3.6,,cle_tb,95.0,True,,32.84942760309993,3.600000000000003,False,7.319426447709054
Justin Herbert,rush_yds,49.5,,880,8.8,18.8,3.6,,lv_lac,2.0,False,,17.06391586150876,3.600000000000003,False,7.319426447709054
Jayden Daniels,pass_yds,324.5,,880,8.8,199.1,3.6,,was_dal,96.0,False,,69.70081592942016,3.600000000000003,False,7.319426447709054
Tyler Warren,rec_yds,109.5,,1700,17.0,49.5,3.5,,ind_kc,21.0,False,,33.114215229069245,3.500000000000003,False,7.211328026543362
Trevor Lawrence,pass_yds,349.5,,1280,12.8,222.9,3.5,,jax_den,189.0,False,,69.8709941333361,3.500000000000003,False,7.211328026543362
Josh Downs,rec_yds,89.5,,850,8.5,36.6,3.5,,ind_kc,72.0,False,,29.195699760296048,3.500000000000003,False,7.211328026543362
Dallas Goedert,rec,7.5,,1100,11.0,3.8,3.5,,phi_ten,1.0,False,,2.0420432724592703,3.500000000000003,False,7.211328026543362
David Njoku,rec,4.5,,350,3.5,2.2,3.5,,lv_lac,1.0,False,,1.2693782504476543,3.500000000000003,False,7.211328026543362
Emmett Johnson,rec_yds,39.5,,920,9.2,10.6,3.5,,ind_kc,20.0,False,,15.950013668668351,3.500000000000003,False,7.211328026543362
Rashee Rice,rec_yds,124.5,,1280,12.8,60.4,3.4,,ind_kc,83.0,False,,35.123156394415396,3.400000000000003,False,7.102431873540316
DK Metcalf,rec,7.5,,550,5.5,3.8,3.4,,pit_ne,4.0,False,,2.027389682672964,3.400000000000003,False,7.102431873540316
Josh Downs,rec,6.5,,450,4.5,3.4,3.4,,ind_kc,7.0,True,,1.698623788185456,3.400000000000003,False,7.102431873540316
Rhamondre Stevenson,rec,5.5,,640,6.4,2.3,3.4,,pit_ne,1.0,False,,1.753418103933374,3.400000000000003,False,7.102431873540316
Tyquan Thornton,rec,2.5,,470,4.7,1.0,3.4,,ind_kc,4.0,True,,0.821914736218769,3.400000000000003,False,7.102431873540316
Aaron Jones,rush_yds,89.5,,280,2.8,39.8,3.4,,min_chi,105.0,True,,27.232774926715216,3.400000000000003,False,7.102431873540316
Kirk Cousins,rush_yds,14.5,,880,8.8,2.6,3.4,,lv_lac,4.0,False,,6.520523574002234,3.400000000000003,False,7.102431873540316
Caleb Williams,rush_yds,69.5,,1200,12.0,26.1,3.4,,min_chi,42.0,False,,23.780733034596384,3.400000000000003,False,7.102431873540316
Christian Watson,rec_yds,124.5,,850,8.5,46.5,3.4,,gb_nyj,41.0,False,,42.739566283375986,3.400000000000003,False,7.102431873540316
Christian McCaffrey,rec_yds,69.5,,390,3.9,26.0,3.3,,mia_sf,43.0,False,,23.661575254739176,3.300000000000003,False,6.992694835811042
Josh Oliver,rec_yds,24.5,,210,2.1,7.1,3.3,,min_chi,24.0,False,,9.46463010189567,3.300000000000003,False,6.992694835811042
Jordan Love,pass_yds,349.5,,750,7.5,215.9,3.3,,gb_nyj,145.0,False,,72.6709529662794,3.300000000000003,False,6.992694835811042
Braelon Allen,rush_yds,39.5,,250,2.5,12.2,3.3,,gb_nyj,7.0,False,,14.84967826331907,3.300000000000003,False,6.992694835811042
Bijan Robinson,rush_yds,149.5,,880,8.8,71.0,3.2,,car_atl,72.0,False,,42.382493054519486,3.200000000000003,False,6.882070277954433
Antonio Williams,rec_yds,39.5,,188,1.88,8.1,3.2,,was_dal,24.0,False,,16.952997221807795,3.200000000000003,False,6.882070277954444
Adonai Mitchell,rec,6.5,,1400,14.0,2.0,3.2,,gb_nyj,6.0,False,,2.429569665545703,3.200000000000003,False,6.882070277954433
Jalen Coker,rec_yds,89.5,,430,4.3,33.1,3.2,,car_atl,66.0,False,,30.45060647483948,3.200000000000003,False,6.882070277954433
AJ Barner,rec,5.5,,880,8.8,2.9,3.2,,sea_ari,1.0,False,,1.403751362315295,3.200000000000003,False,6.882070277954433
Daniel Jones,pass_yds,349.5,,1500,15.0,211.0,3.2,,ind_kc,210.0,False,,74.77675526179553,3.200000000000003,False,6.882070277954433
Kayshon Boutte,rec_yds,99.5,,920,9.2,36.7,3.1,,cin_hou,37.0,False,,33.64954360536464,3.1000000000000028,False,6.770507683543581
David Montgomery,rush_yds,124.5,,920,9.2,55.0,3.1,,cin_hou,10.0,False,,37.239542684280934,3.1000000000000028,False,6.770507683543581
Cam Ward,rush_yds,24.5,,370,3.7,9.1,3.1,,phi_ten,7.0,False,,8.251639673926999,3.1000000000000028,False,6.770507683543581
Jaylen Warren,rush_yds,89.5,,750,7.5,36.1,3.1,,pit_ne,43.0,False,,28.61282847972089,3.1000000000000028,False,6.770507683543581
Rhamondre Stevenson,rush_yds,89.5,,630,6.3,35.0,3.1,,pit_ne,43.0,False,,29.20223131357282,3.1000000000000028,False,6.770507683543581
Harold Fannin Jr.,rec,8.5,,1400,14.0,4.2,3.1,,cle_tb,5.0,False,,2.3040292596029928,3.1000000000000028,False,6.770507683543581
Kenneth Walker III,rec,7.5,,1400,14.0,2.3,3.1,,ind_kc,6.0,False,,2.78626794184548,3.1000000000000028,False,6.770507683543581
Mack Hollins,rec_yds,109.5,,1500,15.0,40.5,3.1,,pit_ne,18.0,False,,36.97163230525733,3.1000000000000028,False,6.770507683543581
Colston Loveland,rec,9.5,,1280,12.8,4.6,3.1,,min_chi,1.0,False,,2.6255217144313177,3.1000000000000028,False,6.770507683543581
Kalif Raymond,rec,2.5,,124,1.24,1.1,3.1,,min_chi,5.0,True,,0.7501490612660907,3.1000000000000028,False,6.770507683543581
Tyler Warren,rec,8.5,,850,8.5,4.5,3.0,,ind_kc,6.0,False,,2.126761800265713,3.0000000000000027,False,6.657952196514005
Michael Wilson,rec,8.5,,1700,17.0,3.9,3.0,,sea_ari,2.0,False,,2.4457760703055698,3.0000000000000027,False,6.6579521965140165
Xavier Hutchinson,rec,6.5,,880,8.8,2.3,3.0,,cin_hou,3.0,False,,2.2330998902789987,3.0000000000000027,False,6.657952196514005
Drake Maye,pass_yds,324.5,,850,8.5,194.7,3.0,,pit_ne,208.0,False,,69.01342041862239,3.0000000000000027,False,6.657952196514005
Matthew Golden,rec,6.5,,520,5.2,2.3,3.0,,gb_nyj,4.0,False,,2.2330998902789987,3.0000000000000027,False,6.657952196514005
Stefon Diggs,rec_yds,109.5,,1100,11.0,50.3,2.9,,was_dal,47.0,False,,31.228604120291738,2.9000000000000026,False,6.544344091052934
Hunter Henry,rec_yds,99.5,,1000,10.0,36.5,2.9,,pit_ne,40.0,False,,33.23314289828343,2.9000000000000026,False,6.544344091052934
David Njoku,rec_yds,59.5,,640,6.4,21.9,2.9,,lv_lac,9.0,False,,19.83438369802313,2.9000000000000026,False,6.544344091052934
Jaylin Noel,rec_yds,69.5,,750,7.5,25.0,2.9,,cin_hou,31.0,False,,23.47420411069227,2.9000000000000026,False,6.544344091052934
Jaxon Smith-Njigba,rec,12.5,,1700,17.0,6.8,2.9,,sea_ari,9.0,False,,3.006808166987549,2.9000000000000026,False,6.544344091052934
Jakobi Meyers,rec_yds,109.5,,1700,17.0,40.2,2.9,,jax_den,28.0,False,,36.55645718811178,2.9000000000000026,False,6.544344091052934
Bryce Young,pass_td,4.0,,1260,12.6,1.14,2.9,,car_atl,3.0,False,,1.5086791855411212,2.9000000000000026,False,6.544344091052934
Chuba Hubbard,rush_yds,99.5,,550,5.5,36.9,2.9,,car_atl,53.0,False,,33.02213881638957,2.9000000000000026,False,6.544344091052934
Garrett Wilson,rec,11.5,,1700,17.0,5.6,2.9,,gb_nyj,5.0,False,,3.1123102079344807,2.9000000000000026,False,6.544344091052934
Xavier Hutchinson,rec_yds,79.5,,680,6.8,23.7,2.9,,cin_hou,37.0,False,,29.435069424193898,2.9000000000000026,False,6.544344091052934
Jayden Reed,rec,7.5,,1260,12.6,3.6,2.9,,gb_nyj,1.0,False,,2.057289798465165,2.9000000000000026,False,6.544344091052934
Jonathon Brooks,rec_yds,39.5,,320,3.2,9.9,2.9,,car_atl,-5.0,False,,15.614302060145869,2.9000000000000026,False,6.544344091052934
Adonai Mitchell,rec_yds,89.5,,850,8.5,23.8,2.8,,gb_nyj,63.0,False,,34.37926450208269,2.8000000000000025,False,6.429618155951644
Devaughn Vele,rec_yds,109.5,,1400,14.0,43.7,2.7,,no_bal,64.0,False,,34.1492376224414,2.7000000000000024,False,6.313702976017277
Alec Pierce,rec_yds,124.5,,1200,12.0,45.4,2.7,,ind_kc,11.0,False,,41.051743099317854,2.7000000000000024,False,6.313702976017277
Bijan Robinson,rec_yds,79.5,,490,4.9,28.6,2.7,,car_atl,9.0,False,,26.41635554684297,2.7000000000000024,False,6.313702976017277
Quinshon Judkins,rush_yds,124.5,,1280,12.8,58.0,2.7,,cle_tb,21.0,False,,34.51252738438227,2.7000000000000024,False,6.313702976017277
Aaron Rodgers,pass_yds,349.5,,1700,17.0,202.5,2.7,,pit_ne,187.0,False,,76.29085000758185,2.7000000000000024,False,6.313702976017277
T.J. Hockenson,rec_yds,79.5,,1200,12.0,29.9,2.7,,min_chi,29.0,False,,25.74167456038136,2.7000000000000024,False,6.313702976017277
Darren Waller,rec,4.5,,750,7.5,1.5,2.7,,car_atl,3.0,False,,1.5569561226037112,2.7000000000000024,False,6.313702976017277
Chuba Hubbard,rec_yds,39.5,,680,6.8,9.8,2.7,,car_atl,11.0,False,,15.413865613776741,2.7000000000000024,False,6.313702976017277
Rome Odunze,rec_yds,124.5,,1500,15.0,50.0,2.6,,min_chi,43.0,False,,38.34012967848024,2.6000000000000023,False,6.196520088810709
Trey McBride,rec,11.5,,1100,11.0,6.3,2.6,,sea_ari,8.0,False,,2.6760895882966076,2.6000000000000023,False,6.196520088810709
Kenneth Walker III,rec_yds,49.5,,580,5.8,13.7,2.6,,ind_kc,61.0,True,,18.423847550195873,2.6000000000000023,False,6.196520088810709
Ryan Flournoy,rec_yds,89.5,,1200,12.0,32.4,2.6,,was_dal,23.0,False,,29.385522209949286,2.6000000000000023,False,6.196520088810709
Jaxon Smith-Njigba,rec_yds,174.5,,1400,14.0,81.3,2.6,,sea_ari,155.0,False,,47.96375954408535,2.6000000000000023,False,6.196520088810709
Brenton Strange,rec,7.5,,1400,14.0,3.0,2.5,,jax_den,2.0,False,,2.2959605561609426,2.500000000000002,False,6.077982989359921
Michael Mayer,rec_yds,59.5,,198,1.98,20.3,2.5,,lv_lac,23.0,False,,20.000367511446438,2.500000000000002,False,6.077982989359921
Jahan Dotson,rec_yds,49.5,,580,5.8,13.3,2.5,,car_atl,11.0,False,,18.469727140672475,2.500000000000002,False,6.077982989359921
Ashton Jeanty,rec_yds,79.5,,1280,12.8,23.6,2.5,,lv_lac,15.0,False,,28.520932242088154,2.500000000000002,False,6.077982989359921
Jake Ferguson,rec,6.5,,750,7.5,3.4,2.5,,was_dal,4.0,False,,1.5816617164664273,2.500000000000002,False,6.077982989359921
Cade Otton,rec,6.5,,1200,12.0,3.2,2.5,,cle_tb,5.0,False,,1.6837044078513579,2.500000000000002,False,6.077982989359921
Tyquan Thornton,rec_yds,39.5,,360,3.6,12.0,2.4,,ind_kc,86.0,True,,13.907372853770278,2.400000000000002,False,5.957995948139116
Keenan Allen,rec_yds,79.5,,1200,12.0,34.6,2.4,,ind_kc,5.0,False,,22.706946950337652,2.400000000000002,False,5.957995948139116
Terry McLaurin,rec_yds,124.5,,920,9.2,53.1,2.4,,was_dal,50.0,False,,36.108597154879924,2.400000000000002,False,5.957995948139116
Cole Kmet,rec,3.5,,640,6.4,1.7,2.4,,min_chi,0.0,False,,0.9103007686104182,2.400000000000002,False,5.957995948139116
Travis Kelce,rec_yds,99.5,,920,9.2,42.2,2.4,,ind_kc,101.0,True,,28.977907800764978,2.400000000000002,False,5.957995948139116
Mark Andrews,rec_yds,109.5,,920,9.2,43.3,2.4,,no_bal,49.0,False,,33.47883937889427,2.400000000000002,False,5.957995948139116
Kenneth Walker III,rush_yds,124.5,,410,4.1,60.3,2.4,,ind_kc,117.0,False,,32.46739408043825,2.400000000000002,False,5.957995948139105
Emmett Johnson,rush_yds,24.5,,168,1.68,4.0,2.4,,ind_kc,15.0,False,,10.367314309174207,2.400000000000002,False,5.957995948139116
Tyler Allgeier,rush_yds,59.5,,350,3.5,28.6,2.4,,sea_ari,10.0,False,,15.626829861145511,2.400000000000002,False,5.957995948139116
Colston Loveland,rec_yds,124.5,,1280,12.8,50.3,2.4,,min_chi,3.0,False,,37.52462057271835,2.400000000000002,False,5.957995948139116
Michael Mayer,rec,5.5,,104,1.04,2.3,2.3,,lv_lac,3.0,False,,1.6036938600996218,2.300000000000002,False,5.836452597870467
Xavier Worthy,rec_yds,89.5,,800,8.0,32.4,2.3,,ind_kc,25.0,False,,28.615912316152624,2.300000000000002,False,5.836452597870467
Gunnar Helm,rec,3.5,,142,1.42,1.9,2.3,,phi_ten,2.0,False,,0.8018469300498109,2.300000000000002,False,5.836452597870467
Wan'Dale Robinson,rec,8.5,,1100,11.0,4.4,2.3,,phi_ten,1.0,False,,2.05473275825264,2.300000000000002,False,5.836452597870467
Christian McCaffrey,rec,10.5,,1700,17.0,4.5,2.3,,mia_sf,4.0,False,,3.0069259876867904,2.300000000000002,False,5.836452597870467
Tre Harris,rec_yds,99.5,,1400,14.0,35.3,2.2,,lv_lac,53.0,False,,31.875424691338008,2.200000000000002,False,5.713234231688336
Tommy Tremble,rec_yds,29.5,,350,3.5,8.1,2.2,,car_atl,4.0,False,,10.625141563779335,2.200000000000002,False,5.713234231688336
Dontayvion Wicks,rec_yds,49.5,,225,2.25,16.2,2.2,,phi_ten,74.0,True,,16.53351467634822,2.200000000000002,False,5.713234231688336
Dalton Schultz,rec_yds,109.5,,1400,14.0,41.9,2.2,,cin_hou,140.0,True,,33.56353129492911,2.200000000000002,False,5.713234231688336
Brenton Strange,rec_yds,89.5,,1500,15.0,31.4,2.1,,jax_den,17.0,False,,28.57114546976149,2.100000000000002,False,5.588207737595885
Jalen Coker,rec,6.5,,350,3.5,2.7,2.0,,car_atl,8.0,True,,1.8502748706661296,2.0000000000000018,False,5.461223070018195
Kalif Raymond,rec_yds,39.5,,230,2.3,12.4,2.0,,min_chi,40.0,True,,13.195381314487399,2.0000000000000018,False,5.461223070018195
Matthew Golden,rec_yds,89.5,,490,4.9,25.3,2.0,,gb_nyj,58.0,False,,31.259907025464614,2.0000000000000018,False,5.461223070018195
Brock Purdy,rush_yds,39.5,,880,8.8,13.8,2.0,,mia_sf,30.0,False,,12.513701098978824,2.0000000000000018,False,5.461223070018195
Germie Bernard,rec_yds,29.5,,225,2.25,8.9,1.9,,pit_ne,35.0,True,,9.928405906461434,1.9000000000000017,False,5.332110125744904
Stefon Diggs,rec,8.5,,880,8.8,4.3,1.9,,was_dal,5.0,False,,2.0242380974338845,1.9000000000000017,False,5.332110125744904
Bijan Robinson,rec,9.5,,880,8.8,3.8,1.9,,car_atl,3.0,False,,2.747180275088843,1.9000000000000017,False,5.332110125744904
Terry McLaurin,rec,8.5,,1400,14.0,4.0,1.9,,was_dal,2.0,False,,2.168826532964876,1.9000000000000017,False,5.332110125744904
DK Metcalf,rec_yds,124.5,,880,8.8,53.4,1.9,,pit_ne,27.0,False,,34.26745922084504,1.9000000000000017,False,5.332110125744904
George Kittle,rec,8.5,,1400,14.0,4.5,1.8,,mia_sf,4.0,False,,1.9075529006714658,1.8000000000000016,False,5.200674844308317
Rashee Rice,rec,9.5,,1200,12.0,5.3,1.8,,ind_kc,4.0,False,,2.002930545705039,1.8000000000000016,False,5.200674844308317
Antonio Williams,rec,3.5,,270,2.7,1.0,1.8,,was_dal,3.0,False,,1.192220562919666,1.8000000000000016,False,5.200674844308317
Jaylin Noel,rec,5.5,,750,7.5,2.4,1.7,,cin_hou,1.0,False,,1.4622147048136052,1.7000000000000015,False,5.066694285121354
Bhayshul Tuten,rush_yds,99.5,,750,7.5,37.7,1.7,,jax_den,65.0,False,,29.149957663703482,1.7000000000000015,False,5.066694285121354
Rashod Bateman,rec_yds,69.5,,320,3.2,22.7,1.7,,no_bal,88.0,True,,22.074725221057005,1.7000000000000015,False,5.066694285121354
Denzel Boston,rec_yds,99.5,,1260,12.6,30.4,1.7,,cle_tb,95.0,False,,32.5932374524581,1.7000000000000015,False,5.066694285121354
Jacory Croskey-Merritt,rush_yds,124.5,,1280,12.8,50.2,1.7,,was_dal,43.0,False,,35.04598469924221,1.7000000000000015,False,5.066694285121354
J.K. Dobbins,rush_yds,124.5,,1100,11.0,55.3,1.7,,jax_den,36.0,False,,32.64040566874241,1.7000000000000015,False,5.066694285121354
Travis Kelce,rec,7.5,,880,8.8,3.9,1.7,,ind_kc,9.0,True,,1.6980557862351544,1.7000000000000015,False,5.066694285121354
Christian Watson,rec,8.5,,1400,14.0,3.2,1.6,,gb_nyj,4.0,False,,2.4715415733887522,1.6000000000000014,False,4.929910334861964
Brian Robinson,rush_yds,59.5,,630,6.3,20.2,1.5,,car_atl,51.0,False,,18.10984482763489,1.5000000000000013,False,4.790021551413237
Jordan Love,pass_yds,374.5,,1200,12.0,215.9,1.5,,gb_nyj,145.0,False,,73.08451373188025,1.5000000000000013,False,4.790021551413237
Jayden Daniels,pass_yds,349.5,,1280,12.8,199.1,1.5,,was_dal,96.0,False,,69.30586926402769,1.5000000000000013,False,4.790021551413237
Jalen Coker,rec_yds,99.5,,630,6.3,33.1,1.5,,car_atl,66.0,False,,30.597803983586694,1.5000000000000013,False,4.790021551413237
Cooper Kupp,rec_yds,79.5,,1200,12.0,31.0,1.5,,sea_ari,20.0,False,,22.349299596445096,1.5000000000000013,False,4.790021551413237
Pat Freiermuth,rec_yds,59.5,,430,4.3,21.3,1.5,,pit_ne,32.0,False,,17.602953496581502,1.5000000000000013,False,4.790021551413237
Kayshon Boutte,rec_yds,109.5,,1260,12.6,36.7,1.5,,cin_hou,37.0,False,,33.54698990971553,1.5000000000000013,False,4.790021551413237
Josh Downs,rec_yds,99.5,,1100,11.0,36.6,1.5,,ind_kc,72.0,False,,28.984967930234983,1.5000000000000013,False,4.790021551413237
Hunter Henry,rec_yds,109.5,,1400,14.0,36.5,1.4,,pit_ne,40.0,False,,33.222797344965855,1.4000000000000012,False,4.6466724265600945
Mark Andrews,rec,8.5,,1200,12.0,3.5,1.4,,no_bal,6.0,False,,2.275534064723689,1.4000000000000012,False,4.646672426560105
Adonai Mitchell,rec_yds,99.5,,1100,11.0,23.8,1.4,,gb_nyj,63.0,False,,34.45158573991665,1.4000000000000012,False,4.646672426560105
Chuba Hubbard,rush_yds,109.5,,750,7.5,36.9,1.4,,car_atl,53.0,False,,33.04075461978796,1.4000000000000012,False,4.646672426560105
Aaron Jones,rush_yds,99.5,,410,4.1,39.8,1.4,,min_chi,105.0,True,,27.169876732800848,1.4000000000000012,False,4.646672426560105
Jaylen Warren,rush_yds,99.5,,1000,10.0,36.1,1.3,,pit_ne,43.0,False,,28.47887198954397,1.3000000000000012,False,4.499438999736816
Javonte Williams,rush_yds,149.5,,1100,11.0,55.8,1.3,,was_dal,30.0,False,,42.08943699401057,1.3000000000000012,False,4.499438999736816
Tyjae Spears,rec_yds,49.5,,880,8.8,13.2,1.3,,phi_ten,29.0,False,,16.305726391489685,1.3000000000000012,False,4.499438999736816
Dalton Schultz,rec,8.5,,630,6.3,3.9,1.3,,cin_hou,12.0,True,,2.066290396717701,1.3000000000000012,False,4.499438999736816
Rhamondre Stevenson,rec_yds,59.5,,1200,12.0,19.6,1.3,,pit_ne,3.0,False,,17.92282322370354,1.3000000000000012,False,4.499438999736816
Xavier Hutchinson,rec_yds,89.5,,880,8.8,23.7,1.3,,cin_hou,37.0,False,,29.556936544353203,1.3000000000000012,False,4.499438999736816
Rhamondre Stevenson,rush_yds,99.5,,880,8.8,35.0,1.3,,pit_ne,43.0,False,,28.9729849104982,1.3000000000000012,False,4.499438999736816
Christian McCaffrey,rec_yds,79.5,,630,6.3,26.0,1.2,,mia_sf,43.0,False,,23.702674594594534,1.200000000000001,False,4.3478091931245855
Cole Kmet,rec_yds,49.5,,920,9.2,15.3,1.2,,min_chi,0.0,False,,15.151990114675385,1.200000000000001,False,4.3478091931245855
Rashid Shaheed,rec,5.5,,1500,15.0,2.1,1.2,,sea_ari,3.0,False,,1.5063381985349797,1.200000000000001,False,4.3478091931245855
Drake Maye,pass_yds,349.5,,1280,12.8,194.7,1.2,,pit_ne,208.0,False,,68.58269209800437,1.200000000000001,False,4.3478091931245855
Kayshon Boutte,rec,6.5,,850,8.5,2.6,1.2,,cin_hou,3.0,False,,1.7278585218489473,1.200000000000001,False,4.3478091931245855
Xavier Worthy,rec,6.5,,850,8.5,2.7,1.1,,ind_kc,5.0,False,,1.6591221160324572,1.100000000000001,False,4.191155306213146
Ryan Flournoy,rec_yds,99.5,,1700,17.0,32.4,1.1,,was_dal,23.0,False,,29.29660368046786,1.100000000000001,False,4.191155306213146
Dallas Goedert,rec,8.5,,1700,17.0,3.8,1.1,,phi_ten,1.0,False,,2.05207209088225,1.100000000000001,False,4.191155306213146
Bijan Robinson,rec_yds,89.5,,750,7.5,28.6,1.1,,car_atl,9.0,False,,26.58961496483596,1.100000000000001,False,4.191155306213146
T.J. Hockenson,rec_yds,89.5,,1500,15.0,29.9,1.0,,min_chi,29.0,False,,25.619556157126,1.0000000000000009,False,4.028694503355301
DK Metcalf,rec,8.5,,920,9.2,3.8,1.0,,pit_ne,4.0,False,,2.0203341264847685,1.0000000000000009,False,4.028694503355301
Jaylin Noel,rec_yds,79.5,,1000,10.0,25.0,1.0,,cin_hou,31.0,False,,23.427278700727634,1.0000000000000009,False,4.028694503355301
Matthew Golden,rec,7.5,,880,8.8,2.3,1.0,,gb_nyj,4.0,False,,2.235263288876765,1.0000000000000009,False,4.028694503355301
Xavier Hutchinson,rec,7.5,,1280,12.8,2.3,1.0,,cin_hou,3.0,False,,2.235263288876765,1.0000000000000009,False,4.028694503355301
Darnell Washington,rec_yds,39.5,,630,6.3,12.9,1.0,,pit_ne,7.0,False,,11.434231439254221,1.0000000000000009,False,4.028694503355301
Trey McBride,rec,12.5,,1500,15.0,6.3,1.0,,sea_ari,8.0,False,,2.6651216136607583,1.0000000000000009,False,4.028694503355301
Xavier Worthy,rec_yds,99.5,,1100,11.0,32.4,1.0,,ind_kc,25.0,False,,28.843493593005945,1.0000000000000009,False,4.028694503355301
Travis Kelce,rec_yds,109.5,,1280,12.8,42.2,1.0,,ind_kc,101.0,False,,28.929465257962747,1.0000000000000009,False,4.028694503355301
Tyler Warren,rec,9.5,,1260,12.6,4.5,1.0,,ind_kc,6.0,False,,2.149291623919966,1.0000000000000009,False,4.028694503355301
Roman Wilson,rec_yds,49.5,,205,2.05,13.2,0.9,,pit_ne,28.0,False,,15.344826617522113,0.9000000000000008,False,3.859430244221951
Justin Herbert,rush_yds,59.5,,1400,14.0,18.8,0.9,,lv_lac,2.0,False,,17.20480560146419,0.9000000000000008,False,3.859430244221951
Rhamondre Stevenson,rec,6.5,,1100,11.0,2.3,0.9,,pit_ne,1.0,False,,1.7754344846719803,0.9000000000000008,False,3.859430244221951
Stefon Diggs,rec_yds,124.5,,1500,15.0,50.3,0.9,,was_dal,47.0,False,,31.366009229204984,0.9000000000000008,False,3.859430244221951
Keenan Allen,rec,6.5,,580,5.8,3.1,0.9,,ind_kc,1.0,False,,1.437256487591603,0.9000000000000008,False,3.859430244221951
Jonathan Taylor,rec_yds,49.5,,750,7.5,12.9,0.9,,ind_kc,40.0,False,,15.471643366427257,0.9000000000000008,False,3.859430244221951
Matthew Golden,rec_yds,99.5,,700,7.0,25.3,0.9,,gb_nyj,58.0,False,,31.366009229204984,0.9000000000000008,False,3.859430244221951
Josh Oliver,rec_yds,29.5,,300,3.0,7.1,0.9,,min_chi,24.0,False,,9.46898391825056,0.9000000000000008,False,3.859430244221951
Keenan Allen,rec_yds,89.5,,1700,17.0,34.6,0.8,,ind_kc,5.0,False,,22.790338206487583,0.8000000000000007,False,3.682062154723531
David Njoku,rec_yds,69.5,,920,9.2,21.9,0.8,,lv_lac,9.0,False,,19.75992893677248,0.8000000000000007,False,3.682062154723531
Christian Watson,rec_yds,149.5,,1500,15.0,46.5,0.8,,gb_nyj,41.0,False,,42.757829422007674,0.8000000000000007,False,3.682062154723531
Josh Downs,rec,7.5,,850,8.5,3.4,0.8,,ind_kc,7.0,False,,1.7020106857304025,0.8000000000000007,False,3.682062154723531
Rashod Bateman,rec,4.5,,350,3.5,1.6,0.8,,no_bal,7.0,True,,1.2038612167361384,0.8000000000000007,False,3.682062154723531
T.J. Hockenson,rec,6.5,,630,6.3,2.9,0.8,,min_chi,3.0,False,,1.4944484069827926,0.8000000000000007,False,3.682062154723531
Dontayvion Wicks,rec,3.5,,205,2.05,1.2,0.8,,phi_ten,5.0,True,,0.9547864822390062,0.8000000000000007,False,3.682062154723531
Mark Andrews,rec_yds,124.5,,1500,15.0,43.3,0.8,,no_bal,49.0,False,,33.70811406861188,0.8000000000000007,False,3.682062154723531
Cooper Kupp,rec,5.5,,1200,12.0,2.5,0.8,,sea_ari,2.0,False,,1.2453736724856603,0.8000000000000007,False,3.682062154723531
Denzel Boston,rec_yds,109.5,,1700,17.0,30.4,0.8,,cle_tb,95.0,False,,32.83635249787191,0.8000000000000007,False,3.682062154723531
Cam Ward,rush_yds,29.5,,580,5.8,9.1,0.7,,phi_ten,7.0,False,,8.301918337819894,0.7000000000000006,False,3.4948408791245833
Bijan Robinson,rec,10.5,,1280,12.8,3.8,0.7,,car_atl,3.0,False,,2.7266104344800635,0.7000000000000006,False,3.4948408791245833
Kenneth Walker III,rec_yds,59.5,,880,8.8,13.7,0.7,,ind_kc,61.0,True,,18.638620581968194,0.7000000000000006,False,3.4948408791245833
Bhayshul Tuten,rush_yds,109.5,,1000,10.0,37.7,0.7,,jax_den,65.0,False,,29.219496894875903,0.7000000000000006,False,3.4948408791245833
Emmett Johnson,rush_yds,29.5,,240,2.4,4.0,0.7,,ind_kc,15.0,False,,10.377397922274868,0.7000000000000006,False,3.4948408791245833
Wan'Dale Robinson,rec,9.5,,1700,17.0,4.4,0.7,,phi_ten,1.0,False,,2.0754795844549734,0.7000000000000006,False,3.4948408791245833
Michael Mayer,rec_yds,69.5,,320,3.2,20.3,0.7,,lv_lac,23.0,False,,20.02227363827151,0.7000000000000006,False,3.4948408791245833
Roman Wilson,rec,3.5,,154,1.54,1.1,0.7,,pit_ne,5.0,True,,0.9766962750376346,0.7000000000000006,False,3.4948408791245833
Antonio Williams,rec_yds,49.5,,310,3.1,8.1,0.7,,was_dal,24.0,False,,16.848010744399197,0.7000000000000006,False,3.4948408791245833
Jalen Coker,rec_yds,109.5,,880,8.8,33.1,0.6,,car_atl,66.0,False,,30.41226539039632,0.6000000000000005,False,3.2953207310547294
Braelon Allen,rush_yds,49.5,,430,4.3,12.2,0.6,,gb_nyj,7.0,False,,14.847873024368882,0.6000000000000005,False,3.2953207310547294
Jahan Dotson,rec,3.5,,520,5.2,1.1,0.6,,car_atl,2.0,False,,0.9553591222114026,0.6000000000000005,False,3.2953207310547294
Jahan Dotson,rec_yds,59.5,,880,8.8,13.3,0.6,,car_atl,11.0,False,,18.390663102569505,0.6000000000000005,False,3.2953207310547294
Josh Downs,rec_yds,109.5,,1500,15.0,36.6,0.6,,ind_kc,72.0,False,,29.01903333717136,0.6000000000000005,False,3.2953207310547294
Adonai Mitchell,rec_yds,109.5,,1400,14.0,23.8,0.6,,gb_nyj,63.0,False,,34.11428198896551,0.6000000000000005,False,3.2953207310547294
Jake Ferguson,rec,7.5,,1280,12.8,3.4,0.5,,was_dal,4.0,False,,1.5917203808308038,0.5000000000000004,False,3.0799065503153367
AJ Barner,rec,6.5,,1500,15.0,2.9,0.5,,sea_ari,1.0,False,,1.3976081392660717,0.5000000000000004,False,3.0799065503153367
David Njoku,rec,5.5,,640,6.4,2.2,0.5,,lv_lac,1.0,False,,1.2811407943272324,0.5000000000000004,False,3.0799065503153367
Germie Bernard,rec,2.5,,300,3.0,0.9,0.5,,pit_ne,4.0,True,,0.621159173007143,0.5000000000000004,False,3.0799065503153367
Michael Mayer,rec,6.5,,194,1.94,2.3,0.5,,lv_lac,3.0,False,,1.6305428291437503,0.5000000000000004,False,3.0799065503153367
Xavier Hutchinson,rec_yds,99.5,,1200,12.0,23.7,0.5,,cin_hou,37.0,False,,29.427415821213398,0.5000000000000004,False,3.0799065503153367
Jalen Coker,rec,7.5,,630,6.3,2.7,0.5,,car_atl,8.0,True,,1.8634775190214288,0.5000000000000004,False,3.0799065503153367
Rashod Bateman,rec_yds,79.5,,470,4.7,22.7,0.5,,no_bal,88.0,True,,22.051150641753573,0.5000000000000004,False,3.0799065503153367
Darren Waller,rec,5.5,,1400,14.0,1.5,0.5,,car_atl,3.0,False,,1.5528979325178573,0.5000000000000004,False,3.0799065503153367
Pat Freiermuth,rec,4.5,,210,2.1,2.0,0.5,,pit_ne,4.0,False,,0.9705612078236608,0.5000000000000004,False,3.0799065503153367
Jaylen Warren,rush_yds,109.5,,1400,14.0,36.1,0.5,,pit_ne,43.0,False,,28.495677061702686,0.5000000000000004,False,3.0799065503153367
Rhamondre Stevenson,rush_yds,109.5,,1200,12.0,35.0,0.5,,pit_ne,43.0,False,,28.922723993145095,0.5000000000000004,False,3.0799065503153367
Stefon Diggs,rec,9.5,,1280,12.8,4.3,0.5,,was_dal,5.0,False,,2.018767312273215,0.5000000000000004,False,3.0799065503153367
Aaron Jones,rush_yds,109.5,,580,5.8,39.8,0.5,,min_chi,105.0,False,,27.05924647412367,0.5000000000000004,False,3.0799065503153367
Chuba Hubbard,rush_yds,124.5,,1200,12.0,36.9,0.4,,car_atl,53.0,False,,33.030804746912814,0.40000000000000036,False,2.842939603023853
Dontayvion Wicks,rec_yds,59.5,,360,3.6,16.2,0.4,,phi_ten,74.0,True,,16.326870382891837,0.40000000000000036,False,2.842939603023853
Tyler Allgeier,rush_yds,69.5,,550,5.5,28.6,0.4,,sea_ari,10.0,False,,15.421916828181898,0.40000000000000036,False,2.842939603023853
Xavier Worthy,rec_yds,109.5,,1500,15.0,32.4,0.4,,ind_kc,25.0,False,,29.071632945056827,0.40000000000000036,False,2.842939603023853
Bijan Robinson,rec_yds,99.5,,1000,10.0,28.6,0.4,,car_atl,9.0,False,,26.73383626205615,0.40000000000000036,False,2.842939603023853
Tyquan Thornton,rec_yds,49.5,,550,5.5,12.0,0.4,,ind_kc,86.0,True,,14.139899292342816,0.40000000000000036,False,2.842939603023853
Cooper Kupp,rec_yds,89.5,,1500,15.0,31.0,0.4,,sea_ari,20.0,False,,22.058242896054793,0.40000000000000036,False,2.842939603023853
Matthew Golden,rec_yds,109.5,,920,9.2,25.3,0.4,,gb_nyj,58.0,False,,31.748787211073736,0.40000000000000036,False,2.842939603023853
Christian McCaffrey,rec_yds,89.5,,880,8.8,26.0,0.4,,mia_sf,43.0,False,,23.9435628017005,0.40000000000000036,False,2.842939603023853
Dalton Schultz,rec,9.5,,880,8.8,3.9,0.3,,cin_hou,12.0,True,,2.0380078377643938,0.30000000000000027,False,2.574585715891786
Rhamondre Stevenson,rec_yds,69.5,,1700,17.0,19.6,0.3,,pit_ne,3.0,False,,18.160105554364865,0.30000000000000027,False,2.574585715891786
Jaylin Noel,rec_yds,89.5,,1280,12.8,25.0,0.3,,cin_hou,31.0,False,,23.473483131393465,0.30000000000000027,False,2.574585715891786
Travis Kelce,rec,8.5,,1400,14.0,3.9,0.3,,ind_kc,9.0,True,,1.6740778667350378,0.30000000000000027,False,2.574585715891786
Kenneth Walker III,rush_yds,149.5,,880,8.8,60.3,0.3,,ind_kc,117.0,False,,32.46255341581856,0.30000000000000027,False,2.574585715891786
Brian Robinson,rush_yds,69.5,,920,9.2,20.2,0.3,,car_atl,51.0,False,,17.941747571747253,0.30000000000000027,False,2.574585715891786
Pat Freiermuth,rec_yds,69.5,,700,7.0,21.3,0.3,,pit_ne,32.0,False,,17.541424603614963,0.30000000000000027,False,2.574585715891786
Matthew Golden,rec,8.5,,1500,15.0,2.3,0.3,,gb_nyj,4.0,False,,2.2563658203820074,0.30000000000000027,False,2.574585715891786
Josh Oliver,rec,2.5,,280,2.8,0.8,0.3,,min_chi,1.0,False,,0.6186809507499053,0.30000000000000027,False,2.574585715891786
Brock Purdy,rush_yds,49.5,,1500,15.0,13.8,0.2,,mia_sf,30.0,False,,12.403750461646887,0.20000000000000018,False,2.2548220878240266
Tommy Tremble,rec_yds,39.5,,640,6.4,8.1,0.2,,car_atl,4.0,False,,10.909741302400901,0.20000000000000018,False,2.2548220878240266
Kayshon Boutte,rec,7.5,,1280,12.8,2.6,0.2,,cin_hou,3.0,False,,1.7024755535593765,0.20000000000000018,False,2.2548220878240266
Xavier Hutchinson,rec_yds,109.5,,1500,15.0,23.7,0.2,,cin_hou,37.0,False,,29.810694386815204,0.20000000000000018,False,2.2548220878240266
Antonio Williams,rec,4.5,,580,5.8,1.0,0.2,,was_dal,3.0,False,,1.216053966828126,0.20000000000000018,False,2.2548220878240266
Xavier Worthy,rec,7.5,,1280,12.8,2.7,0.2,,ind_kc,5.0,False,,1.6677311545071443,0.20000000000000018,False,2.2548220878240266
Jaylin Noel,rec,6.5,,1260,12.6,2.4,0.2,,cin_hou,1.0,False,,1.424520361141519,0.20000000000000018,False,2.2548220878240266
Tommy Tremble,rec,3.5,,550,5.5,1.1,0.2,,car_atl,1.0,False,,0.8338655772535721,0.20000000000000018,False,2.2548220878240266
David Njoku,rec_yds,79.5,,1400,14.0,21.9,0.2,,lv_lac,9.0,False,,20.012773854085733,0.20000000000000018,False,2.2548220878240266
Michael Mayer,rec_yds,79.5,,520,5.2,20.3,0.2,,lv_lac,23.0,False,,20.568684238921445,0.20000000000000018,False,2.2548220878240266
Kalif Raymond,rec_yds,49.5,,390,3.9,12.4,0.2,,min_chi,40.0,False,,12.890172048378137,0.20000000000000018,False,2.2548220878240266
Darnell Washington,rec,3.5,,490,4.9,1.3,0.2,,pit_ne,1.0,False,,0.7643767791491078,0.20000000000000018,False,2.2548220878240266
DK Metcalf,rec_yds,149.5,,1700,17.0,53.4,0.2,,pit_ne,27.0,False,,33.389367489195116,0.20000000000000018,False,2.2548220878240266
DK Metcalf,rec,9.5,,1400,14.0,3.8,0.2,,pit_ne,4.0,False,,1.980430745977234,0.20000000000000018,False,2.2548220878240266
Germie Bernard,rec_yds,39.5,,370,3.7,8.9,0.1,,pit_ne,35.0,False,,,,,
Matthew Golden,rec_yds,124.5,,1400,14.0,25.3,0.1,,gb_nyj,58.0,False,,,,,
Bhayshul Tuten,rush_yds,124.5,,1500,15.0,37.7,0.1,,jax_den,65.0,False,,,,,
Aaron Jones,rush_yds,124.5,,880,8.8,39.8,0.1,,min_chi,105.0,False,,,,,
Dontayvion Wicks,rec_yds,69.5,,520,5.2,16.2,0.1,,phi_ten,74.0,True,,,,,
Gunnar Helm,rec,4.5,,300,3.0,1.9,0.1,,phi_ten,2.0,False,,,,,
Dalton Schultz,rec,10.5,,1260,12.6,3.9,0.1,,cin_hou,12.0,True,,,,,
Jalen Coker,rec_yds,124.5,,1280,12.8,33.1,0.1,,car_atl,66.0,False,,,,,
Christian McCaffrey,rec_yds,99.5,,1200,12.0,26.0,0.1,,mia_sf,43.0,False,,,,,
Brian Robinson,rush_yds,79.5,,1280,12.8,20.2,0.1,,car_atl,51.0,False,,,,,
Braelon Allen,rush_yds,59.5,,700,7.0,12.2,0.1,,gb_nyj,7.0,False,,,,,
Tyler Allgeier,rush_yds,79.5,,800,8.0,28.6,0.1,,sea_ari,10.0,False,,,,,
Josh Downs,rec,8.5,,1280,12.8,3.4,0.1,,ind_kc,7.0,False,,,,,
Kenneth Walker III,rec_yds,69.5,,1260,12.6,13.7,0.1,,ind_kc,61.0,False,,,,,
Michael Mayer,rec,7.5,,320,3.2,2.3,0.1,,lv_lac,3.0,False,,,,,
Jonathan Taylor,rec_yds,59.5,,1200,12.0,12.9,0.1,,ind_kc,40.0,False,,,,,
T.J. Hockenson,rec,7.5,,1000,10.0,2.9,0.1,,min_chi,3.0,False,,,,,
Keenan Allen,rec,7.5,,920,9.2,3.1,0.1,,ind_kc,1.0,False,,,,,
Bijan Robinson,rec_yds,109.5,,1400,14.0,28.6,0.1,,car_atl,9.0,False,,,,,
Jalen Coker,rec,8.5,,1000,10.0,2.7,0.1,,car_atl,8.0,False,,,,,
Roman Wilson,rec_yds,59.5,,320,3.2,13.2,0.1,,pit_ne,28.0,False,,,,,
Antonio Williams,rec_yds,59.5,,490,4.9,8.1,0.1,,was_dal,24.0,False,,,,,
Kalif Raymond,rec,3.5,,300,3.0,1.1,0.1,,min_chi,5.0,True,,,,,
Rashod Bateman,rec,5.5,,700,7.0,1.6,0.1,,no_bal,7.0,True,,,,,
Rashod Bateman,rec_yds,89.5,,640,6.4,22.7,0.1,,no_bal,88.0,False,,,,,
Keenan Allen,rec,8.5,,1500,15.0,3.1,0.0,,ind_kc,1.0,False,,,,,
Dontayvion Wicks,rec_yds,89.5,,1000,10.0,16.2,0.0,,phi_ten,74.0,False,,,,,
Michael Mayer,rec_yds,89.5,,750,7.5,20.3,0.0,,lv_lac,23.0,False,,,,,
T.J. Hockenson,rec,8.5,,1700,17.0,2.9,0.0,,min_chi,3.0,False,,,,,
Pat Freiermuth,rec_yds,89.5,,1500,15.0,21.3,0.0,,pit_ne,32.0,False,,,,,
Pat Freiermuth,rec_yds,79.5,,1000,10.0,21.3,0.0,,pit_ne,32.0,False,,,,,
Dontayvion Wicks,rec,6.5,,1500,15.0,1.2,0.0,,phi_ten,5.0,False,,,,,
Dontayvion Wicks,rec,5.5,,880,8.8,1.2,0.0,,phi_ten,5.0,False,,,,,
Dontayvion Wicks,rec,4.5,,450,4.5,1.2,0.0,,phi_ten,5.0,True,,,,,
Dontayvion Wicks,rec_yds,79.5,,750,7.5,16.2,0.0,,phi_ten,74.0,False,,,,,
Gunnar Helm,rec,6.5,,1100,11.0,1.9,0.0,,phi_ten,2.0,False,,,,,
Rashod Bateman,rec,6.5,,1200,12.0,1.6,0.0,,no_bal,7.0,True,,,,,
Dontayvion Wicks,rec_yds,99.5,,1280,12.8,16.2,0.0,,phi_ten,74.0,False,,,,,
David Njoku,rec,6.5,,1100,11.0,2.2,0.0,,lv_lac,1.0,False,,,,,
Roman Wilson,rec_yds,69.5,,490,4.9,13.2,0.0,,pit_ne,28.0,False,,,,,
Antonio Williams,rec_yds,89.5,,1400,14.0,8.1,0.0,,was_dal,24.0,False,,,,,
Germie Bernard,rec,3.5,,750,7.5,0.9,0.0,,pit_ne,4.0,True,,,,,
Kalif Raymond,rec,4.5,,640,6.4,1.1,0.0,,min_chi,5.0,True,,,,,
Antonio Williams,rec_yds,69.5,,700,7.0,8.1,0.0,,was_dal,24.0,False,,,,,
Antonio Williams,rec_yds,79.5,,1000,10.0,8.1,0.0,,was_dal,24.0,False,,,,,
Gunnar Helm,rec,5.5,,630,6.3,1.9,0.0,,phi_ten,2.0,False,,,,,
Tyquan Thornton,rec_yds,59.5,,800,8.0,12.0,0.0,,ind_kc,86.0,True,,,,,
Germie Bernard,rec_yds,59.5,,880,8.8,8.9,0.0,,pit_ne,35.0,False,,,,,
Roman Wilson,rec,4.5,,320,3.2,1.1,0.0,,pit_ne,5.0,True,,,,,
Roman Wilson,rec,5.5,,680,6.8,1.1,0.0,,pit_ne,5.0,False,,,,,
Kenneth Walker III,rush_yds,174.5,,1700,17.0,60.3,0.0,,ind_kc,117.0,False,,,,,
Emmett Johnson,rush_yds,49.5,,850,8.5,4.0,0.0,,ind_kc,15.0,False,,,,,
Emmett Johnson,rush_yds,39.5,,490,4.9,4.0,0.0,,ind_kc,15.0,False,,,,,
Michael Mayer,rec_yds,99.5,,1100,11.0,20.3,0.0,,lv_lac,23.0,False,,,,,
Tyler Allgeier,rush_yds,89.5,,1100,11.0,28.6,0.0,,sea_ari,10.0,False,,,,,
Tyler Allgeier,rush_yds,99.5,,1500,15.0,28.6,0.0,,sea_ari,10.0,False,,,,,
Roman Wilson,rec_yds,89.5,,920,9.2,13.2,0.0,,pit_ne,28.0,False,,,,,
Roman Wilson,rec_yds,79.5,,700,7.0,13.2,0.0,,pit_ne,28.0,False,,,,,
Kalif Raymond,rec_yds,59.5,,630,6.3,12.4,0.0,,min_chi,40.0,False,,,,,
Germie Bernard,rec_yds,49.5,,630,6.3,8.9,0.0,,pit_ne,35.0,False,,,,,
Kalif Raymond,rec_yds,69.5,,880,8.8,12.4,0.0,,min_chi,40.0,False,,,,,
Michael Mayer,rec,9.5,,880,8.8,2.3,0.0,,lv_lac,3.0,False,,,,,
Pat Freiermuth,rec,5.5,,410,4.1,2.0,0.0,,pit_ne,4.0,False,,,,,
Pat Freiermuth,rec,6.5,,750,7.5,2.0,0.0,,pit_ne,4.0,False,,,,,
Michael Mayer,rec_yds,109.5,,1500,15.0,20.3,0.0,,lv_lac,23.0,False,,,,,
Pat Freiermuth,rec,7.5,,1280,12.8,2.0,0.0,,pit_ne,4.0,False,,,,,
Michael Mayer,rec,10.5,,1280,12.8,2.3,0.0,,lv_lac,3.0,False,,,,,
Michael Mayer,rec,8.5,,550,5.5,2.3,0.0,,lv_lac,3.0,False,,,,,
Josh Oliver,rec,3.5,,680,6.8,0.8,0.0,,min_chi,1.0,False,,,,,
Josh Oliver,rec_yds,49.5,,880,8.8,7.1,0.0,,min_chi,24.0,False,,,,,
Josh Oliver,rec_yds,39.5,,550,5.5,7.1,0.0,,min_chi,24.0,False,,,,,
Jalen Coker,rec,9.5,,1500,15.0,2.7,0.0,,car_atl,8.0,False,,,,,
Antonio Williams,rec,5.5,,1100,11.0,1.0,0.0,,was_dal,3.0,False,,,,,
Rashod Bateman,rec_yds,99.5,,880,8.8,22.7,0.0,,no_bal,88.0,False,,,,,
Rashod Bateman,rec_yds,109.5,,1200,12.0,22.7,0.0,,no_bal,88.0,False,,,,,
Rashod Bateman,rec_yds,124.5,,1700,17.0,22.7,0.0,,no_bal,88.0,False,,,,,
Christian McCaffrey,rec_yds,109.5,,1500,15.0,26.0,0.0,,mia_sf,43.0,False,,,,,
